Record_ID,Indicator_Name,Source_Framework,NCF_Category,Policy_Sector,Indicator_Type,Units_Measure,Scope,Policy_Goal,Source_Reference,Data_Source,Climate_Score,Climate_Dependency,Climate_Rationale,Source_Organisation,GBF_Targets_Clean,Policy_Links
"  ▌  HEADLINE INDICATORS – Goals A, B, C, D and Targets 1–23",,CBD Global Biodiversity Framework (GBF),,,,,,,,,,,,,,
GBF-001,A.1 Red List of Ecosystems,CBD Global Biodiversity Framework (GBF),State – Habitats,Nature & Biodiversity,Headline,"Red List Index of Ecosystems (RLIe), 0–1 scale",Global,"GBF Goal A – ecosystem integrity (primary); also informs T1, T2, T3. Relevant to SDG 15.","CBD/COP/16/L.26/Rev.1 (26 February 2025); and CBD/SBSTTA/26/INF/14 (April 2024). Guidance on indicators of the KM-GBF monitoring framework. SBSTTA-26, Nairobi. https://www.cbd.int/doc/c/1e13/f20d/81cd8447744640bbd21e008f/cop-16-l-26-rev1-en.pdf",National RLE assessments; IUCN Global Ecosystem Typology v2.1; national land-cover/ecosystem maps,1,1 – Low,"Red List of Ecosystems: expert classification; climate is a threat criterion but no climate data enter the index (Legend 1, rule B).",CBD Secretariat / UNEP-WCMC,GBF-GoalA; GBF-T1; GBF-T2; GBF-T3,[INT-L-004]; [INT-P-006]
GBF-002,A.2 Extent of natural ecosystems,CBD Global Biodiversity Framework (GBF),State – Habitats,Nature & Biodiversity,Headline,Area (km²) of natural/semi-natural ecosystems by IUCN GET type; % change vs baseline,Global,"GBF Goal A – ecosystem integrity; also informs T1, T2, T3. Relevant to SDG 15.1 and SDG 6.6.","CBD/COP/16/L.26/Rev.1 (26 February 2025); and CBD/SBSTTA/26/INF/14 (April 2024). Guidance on indicators of the KM-GBF monitoring framework. SBSTTA-26, Nairobi. https://www.cbd.int/doc/c/1e13/f20d/81cd8447744640bbd21e008f/cop-16-l-26-rev1-en.pdf",National ecosystem maps (IUCN GET v2.1); ESA CCI / MODIS / Landsat; FAO FRA,1,1 – Low,"Extent from mapping or remote-sensing classification. Climate is a recognised long-run driver of change, but no climate data enter the area calculation and weather does not materially move the annual value (Legend 1, rule B).",CBD Secretariat / UNEP-WCMC,GBF-GoalA; GBF-T1; GBF-T2; GBF-T3,[INT-L-004]; [INT-P-006]
GBF-003,A.3 Red List Index,CBD Global Biodiversity Framework (GBF),State – Species,Nature & Biodiversity,Headline,"RLI, 0–1 scale; disaggregated by taxon and threat driver. Official SDG 15.5.1 (Tier 1).",Global,"GBF Goal A; also informs T4. Official SDG 15.5.1. Covers SDG 2.4, 2.5, 12.2, 13.1, 14.1–14.4, 15.1–15.8.","CBD/COP/16/L.26/Rev.1 (26 February 2025); and CBD/SBSTTA/26/INF/14 (April 2024). Guidance on indicators of the KM-GBF monitoring framework. SBSTTA-26, Nairobi. https://www.cbd.int/doc/c/1e13/f20d/81cd8447744640bbd21e008f/cop-16-l-26-rev1-en.pdf",IUCN Red List (https://www.iucnredlist.org); BirdLife International; SDG global database,1,1 – Low,"Aggregates IUCN Red List category changes. Climate change is a recognised threat driver, but assessments are expert status classifications: no climate data enter the calculation and weather does not move the annual value (Legend 1, rule B).",CBD Secretariat / UNEP-WCMC,GBF-GoalA; GBF-T4,[INT-L-004]; [INT-P-006]
GBF-004,A.4 Proportion of populations within species with an effective population size > 500,CBD Global Biodiversity Framework (GBF),State – Species,"Nature & Biodiversity | Governance, Society & Data",Headline,% of wildlife populations with Ne > 500; % of species with ≥1 population meeting criterion,Global,GBF Goal A – genetic diversity; also informs T4. Relevant to SDG 2.5.,"CBD/COP/16/L.26/Rev.1 (26 February 2025); and CBD/SBSTTA/26/INF/14 (April 2024). Guidance on indicators of the KM-GBF monitoring framework. SBSTTA-26, Nairobi. https://www.cbd.int/doc/c/1e13/f20d/81cd8447744640bbd21e008f/cop-16-l-26-rev1-en.pdf","IUCN Red List population data; genomic databases; Ne tools (NeEstimator, ONeSAMP); national monitoring",1,1 – Low,"Climate can reduce Ne via habitat fragmentation; data from surveys/genomics, not climate variables.",CBD Secretariat / UNEP-WCMC,GBF-GoalA; GBF-T4,[INT-L-004]; [INT-P-006]
GBF-005,B.1 Services provided by ecosystems,CBD Global Biodiversity Framework (GBF),Benefit,Nature & Biodiversity | Finance,Headline,Physical supply/use flow accounts for ecosystem services (SEEA EA); monetary valuation optional,Global,"GBF Goal B – NCPs (primary); also informs T11. Relevant to SDG 6, 14 and 15.","CBD/COP/16/L.26/Rev.1 (26 February 2025); and CBD/SBSTTA/26/INF/14 (April 2024). Guidance on indicators of the KM-GBF monitoring framework. SBSTTA-26, Nairobi. https://www.cbd.int/doc/c/1e13/f20d/81cd8447744640bbd21e008f/cop-16-l-26-rev1-en.pdf",National SEEA EA accounts; hydrological models; carbon inventories; IPBES NCP assessments; UNSD,2,2 – Medium,"Ecosystem service flows (carbon, water regulation, coastal protection) directly affected by climate change.",CBD Secretariat / UNEP-WCMC,GBF-GoalB; GBF-T11,[INT-L-004]; [INT-P-006]
GBF-006,C.1 Monetary benefits received under applicable ABS instruments,CBD Global Biodiversity Framework (GBF),Enabling,"Governance, Society & Data | Finance",Headline,USD million/year monetary benefits shared under ABS instruments (Nagoya Protocol etc.),Global,GBF Goal C – equitable benefit-sharing; also informs T13. Relevant to SDG 15.6.,"CBD/COP/16/L.26/Rev.1 (26 February 2025); and CBD/SBSTTA/26/INF/14 (April 2024). Guidance on indicators of the KM-GBF monitoring framework. SBSTTA-26, Nairobi. https://www.cbd.int/doc/c/1e13/f20d/81cd8447744640bbd21e008f/cop-16-l-26-rev1-en.pdf",CBD ABS Clearing-House (https://absch.cbd.int); OECD CRS; national reports to CBD,0,0 – None,Monetary ABS transactions from financial records; no climate data.,CBD Secretariat / UNEP-WCMC,GBF-GoalC; GBF-T13,[INT-L-004]; [INT-P-006]
GBF-007,C.2 Non-monetary benefits arising from applicable ABS instruments,CBD Global Biodiversity Framework (GBF),Enabling,"Urban & Buildings | Governance, Society & Data",Headline,"Count and typology of non-monetary benefits (technology transfer, capacity-building, joint research)",Global,GBF Goal C – equitable benefit-sharing; also informs T13. Relevant to SDG 15.6.,"CBD/COP/16/L.26/Rev.1 (26 February 2025); and CBD/SBSTTA/26/INF/14 (April 2024). Guidance on indicators of the KM-GBF monitoring framework. SBSTTA-26, Nairobi. https://www.cbd.int/doc/c/1e13/f20d/81cd8447744640bbd21e008f/cop-16-l-26-rev1-en.pdf",ABS Clearing-House; CBD national reports; Nagoya Protocol implementation reports; FAO ITPGRFA,0,0 – None,Non-monetary ABS from agreements; no climate data.,CBD Secretariat / UNEP-WCMC,GBF-GoalC; GBF-T13,[INT-L-004]; [INT-P-006]
GBF-008,D.1 International public finance for biodiversity (including ODA),CBD Global Biodiversity Framework (GBF),Enabling,Nature & Biodiversity | Finance,Headline,USD billion/year; international public finance for biodiversity (ODA/OOF Rio Markers; TOSSD),Global,GBF Goal D – means of implementation; also informs T19. Relevant to SDG 15.a and SDG 17.18.,"CBD/COP/16/L.26/Rev.1 (26 February 2025); and CBD/SBSTTA/26/INF/14 (April 2024). Guidance on indicators of the KM-GBF monitoring framework. SBSTTA-26, Nairobi. https://www.cbd.int/doc/c/1e13/f20d/81cd8447744640bbd21e008f/cop-16-l-26-rev1-en.pdf",OECD DAC CRS – Rio Markers; TOSSD database; CBD Finance Portal,0,0 – None,Financial flows from OECD reporting; no climate data.,CBD Secretariat / UNEP-WCMC,GBF-GoalD; GBF-T19,[INT-L-004]; [INT-P-006]
GBF-009,D.2 Domestic public finance for biodiversity,CBD Global Biodiversity Framework (GBF),Enabling,"Nature & Biodiversity | Finance | Governance, Society & Data",Headline,USD billion/year; domestic government expenditure on biodiversity and ecosystem conservation,Global,GBF Goal D – means of implementation; also informs T19. Relevant to SDG 15.a.,"CBD/COP/16/L.26/Rev.1 (26 February 2025); and CBD/SBSTTA/26/INF/14 (April 2024). Guidance on indicators of the KM-GBF monitoring framework. SBSTTA-26, Nairobi. https://www.cbd.int/doc/c/1e13/f20d/81cd8447744640bbd21e008f/cop-16-l-26-rev1-en.pdf",National government budget records; CBD Finance Portal; OECD environment expenditure statistics,0,0 – None,Domestic expenditure from national budget records; no climate data.,CBD Secretariat / UNEP-WCMC,GBF-GoalD; GBF-T19,[INT-L-004]; [INT-P-006]
GBF-010,D.3 Private finance for biodiversity (domestic and international),CBD Global Biodiversity Framework (GBF),Enabling,Nature & Biodiversity | Finance,Headline,USD billion/year; private financial flows for biodiversity conservation and sustainable use,Global,GBF Goal D – means of implementation; also informs T19. Relevant to SDG 17.14.,"CBD/COP/16/L.26/Rev.1 (26 February 2025); and CBD/SBSTTA/26/INF/14 (April 2024). Guidance on indicators of the KM-GBF monitoring framework. SBSTTA-26, Nairobi. https://www.cbd.int/doc/c/1e13/f20d/81cd8447744640bbd21e008f/cop-16-l-26-rev1-en.pdf",OECD CRS private finance; CBD Finance Portal; Bloomberg / MSCI ESG; green bond databases,0,0 – None,Private finance from investment databases; no climate data.,CBD Secretariat / UNEP-WCMC,GBF-GoalD; GBF-T19,[INT-L-004]; [INT-P-006]
GBF-011,1.1 Percentage of land and sea area covered by biodiversity-inclusive spatial plans,CBD Global Biodiversity Framework (GBF),Enabling,Nature & Biodiversity | Marine & Fisheries | Water,Headline,"% of national terrestrial, inland water and marine area under biodiversity-inclusive spatial plans",Global,GBF Target 1 – spatial planning (headline). Relevant to SDG 15.9. Metadata under further development (COP-16).,"CBD/COP/16/L.26/Rev.1 (26 February 2025); and CBD/SBSTTA/26/INF/14 (April 2024). Guidance on indicators of the KM-GBF monitoring framework. SBSTTA-26, Nairobi. https://www.cbd.int/doc/c/1e13/f20d/81cd8447744640bbd21e008f/cop-16-l-26-rev1-en.pdf",National spatial planning databases; biodiversity-inclusive plan registers; CBD national reporting portal,0,0 – None,Spatial plan coverage from governance records; climate considerations increasingly embedded in planning but coverage metric is not climate-derived.,CBD Secretariat / UNEP-WCMC,GBF-T1,[INT-L-004]; [INT-P-006]
GBF-012,2.1 Area under restoration,CBD Global Biodiversity Framework (GBF),Enabling,Nature & Biodiversity | Marine & Fisheries | Water,Headline,"Hectares of degraded terrestrial, freshwater and marine ecosystems under active or completed restoration, by ecosystem type",Global,GBF Target 2 – restore 30% of degraded ecosystems (headline). Relevant to SDG 15.3.1.,"CBD/COP/16/L.26/Rev.1 (26 February 2025); and CBD/SBSTTA/26/INF/14 (April 2024). Guidance on indicators of the KM-GBF monitoring framework. SBSTTA-26, Nairobi. https://www.cbd.int/doc/c/1e13/f20d/81cd8447744640bbd21e008f/cop-16-l-26-rev1-en.pdf",National restoration programme records; NBSAPs; FAO FRA; UNCCD national reports; IUCN Restoration Barometer,0,0 – None,"Area under restoration from programme records; no climate or weather data enter the calculation and weather does not move the value. Climate relevance of the subject is carried by Policy_Sector, not by this score (rule A). Aligned with [IND-B-133].",CBD Secretariat / UNEP-WCMC,GBF-T2,[INT-L-004]; [INT-P-006]
GBF-013,3.1 Coverage of protected areas and other effective area-based conservation measures,CBD Global Biodiversity Framework (GBF),Enabling,Nature & Biodiversity | Marine & Fisheries | Water,Headline,"% of terrestrial, inland water and marine areas under PA/OECM; disaggregated by ecosystem type, KBA and effectiveness. Official SDG 14.5.1 and SDG 15.1.2 (Tier 1).",Global,GBF Target 3 – 30×30 (headline). Official SDG 14.5.1 and SDG 15.1.2. Relevant to SDG 15.4.1.,"CBD/COP/16/L.26/Rev.1 (26 February 2025); and CBD/SBSTTA/26/INF/14 (April 2024). Guidance on indicators of the KM-GBF monitoring framework. SBSTTA-26, Nairobi. https://www.cbd.int/doc/c/1e13/f20d/81cd8447744640bbd21e008f/cop-16-l-26-rev1-en.pdf",WDPA (UNEP-WCMC / IUCN); WD-OECM; Protected Planet (https://www.protectedplanet.net); KBA database,0,0 – None,Coverage from WDPA/WD-OECM designation databases; no climate data.,CBD Secretariat / UNEP-WCMC,GBF-T3,[INT-L-004]; [INT-P-006]
GBF-014,5.1 Proportion of fish stocks within biologically sustainable levels,CBD Global Biodiversity Framework (GBF),State – Species,Marine & Fisheries,Headline,% of assessed marine fish stocks at biologically sustainable levels; official SDG 14.4.1 (Tier 1).,Global,GBF Target 5 – sustainable use of wild species (headline). Official SDG 14.4.1. Relevant to SDG 14.2.,"CBD/COP/16/L.26/Rev.1 (26 February 2025); and CBD/SBSTTA/26/INF/14 (April 2024). Guidance on indicators of the KM-GBF monitoring framework. SBSTTA-26, Nairobi. https://www.cbd.int/doc/c/1e13/f20d/81cd8447744640bbd21e008f/cop-16-l-26-rev1-en.pdf","FAO Fisheries Division; national fisheries authorities; RFMO stock assessments (ICES, CCAMLR, WCPFC)",2,2 – Medium,SST embedded in stock productivity and recruitment models; ocean warming alters sustainable yield reference points.,CBD Secretariat / UNEP-WCMC,GBF-T5,[INT-L-004]; [INT-P-006]
GBF-015,6.1 Rate of invasive alien species establishment,CBD Global Biodiversity Framework (GBF),Pressure,Nature & Biodiversity | Biosecurity,Headline,Rate of new IAS establishment events per year; cumulative established IAS count,Global,GBF Target 6 – eliminate and control IAS (headline). Relevant to SDG 15.8.,"CBD/COP/16/L.26/Rev.1 (26 February 2025); and CBD/SBSTTA/26/INF/14 (April 2024). Guidance on indicators of the KM-GBF monitoring framework. SBSTTA-26, Nairobi. https://www.cbd.int/doc/c/1e13/f20d/81cd8447744640bbd21e008f/cop-16-l-26-rev1-en.pdf",GRIIS (IUCN); GBIF; national IAS inventories; Seebens et al. alien species database,1,1 – Low,IAS primarily driven by trade/travel; climate warming facilitates establishment and expansion.,CBD Secretariat / UNEP-WCMC,GBF-T6,[INT-L-004]; [INT-P-006]
GBF-016,7.1 Index of coastal eutrophication (ICEP),CBD Global Biodiversity Framework (GBF),Pressure,Marine & Fisheries | Water | Pollution & Waste,Headline,ICEP: kg C/km²/day from riverine nutrient inputs to coast; subset of SDG 14.1.1,Global,GBF Target 7 – reduce nutrient pollution (headline). Subset SDG 14.1.1. Relevant to SDG 14.1 and SDG 6.3.,"CBD/COP/16/L.26/Rev.1 (26 February 2025); and CBD/SBSTTA/26/INF/14 (April 2024). Guidance on indicators of the KM-GBF monitoring framework. SBSTTA-26, Nairobi. https://www.cbd.int/doc/c/1e13/f20d/81cd8447744640bbd21e008f/cop-16-l-26-rev1-en.pdf",Global NEWS model; FAO fertiliser statistics; GEMS/Water; IOC-UNESCO / UN Environment,2,2 – Medium,Global NEWS uses precipitation-derived runoff as direct input; rainfall patterns control riverine nutrient transport.,CBD Secretariat / UNEP-WCMC,GBF-T7; GBF-T8,[INT-L-004]; [INT-P-006]
GBF-017,7.2 Pesticide environment concentration and/or aggregated total applied toxicity (ATAT),CBD Global Biodiversity Framework (GBF),Pressure,Biosecurity | Pollution & Waste,Headline,ATAT: hazard-weighted pesticide application intensity; and/or pesticide environment concentration (Parties choose),Global,GBF Target 7 – reduce pesticide pollution (headline; Parties choose reporting approach). Relevant to SDG 2.4.,"CBD/COP/16/L.26/Rev.1 (26 February 2025); and CBD/SBSTTA/26/INF/14 (April 2024). Guidance on indicators of the KM-GBF monitoring framework. SBSTTA-26, Nairobi. https://www.cbd.int/doc/c/1e13/f20d/81cd8447744640bbd21e008f/cop-16-l-26-rev1-en.pdf",FAO FAOSTAT; national pesticide databases; ECOTOX/PPDB ecotoxicology databases. Custodian: FAO.,0,0 – None,Pesticide application from agricultural statistics; no climate data; further metadata development in progress.,CBD Secretariat / UNEP-WCMC,GBF-T7,[INT-L-004]; [INT-P-006]
GBF-018,9.1 Benefits from the sustainable use of wild species,CBD Global Biodiversity Framework (GBF),Benefit,Nature & Biodiversity | Land Use & Agriculture | Health,Headline,"Composite sub-indicators on value of wild-sourced food, medicine, timber, recreation and cultural use; preliminary methodology",Global,GBF Target 9 – sustainable use benefits (headline). Metadata under further development (COP-16). Relevant to SDG 2.4.,"CBD/COP/16/L.26/Rev.1 (26 February 2025); and CBD/SBSTTA/26/INF/14 (April 2024). Guidance on indicators of the KM-GBF monitoring framework. SBSTTA-26, Nairobi. https://www.cbd.int/doc/c/1e13/f20d/81cd8447744640bbd21e008f/cop-16-l-26-rev1-en.pdf",FAO FishStat; FAOSTAT; CITES Trade Database; IPBES sustainability assessments,1,1 – Low,Harvest volumes tracked from economic statistics; climate affects wild species availability but statistics not directly climate-adjusted.,CBD Secretariat / UNEP-WCMC,GBF-T5; GBF-T9,[INT-L-004]; [INT-P-006]
GBF-019,9.2 Percentage of the population in traditional occupations reliant on wild species,CBD Global Biodiversity Framework (GBF),Benefit,"Nature & Biodiversity | Governance, Society & Data",Headline,% of national population in traditional occupations reliant on wild species; by gender and IPLC status,Global,GBF Target 9 – traditional occupations (headline). Relevant to SDG 8.3 and SDG 1.1.,"CBD/COP/16/L.26/Rev.1 (26 February 2025); and CBD/SBSTTA/26/INF/14 (April 2024). Guidance on indicators of the KM-GBF monitoring framework. SBSTTA-26, Nairobi. https://www.cbd.int/doc/c/1e13/f20d/81cd8447744640bbd21e008f/cop-16-l-26-rev1-en.pdf",National census/labour force surveys; FAO fishing/forestry employment; ILO employment databases,1,1 – Low,Traditional occupations disrupted by climate via altered fish stocks and seasonal patterns; measured from census data.,CBD Secretariat / UNEP-WCMC,GBF-T9; GBF-T22,[INT-L-004]; [INT-P-006]
GBF-020,10.1 Proportion of agricultural area under productive and sustainable agriculture,CBD Global Biodiversity Framework (GBF),Enabling,Land Use & Agriculture,Headline,% of agricultural area meeting environmental sustainability criteria; by farming system,Global,GBF Target 10 – sustainable agriculture and forestry (headline). Relevant to SDG 2.4.,"CBD/COP/16/L.26/Rev.1 (26 February 2025); and CBD/SBSTTA/26/INF/14 (April 2024). Guidance on indicators of the KM-GBF monitoring framework. SBSTTA-26, Nairobi. https://www.cbd.int/doc/c/1e13/f20d/81cd8447744640bbd21e008f/cop-16-l-26-rev1-en.pdf",FAO FAOSTAT; national agricultural censuses; agri-environment scheme data; organic/SAN certification databases,1,1 – Low,Sustainable agriculture area from certification records; climate creates demand for agri-environment schemes but area metric not climate-derived.,CBD Secretariat / UNEP-WCMC,GBF-T10,[INT-L-004]; [INT-P-006]
GBF-021,10.2 Progress towards sustainable forest management,CBD Global Biodiversity Framework (GBF),Enabling,Land Use & Agriculture | Climate,Headline,"Composite of 5 sub-indicators: forest area, growing stock, area under management plans, certified timber, forest carbon stocks",Global,GBF Target 10 – sustainable forestry (headline). Relevant to SDG 15.2 and SDG 13.1 (forests as carbon sinks).,"CBD/COP/16/L.26/Rev.1 (26 February 2025); and CBD/SBSTTA/26/INF/14 (April 2024). Guidance on indicators of the KM-GBF monitoring framework. SBSTTA-26, Nairobi. https://www.cbd.int/doc/c/1e13/f20d/81cd8447744640bbd21e008f/cop-16-l-26-rev1-en.pdf",FAO Global Forest Resources Assessment (FRA); FSC / PEFC certification databases; EU FLEGT,1,1 – Low,Forest area/growing stock partly affected by climate-driven fire and drought; sub-indicator 5 (forest carbon) has direct climate relevance.,CBD Secretariat / UNEP-WCMC,GBF-T10,[INT-L-004]; [INT-P-006]
GBF-022,12.1 Average share of built-up area of cities that is green or blue space for public use for all,CBD Global Biodiversity Framework (GBF),Benefit,Urban & Buildings,Headline,% of urban built-up area that is accessible public green or blue space; by city size class,Global,GBF Target 12 – urban green and blue spaces (headline). Relevant to SDG 11.7.,"CBD/COP/16/L.26/Rev.1 (26 February 2025); and CBD/SBSTTA/26/INF/14 (April 2024). Guidance on indicators of the KM-GBF monitoring framework. SBSTTA-26, Nairobi. https://www.cbd.int/doc/c/1e13/f20d/81cd8447744640bbd21e008f/cop-16-l-26-rev1-en.pdf",City land-use plans; high-resolution satellite imagery (Sentinel-2); UN-Habitat urban data,0,0 – None,"Green and blue space share from land-use mapping; no climate or weather data enter the calculation and weather does not move the value. Climate relevance of the subject is carried by Policy_Sector, not by this score (rule A). Aligned with [IND-J-065].",CBD Secretariat / UNEP-WCMC,GBF-T12,[INT-L-004]; [INT-P-006]
GBF-023,"15.1 Number of companies disclosing biodiversity-related risks, dependencies and impacts",CBD Global Biodiversity Framework (GBF),Enabling,Nature & Biodiversity,Headline,Count of companies that have assessed and disclosed biodiversity risks/dependencies/impacts; by sector,Global,GBF Target 15 – business assessment and disclosure (headline). Relevant to SDG 12.6 and SDG 17.14.,"CBD/COP/16/L.26/Rev.1 (26 February 2025); and CBD/SBSTTA/26/INF/14 (April 2024). Guidance on indicators of the KM-GBF monitoring framework. SBSTTA-26, Nairobi. https://www.cbd.int/doc/c/1e13/f20d/81cd8447744640bbd21e008f/cop-16-l-26-rev1-en.pdf",TNFD Disclosure database (https://tnfd.global); GRI Sustainability Disclosure Database; EU CSRD; CDP Nature,0,0 – None,Disclosure counts from reporting databases; no climate data.,CBD Secretariat / UNEP-WCMC,GBF-T15,[INT-L-004]; [INT-P-006]
GBF-024,18.1 Positive incentives in place to promote biodiversity conservation and sustainable use,CBD Global Biodiversity Framework (GBF),Enabling,Nature & Biodiversity | Finance,Headline,Number of positive incentives by type and sector; monetary value where available (USD billion/year),Global,"GBF Target 18 – eliminate harmful subsidies, scale up positive incentives (headline). Relevant to SDG 15.9 and SDG 15.a.","CBD/COP/16/L.26/Rev.1 (26 February 2025); and CBD/SBSTTA/26/INF/14 (April 2024). Guidance on indicators of the KM-GBF monitoring framework. SBSTTA-26, Nairobi. https://www.cbd.int/doc/c/1e13/f20d/81cd8447744640bbd21e008f/cop-16-l-26-rev1-en.pdf",OECD PINE database; CBD CHM national incentive databases; national budgets and tax policy records,0,0 – None,Positive incentive counts from administrative policy records; no climate data.,CBD Secretariat / UNEP-WCMC,GBF-T18,[INT-L-004]; [INT-P-006]
GBF-025,18.2 Value of subsidies and other incentives harmful to biodiversity,CBD Global Biodiversity Framework (GBF),Pressure,Nature & Biodiversity | Marine & Fisheries | Land Use & Agriculture,Headline,"USD billion/year of potentially harmful subsidies by sector (agriculture, fisheries, fossil fuels, infrastructure)",Global,"GBF Target 18 – eliminate harmful subsidies (headline). Relevant to SDG 15.9, SDG 2.4 and SDG 14.6.","CBD/COP/16/L.26/Rev.1 (26 February 2025); and CBD/SBSTTA/26/INF/14 (April 2024). Guidance on indicators of the KM-GBF monitoring framework. SBSTTA-26, Nairobi. https://www.cbd.int/doc/c/1e13/f20d/81cd8447744640bbd21e008f/cop-16-l-26-rev1-en.pdf",OECD PSE database; Global Fossil Fuel Subsidies database (IEA/OECD/IMF); Sumaila et al. fishing subsidy database,0,0 – None,Subsidy values from financial accounts and OECD statistics; no climate data.,CBD Secretariat / UNEP-WCMC,GBF-T18,[INT-L-004]; [INT-P-006]
GBF-026,21.1 Indicator on biodiversity information for monitoring the KM-GBF,CBD Global Biodiversity Framework (GBF),Enabling,Nature & Biodiversity,Headline,"Composite index of data availability, quality and coverage for biodiversity monitoring",Global,GBF Target 21 – knowledge and data for decision-making (headline). Relevant to SDG 17.18.,"CBD/COP/16/L.26/Rev.1 (26 February 2025); and CBD/SBSTTA/26/INF/14 (April 2024). Guidance on indicators of the KM-GBF monitoring framework. SBSTTA-26, Nairobi. https://www.cbd.int/doc/c/1e13/f20d/81cd8447744640bbd21e008f/cop-16-l-26-rev1-en.pdf",GBIF (https://www.gbif.org); GEO BON EBVs; national biodiversity monitoring capacity assessments; CBD CHM,0,0 – None,Biodiversity data availability index from database statistics; no climate data.,CBD Secretariat / UNEP-WCMC,GBF-T21,[INT-L-004]; [INT-P-006]
GBF-027,22 Land-use change and land tenure in traditional territories of indigenous peoples and local communities,CBD Global Biodiversity Framework (GBF),State – Habitats,"Land Use & Agriculture | Governance, Society & Data",Headline,Area and rate of land-use change; proportion of traditional territories with secure tenure; methodology under development (COP-16),Global,GBF Target 22 – IPLC rights (headline; under development). Relevant to SDG 15.1 and SDG 16.7.,"CBD/COP/16/L.26/Rev.1 (26 February 2025); and CBD/SBSTTA/26/INF/14 (April 2024). Guidance on indicators of the KM-GBF monitoring framework. SBSTTA-26, Nairobi. https://www.cbd.int/doc/c/1e13/f20d/81cd8447744640bbd21e008f/cop-16-l-26-rev1-en.pdf",National cadastral and land tenure data; remote sensing; IPLC territory registers; CBD national reporting,1,1 – Low,"Land-use change in IPLC territories partly driven by climate pressures (fire, drought); tenure data from administrative records.",CBD Secretariat / UNEP-WCMC,GBF-T22,[INT-L-004]; [INT-P-006]
  ▌  BINARY INDICATORS – Governance progress scores (0–5 scale per CBD COP-16 Annex III questions),,CBD Global Biodiversity Framework (GBF),,,,,,,,,,,,,,
GBF-028,"B.b Number of countries with policies or actions for implementing and monitoring the sustainable use of biodiversity and the maintenance and enhancement of nature's contributions to people, including ecosystem functions and services",CBD Global Biodiversity Framework (GBF),Enabling,"Nature & Biodiversity | Governance, Society & Data",Binary,Binary governance progress score (0–5) based on 4 questions on: NCP policies; sustainable use policies; monitoring of sustainable use; monitoring of NCPs,Global,GBF Goal B / T9 (binary). Tracks governance of sustainable use and NCPs. Relevant to SDG 15.9.,"CBD/COP/16/L.26/Rev.1 (26 February 2025); and CBD/SBSTTA/26/INF/14 (April 2024). Guidance on indicators of the KM-GBF monitoring framework. SBSTTA-26, Nairobi. https://www.cbd.int/doc/c/1e13/f20d/81cd8447744640bbd21e008f/cop-16-l-26-rev1-en.pdf",CBD national reporting portal; NBSAPs; national NCP monitoring reports,0,0 – None,Binary governance indicator; answered from policy documents; no climate data.,CBD Secretariat / UNEP-WCMC,GBF-GoalB; GBF-T9,[INT-L-004]; [INT-P-006]
GBF-029,"1.b Number of countries using participatory, integrated and biodiversity-inclusive spatial planning and/or effective management processes addressing land- and sea-use change to bring loss of areas of high biodiversity importance close to zero by 2030",CBD Global Biodiversity Framework (GBF),Enabling,Nature & Biodiversity | Marine & Fisheries | Water,Binary,Binary governance progress score (0–5) based on questions on: biodiversity-inclusive spatial plans for terrestrial/inland water/marine; participatory process,Global,GBF Target 1 – spatial planning (binary). Relevant to SDG 15.9.,"CBD/COP/16/L.26/Rev.1 (26 February 2025); and CBD/SBSTTA/26/INF/14 (April 2024). Guidance on indicators of the KM-GBF monitoring framework. SBSTTA-26, Nairobi. https://www.cbd.int/doc/c/1e13/f20d/81cd8447744640bbd21e008f/cop-16-l-26-rev1-en.pdf",CBD national reporting portal; national spatial plans; EIA/SEA legislation databases,0,0 – None,Binary governance indicator; answered from policy documents; no climate data.,CBD Secretariat / UNEP-WCMC,GBF-T1,[INT-L-004]; [INT-P-006]
GBF-030,5.b Number of countries with legal instruments or other policy frameworks for regulating trade in wild species,CBD Global Biodiversity Framework (GBF),Enabling,Nature & Biodiversity | Marine & Fisheries | Water,Binary,"Binary governance progress score (0–5) based on 1 question with 5 sub-options: legal instruments for terrestrial, freshwater, marine and international trade in wild species",Global,GBF Target 5 – sustainable trade governance (binary). Relevant to SDG 15.7 and SDG 15.5.,"CBD/COP/16/L.26/Rev.1 (26 February 2025); and CBD/SBSTTA/26/INF/14 (April 2024). Guidance on indicators of the KM-GBF monitoring framework. SBSTTA-26, Nairobi. https://www.cbd.int/doc/c/1e13/f20d/81cd8447744640bbd21e008f/cop-16-l-26-rev1-en.pdf",CBD national reporting portal; national wildlife trade legislation; CITES national reports,0,0 – None,Binary governance indicator; answered from legislative records; no climate data.,CBD Secretariat / UNEP-WCMC,GBF-T5,[INT-L-004]; [INT-P-006]
GBF-031,"6.b Number of countries adopting relevant regulations, processes and measures to reduce the impact of invasive alien species",CBD Global Biodiversity Framework (GBF),Enabling,"Nature & Biodiversity | Biosecurity | Governance, Society & Data",Binary,Binary governance progress score (0–5) based on 3 questions on: regulations for IAS reduction; measures to prevent IAS introduction; measures to eradicate or control IAS,Global,GBF Target 6 – IAS governance (binary). Relevant to SDG 15.8.,"CBD/COP/16/L.26/Rev.1 (26 February 2025); and CBD/SBSTTA/26/INF/14 (April 2024). Guidance on indicators of the KM-GBF monitoring framework. SBSTTA-26, Nairobi. https://www.cbd.int/doc/c/1e13/f20d/81cd8447744640bbd21e008f/cop-16-l-26-rev1-en.pdf",CBD national reporting portal; InforMEA IAS legislation database; IUCN ISSG,0,0 – None,Binary governance indicator; answered from policy documents; no climate data.,CBD Secretariat / UNEP-WCMC,GBF-T6,[INT-L-004]; [INT-P-006]
GBF-032,8.b Number of countries with policies to minimize the impact of climate change and ocean acidification on biodiversity and to minimize negative and foster positive impacts of climate action on biodiversity,CBD Global Biodiversity Framework (GBF),Enabling,Nature & Biodiversity | Marine & Fisheries | Climate,Binary,"Binary governance progress score (0–5) based on 9 questions covering: NBSAP climate/OA actions; climate policies addressing biodiversity; monitoring; types of action (mitigation, adaptation, DRR, NbS); minimising negative/positive climate-action impacts",Global,GBF Target 8 – climate change governance for biodiversity (binary). Directly tracks climate-biodiversity governance nexus. Relevant to SDG 13.2.,"CBD/COP/16/L.26/Rev.1 (26 February 2025); and CBD/SBSTTA/26/INF/14 (April 2024). Guidance on indicators of the KM-GBF monitoring framework. SBSTTA-26, Nairobi. https://www.cbd.int/doc/c/1e13/f20d/81cd8447744640bbd21e008f/cop-16-l-26-rev1-en.pdf",CBD national reporting portal; UNFCCC NDC registry; national NBSAPs,0,0 – None,"Binary governance indicator: countries with policies to minimise climate impacts on biodiversity, answered from policy documents. no climate or weather data enter the calculation and weather does not move the value. Climate relevance of the subject is carried by Policy_Sector, not by this score (rule A).",CBD Secretariat / UNEP-WCMC,GBF-T8; GBF-T9,[INT-L-004]; [INT-P-006]
GBF-033,"9.b Number of countries with policies to manage use of wild species sustainably, providing social, economic and environmental benefits for people, and to protect and encourage customary sustainable use by indigenous peoples and local communities",CBD Global Biodiversity Framework (GBF),Enabling,"Nature & Biodiversity | Governance, Society & Data",Binary,Binary governance progress score (0–5) based on 4 questions on: legal instruments for sustainable use; monitoring; monitoring benefits; IPLC customary use,Global,GBF Target 9 – sustainable wild species use governance (binary). Relevant to SDG 15.7 and SDG 15.5.,"CBD/COP/16/L.26/Rev.1 (26 February 2025); and CBD/SBSTTA/26/INF/14 (April 2024). Guidance on indicators of the KM-GBF monitoring framework. SBSTTA-26, Nairobi. https://www.cbd.int/doc/c/1e13/f20d/81cd8447744640bbd21e008f/cop-16-l-26-rev1-en.pdf",CBD national reporting portal; CITES national reports; national fisheries/wildlife legislation,0,0 – None,Binary governance indicator; answered from policy documents; no climate data.,CBD Secretariat / UNEP-WCMC,GBF-T5; GBF-T9,[INT-L-004]; [INT-P-006]
GBF-034,12.b Number of countries with biodiversity-inclusive urban planning referring to green or blue urban spaces,CBD Global Biodiversity Framework (GBF),Enabling,"Nature & Biodiversity | Urban & Buildings | Governance, Society & Data",Binary,Binary governance progress score (0–5) based on 2 questions on: biodiversity-inclusive urban planning for conservation of green/blue space; for ecosystem services,Global,GBF Target 12 – urban biodiversity planning (binary). Relevant to SDG 11.7 and SDG 11.3.,"CBD/COP/16/L.26/Rev.1 (26 February 2025); and CBD/SBSTTA/26/INF/14 (April 2024). Guidance on indicators of the KM-GBF monitoring framework. SBSTTA-26, Nairobi. https://www.cbd.int/doc/c/1e13/f20d/81cd8447744640bbd21e008f/cop-16-l-26-rev1-en.pdf",CBD national reporting portal; UN-Habitat policy databases; city-level green infrastructure plans,0,0 – None,Binary governance indicator; answered from urban planning documents; no climate data.,CBD Secretariat / UNEP-WCMC,GBF-T12,[INT-L-004]; [INT-P-006]
GBF-035,"13.b Number of countries with effective legal, policy, administrative and capacity-building measures for fair and equitable sharing of benefits from genetic resources, DSI and associated traditional knowledge",CBD Global Biodiversity Framework (GBF),Enabling,"Urban & Buildings | Governance, Society & Data",Binary,Binary governance progress score (0–5) based on 7 questions on: ABS legal/admin measures; capacity-building for ABS; DSI measures; TK inclusion; monitoring monetary/non-monetary benefits; user-country measures,Global,GBF Goal C / Target 13 – ABS governance (binary). Relevant to SDG 15.6 and Nagoya Protocol.,"CBD/COP/16/L.26/Rev.1 (26 February 2025); and CBD/SBSTTA/26/INF/14 (April 2024). Guidance on indicators of the KM-GBF monitoring framework. SBSTTA-26, Nairobi. https://www.cbd.int/doc/c/1e13/f20d/81cd8447744640bbd21e008f/cop-16-l-26-rev1-en.pdf",CBD national reporting portal; ABS Clearing-House; ITPGRFA national reports; WIPO TK databases,0,0 – None,Binary governance indicator; answered from policy documents; no climate data.,CBD Secretariat / UNEP-WCMC,GBF-GoalC; GBF-T13,[INT-L-004]; [INT-P-006]
GBF-036,"14.b Number of countries integrating biodiversity and its multiple values into policies, regulations, planning, development processes, poverty eradication strategies and national accounts, progressively aligning fiscal and financial flows with GBF",CBD Global Biodiversity Framework (GBF),Enabling,"Nature & Biodiversity | Finance | Governance, Society & Data",Binary,Binary governance progress score (0–5) based on 5 questions on: biodiversity integration into policies; environmental-economic accounting; sectoral mainstreaming; aligning activities; aligning financial flows,Global,GBF Target 14 – mainstream biodiversity across sectors (binary). Relevant to SDG 15.9 and SDG 17.14.,"CBD/COP/16/L.26/Rev.1 (26 February 2025); and CBD/SBSTTA/26/INF/14 (April 2024). Guidance on indicators of the KM-GBF monitoring framework. SBSTTA-26, Nairobi. https://www.cbd.int/doc/c/1e13/f20d/81cd8447744640bbd21e008f/cop-16-l-26-rev1-en.pdf",CBD national reporting portal; sectoral ministry reports; NBSAP implementation reviews,0,0 – None,Binary governance indicator; answered from policy documents; no climate data.,CBD Secretariat / UNEP-WCMC,GBF-T14,[INT-L-004]; [INT-P-006]
GBF-037,"15.b Number of countries with legal, administrative or policy measures encouraging business and financial institutions to progressively reduce biodiversity impacts and promote sustainable production",CBD Global Biodiversity Framework (GBF),Enabling,"Nature & Biodiversity | Finance | Governance, Society & Data",Binary,Binary governance progress score (0–5) based on 5 questions on: mandatory biodiversity disclosure for large companies; consumer information measures; ABS compliance reporting; measures to reduce biodiversity impacts; monitoring progress,Global,GBF Target 15 – business and biodiversity governance (binary). Relevant to SDG 12.6 and SDG 17.14.,"CBD/COP/16/L.26/Rev.1 (26 February 2025); and CBD/SBSTTA/26/INF/14 (April 2024). Guidance on indicators of the KM-GBF monitoring framework. SBSTTA-26, Nairobi. https://www.cbd.int/doc/c/1e13/f20d/81cd8447744640bbd21e008f/cop-16-l-26-rev1-en.pdf",CBD national reporting portal; national securities regulators; OECD corporate governance databases,0,0 – None,Binary governance indicator; answered from regulatory documents; no climate data.,CBD Secretariat / UNEP-WCMC,GBF-T15,[INT-L-004]; [INT-P-006]
GBF-038,"16.b Number of countries developing, adopting or implementing policy instruments aimed at encouraging and enabling people to make sustainable consumption choices",CBD Global Biodiversity Framework (GBF),Enabling,"Land Use & Agriculture | Governance, Society & Data | Pollution & Waste",Binary,"Binary governance progress score (0–5) based on 3 questions on: frameworks for sustainable consumption; awareness/education; instruments reducing food waste, overconsumption and waste generation",Global,GBF Target 16 – sustainable consumption governance (binary). Relevant to SDG 12.1 and SDG 12.8.,"CBD/COP/16/L.26/Rev.1 (26 February 2025); and CBD/SBSTTA/26/INF/14 (April 2024). Guidance on indicators of the KM-GBF monitoring framework. SBSTTA-26, Nairobi. https://www.cbd.int/doc/c/1e13/f20d/81cd8447744640bbd21e008f/cop-16-l-26-rev1-en.pdf",CBD national reporting portal; national sustainable consumption policies; UNEP-DTIE databases,0,0 – None,Binary governance indicator; answered from policy documents; no climate data.,CBD Secretariat / UNEP-WCMC,GBF-T16,[INT-L-004]; [INT-P-006]
GBF-039,17.b Number of countries implementing biosafety measures (Article 8(g)) and biotechnology distribution measures (Article 19 of the Convention),CBD Global Biodiversity Framework (GBF),Enabling,"Biosecurity | Governance, Society & Data",Binary,Binary governance progress score (0–5) based on 6 questions on: Article 8(g) biosafety measures; implementation; Article 19 biotechnology participation; benefits access; risk assessments for LMOs; biosafety information access,Global,GBF Target 17 – biosafety governance (binary). Relevant to Cartagena Protocol and SDG 15.9.,"CBD/COP/16/L.26/Rev.1 (26 February 2025); and CBD/SBSTTA/26/INF/14 (April 2024). Guidance on indicators of the KM-GBF monitoring framework. SBSTTA-26, Nairobi. https://www.cbd.int/doc/c/1e13/f20d/81cd8447744640bbd21e008f/cop-16-l-26-rev1-en.pdf",CBD national reporting portal; Cartagena Protocol BCH; national biosafety legislation databases,0,0 – None,Binary governance indicator; answered from regulatory documents; no climate data.,CBD Secretariat / UNEP-WCMC,GBF-T17,[INT-L-004]; [INT-P-006]
GBF-040,"20.b Number of countries taking significant action to strengthen capacity-building, technology access and transfer, and scientific cooperation",CBD Global Biodiversity Framework (GBF),Enabling,"Nature & Biodiversity | Urban & Buildings | Governance, Society & Data",Binary,Binary governance progress score (0–5) based on 5 questions on: biodiversity capacity-building plans; inclusive participation measures; national capacity self-assessment; IPLC capacity needs assessment; South-South/North-South/triangular partnerships,Global,GBF Target 20 – capacity-building and technology transfer (binary). Relevant to SDG 17.9 and SDG 17.6.,"CBD/COP/16/L.26/Rev.1 (26 February 2025); and CBD/SBSTTA/26/INF/14 (April 2024). Guidance on indicators of the KM-GBF monitoring framework. SBSTTA-26, Nairobi. https://www.cbd.int/doc/c/1e13/f20d/81cd8447744640bbd21e008f/cop-16-l-26-rev1-en.pdf",CBD national reporting portal; CBD Clearing-House Mechanism; IPBES capacity-building reports,0,0 – None,Binary governance indicator; answered from programme records; no climate data.,CBD Secretariat / UNEP-WCMC,GBF-T20,[INT-L-004]; [INT-P-006]
GBF-041,"22.b Number of countries taking action on full, equitable, inclusive, effective and gender-responsive representation of IPLCs and women in biodiversity decision-making, and protecting environmental human rights defenders",CBD Global Biodiversity Framework (GBF),Enabling,"Nature & Biodiversity | Health | Governance, Society & Data",Binary,Binary governance progress score (0–5) based on 3 multi-part questions on: IPLC/gender/disability participation frameworks; operational mechanisms; monitoring of representation and defender protection,Global,GBF Target 22 – IPLC and gender participation (binary). Relevant to SDG 16.7 and SDG 5.,"CBD/COP/16/L.26/Rev.1 (26 February 2025); and CBD/SBSTTA/26/INF/14 (April 2024). Guidance on indicators of the KM-GBF monitoring framework. SBSTTA-26, Nairobi. https://www.cbd.int/doc/c/1e13/f20d/81cd8447744640bbd21e008f/cop-16-l-26-rev1-en.pdf",CBD national reporting portal; IIFB monitoring; Forest Peoples Programme; UN Women databases,0,0 – None,Binary governance indicator; answered from policy and legislative documents; no climate data.,CBD Secretariat / UNEP-WCMC,GBF-T22,[INT-L-004]; [INT-P-006]
GBF-042,"23.b Number of countries with legal, administrative or policy frameworks to implement the Gender Plan of Action (2023–2030) and ensure equal opportunity for women and girls",CBD Global Biodiversity Framework (GBF),Enabling,"Nature & Biodiversity | Governance, Society & Data",Binary,Binary governance progress score (0–5) based on 4 questions on: mechanisms for women's participation in biodiversity governance; legal protection of women's land rights; gender-responsive NBSAP/reporting; sex-disaggregated data collection,Global,GBF Target 23 – gender equality (binary). Relevant to SDG 5 and SDG 10.,"CBD/COP/16/L.26/Rev.1 (26 February 2025); and CBD/SBSTTA/26/INF/14 (April 2024). Guidance on indicators of the KM-GBF monitoring framework. SBSTTA-26, Nairobi. https://www.cbd.int/doc/c/1e13/f20d/81cd8447744640bbd21e008f/cop-16-l-26-rev1-en.pdf",CBD national reporting portal; UNDP Gender Equality Index; UN Women national databases,0,0 – None,Binary governance indicator; answered from policy and legislative documents; no climate data.,CBD Secretariat / UNEP-WCMC,GBF-T23,[INT-L-004]; [INT-P-006]
  ▌  COMPONENT INDICATORS – Optional to supplement headline indicators (CBD/COP/16/L.26/Rev.1 Annex II),,CBD Global Biodiversity Framework (GBF),,,,,,,,,,,,,,
GBF-043,A.CT.1 Ecosystem Intactness Index,CBD Global Biodiversity Framework (GBF),State – Habitats,Nature & Biodiversity,Component,Index (0–1) of mean species abundance relative to undisturbed baseline,Global,GBF Goal A / T1–T3 (component). Tracks intactness of biodiversity within ecosystems.,"CBD/COP/16/L.26/Rev.1 (26 February 2025). Monitoring framework for the KM-GBF – Annex I (headline/binary) and Annex II (component/complementary indicators). COP-16 resumed session, Rome. https://www.cbd.int/doc/c/1e13/f20d/81cd8447744640bbd21e008f/cop-16-l-26-rev1-en.pdf",PREDICTS project (NHM / UNEP-WCMC); GLOBIO model; land-use maps,1,1 – Low,"Ecosystem Intactness Index is driven by land-use change; climate is a secondary background driver and no climate data enter (Legend 1, rule B).",CBD Secretariat / BIP custodian agencies,GBF-GoalA; GBF-T1; GBF-T2; GBF-T3,[INT-L-004]; [INT-P-006]
GBF-044,A.CT.2 Ecosystem Integrity Index,CBD Global Biodiversity Framework (GBF),State – Habitats,Nature & Biodiversity,Component,"Composite index of ecosystem integrity (composition, structure, function vs. reference state)",Global,GBF Goal A (component). Structural and functional integrity of ecosystems.,"CBD/COP/16/L.26/Rev.1 (26 February 2025). Monitoring framework for the KM-GBF – Annex I (headline/binary) and Annex II (component/complementary indicators). COP-16 resumed session, Rome. https://www.cbd.int/doc/c/1e13/f20d/81cd8447744640bbd21e008f/cop-16-l-26-rev1-en.pdf",IUCN Ecosystem Integrity; NatureServe / Map of Life; GEO BON EBVs,1,1 – Low,"Ecosystem Integrity Index built from structure, composition and function layers derived mainly from land use; no climate data enter (Legend 1, rule B).",CBD Secretariat / BIP custodian agencies,GBF-GoalA,[INT-L-004]; [INT-P-006]
GBF-045,A.CT.3 Species Habitat Index,CBD Global Biodiversity Framework (GBF),State – Species,Nature & Biodiversity,Component,Index of change in habitat-based species persistence (0–1; baseline ~2000),Global,"GBF Goal A / T2, T3, T4 (component). Whether species can persist given habitat change.","CBD/COP/16/L.26/Rev.1 (26 February 2025). Monitoring framework for the KM-GBF – Annex I (headline/binary) and Annex II (component/complementary indicators). COP-16 resumed session, Rome. https://www.cbd.int/doc/c/1e13/f20d/81cd8447744640bbd21e008f/cop-16-l-26-rev1-en.pdf",UNEP-WCMC / NatureServe / Map of Life; species range maps; ESA CCI land cover,2,2 – Medium,SDMs incorporate climate as predictor; land use dominates current signal.,CBD Secretariat / BIP custodian agencies,GBF-GoalA; GBF-T2; GBF-T3; GBF-T4,[INT-L-004]; [INT-P-006]
GBF-046,A.CT.4 Biodiversity Habitat Index,CBD Global Biodiversity Framework (GBF),State – Habitats,Nature & Biodiversity,Component,Index (0–1) of habitat persistence probability for thousands of species,Global,"GBF Goal A / T1, T2 (component). Whether natural habitats can support biodiversity.","CBD/COP/16/L.26/Rev.1 (26 February 2025). Monitoring framework for the KM-GBF – Annex I (headline/binary) and Annex II (component/complementary indicators). COP-16 resumed session, Rome. https://www.cbd.int/doc/c/1e13/f20d/81cd8447744640bbd21e008f/cop-16-l-26-rev1-en.pdf",CSIRO species distribution models; ESA CCI land cover; Map of Life; GBIF,1,1 – Low,"Uses land-use inputs; climate is background driver, not a direct input.",CBD Secretariat / BIP custodian agencies,GBF-GoalA; GBF-T1; GBF-T2,[INT-L-004]; [INT-P-006]
GBF-047,A.CT.5 Biodiversity Intactness Index,CBD Global Biodiversity Framework (GBF),State – Species,Nature & Biodiversity,Component,Index (0–1) of local species abundance relative to undisturbed reference; ~79% of 1900 baseline,Global,GBF Goal A (component). Local biodiversity intactness summary. Relevant to SDG 15.5.,"CBD/COP/16/L.26/Rev.1 (26 February 2025). Monitoring framework for the KM-GBF – Annex I (headline/binary) and Annex II (component/complementary indicators). COP-16 resumed session, Rome. https://www.cbd.int/doc/c/1e13/f20d/81cd8447744640bbd21e008f/cop-16-l-26-rev1-en.pdf",PREDICTS project (NHM London); IUCN; land-use maps; Newbold et al. 2016,1,1 – Low,BII driven primarily by land-use change; climate is secondary driver.,CBD Secretariat / BIP custodian agencies,GBF-GoalA; GBF-T4,[INT-L-004]; [INT-P-006]
GBF-048,A.CT.6 Protected Connected Index (ProtConn),CBD Global Biodiversity Framework (GBF),Enabling,Nature & Biodiversity | Land Use & Agriculture,Component,% of land that is both protected and functionally connected within dispersal distance threshold,Global,GBF Goal A / T3 (component). Whether protected areas form a connected network.,"CBD/COP/16/L.26/Rev.1 (26 February 2025). Monitoring framework for the KM-GBF – Annex I (headline/binary) and Annex II (component/complementary indicators). COP-16 resumed session, Rome. https://www.cbd.int/doc/c/1e13/f20d/81cd8447744640bbd21e008f/cop-16-l-26-rev1-en.pdf",WDPA (Protected Planet); ESRI Land Cover; Saura et al. 2018,0,0 – None,Connectivity from protected area GIS and land-cover; no climate inputs.,CBD Secretariat / BIP custodian agencies,GBF-GoalA; GBF-T3,[INT-L-004]; [INT-P-006]
GBF-049,A.CT.7 Protected Area Representativeness and Connectedness Indices (PARC),CBD Global Biodiversity Framework (GBF),Enabling,Nature & Biodiversity,Component,PARC-Representativeness (0–1); PARC-Connectedness (network connectivity index),Global,GBF Goal A / T3 (component). Ecological representativeness and connectivity of PA network.,"CBD/COP/16/L.26/Rev.1 (26 February 2025). Monitoring framework for the KM-GBF – Annex I (headline/binary) and Annex II (component/complementary indicators). COP-16 resumed session, Rome. https://www.cbd.int/doc/c/1e13/f20d/81cd8447744640bbd21e008f/cop-16-l-26-rev1-en.pdf",CSIRO / GEO BON; WDPA; habitat classification maps; Map of Life,0,0 – None,Representativeness and connectivity from GIS analysis; no climate inputs.,CBD Secretariat / BIP custodian agencies,GBF-GoalA; GBF-T3,[INT-L-004]; [INT-P-006]
GBF-050,A.CT.8 Number of extinctions averted,CBD Global Biodiversity Framework (GBF),State – Species,Nature & Biodiversity,Component,Number of vertebrate species whose extinction was prevented through conservation interventions,Global,GBF Goal A / T4 (component). Conservation success in preventing extinctions.,"CBD/COP/16/L.26/Rev.1 (26 February 2025). Monitoring framework for the KM-GBF – Annex I (headline/binary) and Annex II (component/complementary indicators). COP-16 resumed session, Rome. https://www.cbd.int/doc/c/1e13/f20d/81cd8447744640bbd21e008f/cop-16-l-26-rev1-en.pdf",IUCN Red List; conservation intervention databases; Bolam et al. 2021,0,0 – None,Extinction prevention from conservation records; no climate data.,CBD Secretariat / BIP custodian agencies,GBF-GoalA; GBF-T4,[INT-L-004]; [INT-P-006]
GBF-051,A.CT.9 Evolutionarily Distinct and Globally Endangered (EDGE) Index,CBD Global Biodiversity Framework (GBF),State – Species,Nature & Biodiversity,Component,Composite score of evolutionary distinctiveness and IUCN extinction risk,Global,GBF Goal A / T4 (component). Prioritises conservation of species with high evolutionary uniqueness.,"CBD/COP/16/L.26/Rev.1 (26 February 2025). Monitoring framework for the KM-GBF – Annex I (headline/binary) and Annex II (component/complementary indicators). COP-16 resumed session, Rome. https://www.cbd.int/doc/c/1e13/f20d/81cd8447744640bbd21e008f/cop-16-l-26-rev1-en.pdf",IUCN Red List; timetree.org phylogenetic data; ZSL EDGE of Existence programme,1,1 – Low,EDGE scores include extinction risk; climate change is an increasing threat driver.,CBD Secretariat / BIP custodian agencies,GBF-GoalA; GBF-T4,[INT-L-004]; [INT-P-006]
GBF-052,A.CT.10 Living Planet Index,CBD Global Biodiversity Framework (GBF),State – Species,Nature & Biodiversity,Component,Index (1970 = 1) of monitored vertebrate population trends,Global,"GBF Goal A / T4 (component; cross-referenced for T5, T9). Trends in vertebrate population abundance.","CBD/COP/16/L.26/Rev.1 (26 February 2025). Monitoring framework for the KM-GBF – Annex I (headline/binary) and Annex II (component/complementary indicators). COP-16 resumed session, Rome. https://www.cbd.int/doc/c/1e13/f20d/81cd8447744640bbd21e008f/cop-16-l-26-rev1-en.pdf",ZSL LPI database; WWF Living Planet Report,2,2 – Medium,Climate change embedded as a threat driver; weather affects detectability in surveys.,CBD Secretariat / BIP custodian agencies,GBF-GoalA; GBF-T4; GBF-T5; GBF-T9,[INT-L-004]; [INT-P-006]
GBF-053,A.CT.11 Wild Bird Index,CBD Global Biodiversity Framework (GBF),State – Species,Nature & Biodiversity,Component,Index (baseline = 100) of habitat-specialist bird populations,Global,GBF Goal A / T4 (component). Farmland and forest specialist bird population trends.,"CBD/COP/16/L.26/Rev.1 (26 February 2025). Monitoring framework for the KM-GBF – Annex I (headline/binary) and Annex II (component/complementary indicators). COP-16 resumed session, Rome. https://www.cbd.int/doc/c/1e13/f20d/81cd8447744640bbd21e008f/cop-16-l-26-rev1-en.pdf",PECBMS; BirdLife International; national Breeding Bird Surveys,2,2 – Medium,Weather directly affects bird detectability and breeding success; spring temperature is a key confounder.,CBD Secretariat / BIP custodian agencies,GBF-GoalA; GBF-T4; GBF-T10,[INT-L-004]; [INT-P-006]
GBF-054,B.CT.1 Red List Index for utilized species,CBD Global Biodiversity Framework (GBF),State – Species,Nature & Biodiversity | Land Use & Agriculture | Trade & Industry,Component,"RLI (0–1) for species used by people in food, medicine, trade and other uses",Global,"GBF Goal B / T5, T9 (component). Extinction risk of species that people rely on.","CBD/COP/16/L.26/Rev.1 (26 February 2025). Monitoring framework for the KM-GBF – Annex I (headline/binary) and Annex II (component/complementary indicators). COP-16 resumed session, Rome. https://www.cbd.int/doc/c/1e13/f20d/81cd8447744640bbd21e008f/cop-16-l-26-rev1-en.pdf",IUCN Red List; TRAFFIC; FAO utilised species lists,1,1 – Low,"Aggregates IUCN Red List category changes. Climate change is a recognised threat driver, but assessments are expert status classifications: no climate data enter the calculation and weather does not move the annual value (Legend 1, rule B).",CBD Secretariat / BIP custodian agencies,GBF-GoalB; GBF-T5; GBF-T9,[INT-L-004]; [INT-P-006]
GBF-055,B.CT.2 Living Planet Index for utilized species,CBD Global Biodiversity Framework (GBF),State – Species,Nature & Biodiversity,Component,Index (1970 = 1) of population trends for wild species used by people,Global,"GBF Goal B / T5, T9 (component). Population trends of exploited wild species.","CBD/COP/16/L.26/Rev.1 (26 February 2025). Monitoring framework for the KM-GBF – Annex I (headline/binary) and Annex II (component/complementary indicators). COP-16 resumed session, Rome. https://www.cbd.int/doc/c/1e13/f20d/81cd8447744640bbd21e008f/cop-16-l-26-rev1-en.pdf",ZSL LPI database – utilised species subset,2,2 – Medium,Climate and overexploitation both affect population trends; sea temperature affects marine species.,CBD Secretariat / BIP custodian agencies,GBF-GoalB; GBF-T5; GBF-T9,[INT-L-004]; [INT-P-006]
GBF-056,B.CT.3 Total value of ecosystem services in monetary units,CBD Global Biodiversity Framework (GBF),Benefit,Nature & Biodiversity | Finance,Component,Total annual monetary value of ecosystem services (USD billion/year) using SEEA EA valuation,Global,GBF Goal B / T11 (component). Economic value of nature's contributions to people.,"CBD/COP/16/L.26/Rev.1 (26 February 2025). Monitoring framework for the KM-GBF – Annex I (headline/binary) and Annex II (component/complementary indicators). COP-16 resumed session, Rome. https://www.cbd.int/doc/c/1e13/f20d/81cd8447744640bbd21e008f/cop-16-l-26-rev1-en.pdf",National SEEA EA monetary accounts; World Bank wealth accounts; UNEP TEEB,2,2 – Medium,Ecosystem service values affected by climate through altered regulating service supply.,CBD Secretariat / BIP custodian agencies,GBF-GoalB; GBF-T11,[INT-L-004]; [INT-P-006]
GBF-057,2.CT.1 Proportion of land that is degraded over total land area,CBD Global Biodiversity Framework (GBF),State – Habitats,Land Use & Agriculture,Component,% of total land area degraded; official SDG 15.3.1 (Tier 1),Global,GBF Target 2 (component). Land degradation and progress toward land degradation neutrality.,"CBD/COP/16/L.26/Rev.1 (26 February 2025). Monitoring framework for the KM-GBF – Annex I (headline/binary) and Annex II (component/complementary indicators). COP-16 resumed session, Rome. https://www.cbd.int/doc/c/1e13/f20d/81cd8447744640bbd21e008f/cop-16-l-26-rev1-en.pdf",UNCCD national reports; MODIS/Landsat land-cover change; FAO,2,2 – Medium,Land degradation includes drought and temperature-driven vegetation loss; NDVI responds to climate variability.,CBD Secretariat / BIP custodian agencies,GBF-T2,[INT-L-004]; [INT-P-006]
GBF-058,3.CT.1 Protected Area Connectedness Index,CBD Global Biodiversity Framework (GBF),Enabling,Nature & Biodiversity,Component,Index of functional connectivity among protected areas across the landscape,Global,GBF Target 3 (component). Connectivity of PA network complementing area coverage (3.1).,"CBD/COP/16/L.26/Rev.1 (26 February 2025). Monitoring framework for the KM-GBF – Annex I (headline/binary) and Annex II (component/complementary indicators). COP-16 resumed session, Rome. https://www.cbd.int/doc/c/1e13/f20d/81cd8447744640bbd21e008f/cop-16-l-26-rev1-en.pdf",WDPA; landscape connectivity analysis; land-cover data,0,0 – None,Connectivity measured from GIS data; no climate inputs.,CBD Secretariat / BIP custodian agencies,GBF-T3,[INT-L-004]; [INT-P-006]
GBF-059,3.CT.2 Species Protection Index,CBD Global Biodiversity Framework (GBF),Enabling,Nature & Biodiversity,Component,"Index of proportion of each species range covered by protected areas (0–100), averaged across species",Global,GBF Target 3 (component). Whether PAs cover sufficient habitat for species persistence.,"CBD/COP/16/L.26/Rev.1 (26 February 2025). Monitoring framework for the KM-GBF – Annex I (headline/binary) and Annex II (component/complementary indicators). COP-16 resumed session, Rome. https://www.cbd.int/doc/c/1e13/f20d/81cd8447744640bbd21e008f/cop-16-l-26-rev1-en.pdf",WDPA; IUCN species range maps; BirdLife International range maps,0,0 – None,PA coverage of species ranges from GIS analysis; no climate inputs.,CBD Secretariat / BIP custodian agencies,GBF-T3; GBF-GoalA,[INT-L-004]; [INT-P-006]
GBF-060,4.CT.1 Number of plant and animal genetic resources for food and agriculture secured in conservation facilities,CBD Global Biodiversity Framework (GBF),Enabling,Nature & Biodiversity | Land Use & Agriculture,Component,Count of crop and livestock accessions in medium- or long-term ex-situ conservation,Global,GBF Target 4 (component; cross-referenced for Goal A). Ex-situ conservation of genetic diversity for food security.,"CBD/COP/16/L.26/Rev.1 (26 February 2025). Monitoring framework for the KM-GBF – Annex I (headline/binary) and Annex II (component/complementary indicators). COP-16 resumed session, Rome. https://www.cbd.int/doc/c/1e13/f20d/81cd8447744640bbd21e008f/cop-16-l-26-rev1-en.pdf",FAO GLIS (https://www.fao.org/glis); CGIAR genebank platform; Kew Millennium Seed Bank,0,0 – None,Accession counts from institutional records; no climate data.,CBD Secretariat / BIP custodian agencies,GBF-T4; GBF-GoalA; GBF-T9,[INT-L-004]; [INT-P-006]
GBF-061,4.CT.2 Green Status of Species,CBD Global Biodiversity Framework (GBF),State – Species,Nature & Biodiversity,Component,Green Status scores measuring species recovery toward a fully recovered state (0–100%),Global,GBF Target 4 (component; cross-referenced for Goal B). Recovery trajectory as complement to Red List Index.,"CBD/COP/16/L.26/Rev.1 (26 February 2025). Monitoring framework for the KM-GBF – Annex I (headline/binary) and Annex II (component/complementary indicators). COP-16 resumed session, Rome. https://www.cbd.int/doc/c/1e13/f20d/81cd8447744640bbd21e008f/cop-16-l-26-rev1-en.pdf",IUCN Green Status assessments; IUCN SSC Species Survival Commission,1,1 – Low,Recovery trajectories include climate-driven range changes; some assessments incorporate climate scenarios.,CBD Secretariat / BIP custodian agencies,GBF-T4; GBF-GoalB,[INT-L-004]; [INT-P-006]
GBF-062,4.CT.3 Human-wildlife conflict indicator,CBD Global Biodiversity Framework (GBF),Pressure,Nature & Biodiversity,Component,Index of frequency and severity of human-wildlife conflict events,Global,GBF Target 4 (component). Human-wildlife conflict as a driver of species decline and human casualties.,"CBD/COP/16/L.26/Rev.1 (26 February 2025). Monitoring framework for the KM-GBF – Annex I (headline/binary) and Annex II (component/complementary indicators). COP-16 resumed session, Rome. https://www.cbd.int/doc/c/1e13/f20d/81cd8447744640bbd21e008f/cop-16-l-26-rev1-en.pdf",IUCN Human-Wildlife Conflict Specialist Group; national wildlife agency databases; community monitoring,1,1 – Low,"Climate change exacerbates HWC via altered prey availability and species range shifts; tracked from reports, not climate data.",CBD Secretariat / BIP custodian agencies,GBF-T4,[INT-L-004]; [INT-P-006]
GBF-063,4.CT.4 Proportion of local breeds classified as being at risk of extinction,CBD Global Biodiversity Framework (GBF),State – Species,Nature & Biodiversity | Land Use & Agriculture,Component,"% of local livestock breeds classified as at-risk, not-at-risk or unknown; official SDG 2.5.2",Global,"GBF Target 4 (component; cross-referenced for Goal A, T10). Official SDG 2.5.2.","CBD/COP/16/L.26/Rev.1 (26 February 2025). Monitoring framework for the KM-GBF – Annex I (headline/binary) and Annex II (component/complementary indicators). COP-16 resumed session, Rome. https://www.cbd.int/doc/c/1e13/f20d/81cd8447744640bbd21e008f/cop-16-l-26-rev1-en.pdf",FAO DAD-IS; FAO Commission on Genetic Resources,0,0 – None,Breed risk status from population records; no climate data.,CBD Secretariat / BIP custodian agencies,GBF-T4; GBF-GoalA; GBF-T10,[INT-L-004]; [INT-P-006]
GBF-064,5.CT.1 Red List Index – impacts of utilisation,CBD Global Biodiversity Framework (GBF),State – Species,Nature & Biodiversity,Component,RLI (0–1) disaggregated for threat: direct use/exploitation,Global,GBF Target 5 (component). Extinction risk attributable to overexploitation/utilisation pressure.,"CBD/COP/16/L.26/Rev.1 (26 February 2025). Monitoring framework for the KM-GBF – Annex I (headline/binary) and Annex II (component/complementary indicators). COP-16 resumed session, Rome. https://www.cbd.int/doc/c/1e13/f20d/81cd8447744640bbd21e008f/cop-16-l-26-rev1-en.pdf",IUCN Red List; BirdLife International; Butchart et al. 2008,1,1 – Low,RLI reflects utilisation threat; climate is a background factor.,CBD Secretariat / BIP custodian agencies,GBF-T5,[INT-L-004]; [INT-P-006]
GBF-065,5.CT.2 Degree of implementation of international instruments to combat IUU fishing,CBD Global Biodiversity Framework (GBF),Enabling,"Marine & Fisheries | Governance, Society & Data",Component,"Composite index of national implementation of IUU fishing governance instruments (IPOA-IUU, PSMA)",Global,GBF Target 5 (component; cross-referenced for T9). Governance of illegal fishing.,"CBD/COP/16/L.26/Rev.1 (26 February 2025). Monitoring framework for the KM-GBF – Annex I (headline/binary) and Annex II (component/complementary indicators). COP-16 resumed session, Rome. https://www.cbd.int/doc/c/1e13/f20d/81cd8447744640bbd21e008f/cop-16-l-26-rev1-en.pdf",FAO COFI; IPOA-IUU implementation surveys; PSMA national reports,0,0 – None,Governance implementation from policy records; no climate data.,CBD Secretariat / BIP custodian agencies,GBF-T5; GBF-T9,[INT-L-004]; [INT-P-006]
GBF-066,7.CT.1 Cropland nutrient budget,CBD Global Biodiversity Framework (GBF),Pressure,Water | Land Use & Agriculture | Finance,Component,Kg N and P surplus/deficit per hectare of cropland per year,Global,GBF Target 7 (component). Nitrogen and phosphorus surplus on agricultural land as water quality driver.,"CBD/COP/16/L.26/Rev.1 (26 February 2025). Monitoring framework for the KM-GBF – Annex I (headline/binary) and Annex II (component/complementary indicators). COP-16 resumed session, Rome. https://www.cbd.int/doc/c/1e13/f20d/81cd8447744640bbd21e008f/cop-16-l-26-rev1-en.pdf",FAO FAOSTAT; OECD environmental indicators; EUROSTAT agri-environmental statistics,1,1 – Low,Nutrient budgets from fertiliser/production statistics; precipitation affects leaching indirectly.,CBD Secretariat / BIP custodian agencies,GBF-T7,[INT-L-004]; [INT-P-006]
GBF-067,7.CT.2 Proportion of domestic and industrial wastewater flows safely treated,CBD Global Biodiversity Framework (GBF),Enabling,Water | Trade & Industry | Pollution & Waste,Component,% of domestic and industrial wastewater flows receiving at least secondary treatment; SDG 6.3.1,Global,GBF Target 7 (component). Source control of water pollution. Official SDG 6.3.1.,"CBD/COP/16/L.26/Rev.1 (26 February 2025). Monitoring framework for the KM-GBF – Annex I (headline/binary) and Annex II (component/complementary indicators). COP-16 resumed session, Rome. https://www.cbd.int/doc/c/1e13/f20d/81cd8447744640bbd21e008f/cop-16-l-26-rev1-en.pdf",WHO/UNICEF JMP; national wastewater treatment statistics; UNSD SDG 6.3 database,0,0 – None,Wastewater treatment from infrastructure data; no climate data.,CBD Secretariat / BIP custodian agencies,GBF-T7,[INT-L-004]; [INT-P-006]
GBF-068,7.CT.3 Plastic debris density,CBD Global Biodiversity Framework (GBF),Pressure,Marine & Fisheries | Pollution & Waste,Component,Concentration of plastic debris on ocean surface and seafloor (items/km² or g/km²),Global,GBF Target 7 (component). Plastic pollution in marine environments.,"CBD/COP/16/L.26/Rev.1 (26 February 2025). Monitoring framework for the KM-GBF – Annex I (headline/binary) and Annex II (component/complementary indicators). COP-16 resumed session, Rome. https://www.cbd.int/doc/c/1e13/f20d/81cd8447744640bbd21e008f/cop-16-l-26-rev1-en.pdf",OSPAR; HELCOM; UNEP GESAMP; OBIS; IOC-UNESCO oceanographic monitoring,1,1 – Low,"Plastic debris density from monitoring surveys; storms and currents move deposition but no weather data enter (Legend 1, rule G; aligned with [IND-E-015], [IND-B-199]).",CBD Secretariat / BIP custodian agencies,GBF-T7,[INT-L-004]; [INT-P-006]
GBF-069,7.CT.4 Red List Index – impact of pollution,CBD Global Biodiversity Framework (GBF),State – Species,Nature & Biodiversity | Pollution & Waste,Component,RLI (0–1) disaggregated for threat: pollution,Global,GBF Target 7 (component). Extinction risk attributable to pollution pressure.,"CBD/COP/16/L.26/Rev.1 (26 February 2025). Monitoring framework for the KM-GBF – Annex I (headline/binary) and Annex II (component/complementary indicators). COP-16 resumed session, Rome. https://www.cbd.int/doc/c/1e13/f20d/81cd8447744640bbd21e008f/cop-16-l-26-rev1-en.pdf",IUCN Red List; pollution threat classifications; Butchart et al. methodology,1,1 – Low,RLI based on Red List classifications; chemical pollution mostly independent of climate.,CBD Secretariat / BIP custodian agencies,GBF-T7,[INT-L-004]; [INT-P-006]
GBF-070,8.CT.1 Number of countries adopting and implementing national DRR strategies in line with Sendai Framework,CBD Global Biodiversity Framework (GBF),Enabling,"Climate | Governance, Society & Data",Component,Count/% of countries with national DRR strategies aligned to Sendai Framework 2015–2030,Global,"GBF Target 8 (component). Resilience governance linking climate change, DRR and biodiversity.","CBD/COP/16/L.26/Rev.1 (26 February 2025). Monitoring framework for the KM-GBF – Annex I (headline/binary) and Annex II (component/complementary indicators). COP-16 resumed session, Rome. https://www.cbd.int/doc/c/1e13/f20d/81cd8447744640bbd21e008f/cop-16-l-26-rev1-en.pdf",UNDRR Sendai Monitor; national DRR strategies; CBD national reporting,0,0 – None,"Count of countries adopting national DRR strategies, from policy records. no climate or weather data enter the calculation and weather does not move the value. Climate relevance of the subject is carried by Policy_Sector, not by this score (rule A).",CBD Secretariat / BIP custodian agencies,GBF-T8,[INT-L-004]; [INT-P-006]
GBF-071,8.CT.2 Bioclimatic Ecosystem Resilience Index (BERI),CBD Global Biodiversity Framework (GBF),State – Habitats,Nature & Biodiversity | Climate,Component,Index of ecosystem resilience under projected climate change scenarios,Global,GBF Target 8 / Goal A (component). Directly measures ecosystem resilience to climate change.,"CBD/COP/16/L.26/Rev.1 (26 February 2025). Monitoring framework for the KM-GBF – Annex I (headline/binary) and Annex II (component/complementary indicators). COP-16 resumed session, Rome. https://www.cbd.int/doc/c/1e13/f20d/81cd8447744640bbd21e008f/cop-16-l-26-rev1-en.pdf",CSIRO; climate scenario data (CMIP6); vegetation models; Beaumont et al.,3,3 – High,"BERI uses climate projections (temperature, precipitation) as primary inputs; measures ecosystem responses to climate change.",CBD Secretariat / BIP custodian agencies,GBF-T8; GBF-GoalA,[INT-L-004]; [INT-P-006]
GBF-072,9.CT.1 Red List Index – species used for food and medicine,CBD Global Biodiversity Framework (GBF),State – Species,Nature & Biodiversity | Land Use & Agriculture,Component,"RLI (0–1) for species used for food, medicine and other direct human use",Global,GBF Target 9 (component; cross-referenced for Goal B). Extinction risk of food/medicine species.,"CBD/COP/16/L.26/Rev.1 (26 February 2025). Monitoring framework for the KM-GBF – Annex I (headline/binary) and Annex II (component/complementary indicators). COP-16 resumed session, Rome. https://www.cbd.int/doc/c/1e13/f20d/81cd8447744640bbd21e008f/cop-16-l-26-rev1-en.pdf",IUCN Red List; Scharlemann et al.; FAO; TRAFFIC,1,1 – Low,"Aggregates IUCN Red List category changes. Climate change is a recognised threat driver, but assessments are expert status classifications: no climate data enter the calculation and weather does not move the annual value (Legend 1, rule B).",CBD Secretariat / BIP custodian agencies,GBF-T9; GBF-GoalB,[INT-L-004]; [INT-P-006]
GBF-073,10.CT.1 Average income of small-scale food producers (by sex and indigenous status),CBD Global Biodiversity Framework (GBF),Benefit,"Land Use & Agriculture | Governance, Society & Data",Component,"Average agricultural income (USD/year) of small-scale food producers, by sex and indigenous status; SDG 2.3.2",Global,GBF Target 10 (component). Livelihood outcomes for small-scale farmers. Relevant to SDG 2.3.2.,"CBD/COP/16/L.26/Rev.1 (26 February 2025). Monitoring framework for the KM-GBF – Annex I (headline/binary) and Annex II (component/complementary indicators). COP-16 resumed session, Rome. https://www.cbd.int/doc/c/1e13/f20d/81cd8447744640bbd21e008f/cop-16-l-26-rev1-en.pdf",National agricultural censuses; FAO RIGA database; World Bank LSMS surveys,1,1 – Low,"Agricultural incomes partly climate-sensitive via yields; measured from surveys, not climate data.",CBD Secretariat / BIP custodian agencies,GBF-T10,[INT-L-004]; [INT-P-006]
GBF-074,11.CT.1 Annual mean levels of PM2.5 and PM10 in cities,CBD Global Biodiversity Framework (GBF),Pressure,Urban & Buildings | Pollution & Waste,Component,µg/m³ annual mean concentration of PM2.5 and PM10 in urban areas; SDG 11.6.2,Global,GBF Target 11 – air quality ecosystem service (component). Official SDG 11.6.2.,"CBD/COP/16/L.26/Rev.1 (26 February 2025). Monitoring framework for the KM-GBF – Annex I (headline/binary) and Annex II (component/complementary indicators). COP-16 resumed session, Rome. https://www.cbd.int/doc/c/1e13/f20d/81cd8447744640bbd21e008f/cop-16-l-26-rev1-en.pdf",WHO Global Ambient Air Quality database; satellite aerosol products; national monitoring networks,2,2 – Medium,PM2.5 concentrations affected by weather (mixing height) and climate-driven wildfire smoke.,CBD Secretariat / BIP custodian agencies,GBF-T11,[INT-L-004]; [INT-P-006]
GBF-075,11.CT.2 Proportion of bodies of water with good ambient water quality,CBD Global Biodiversity Framework (GBF),State – Habitats,Marine & Fisheries | Water,Component,% of river/lake/coastal water bodies meeting good quality criteria; SDG 6.3.2,Global,GBF Target 11 – freshwater quality service (component). Relevant to SDG 6.3.2.,"CBD/COP/16/L.26/Rev.1 (26 February 2025). Monitoring framework for the KM-GBF – Annex I (headline/binary) and Annex II (component/complementary indicators). COP-16 resumed session, Rome. https://www.cbd.int/doc/c/1e13/f20d/81cd8447744640bbd21e008f/cop-16-l-26-rev1-en.pdf",UN GEMS/Water; national water quality monitoring; EEA Waterbase,2,2 – Medium,"Water quality affected by rainfall (dilution/runoff) and temperature (BOD, algal growth).",CBD Secretariat / BIP custodian agencies,GBF-T11; GBF-GoalB,[INT-L-004]; [INT-P-006]
GBF-076,11.CT.3 Level of water stress: freshwater withdrawal as proportion of available freshwater,CBD Global Biodiversity Framework (GBF),Pressure,Water,Component,Freshwater withdrawal as % of available freshwater resources; SDG 6.4.2,Global,GBF Target 11 – freshwater provisioning service (component). Official SDG 6.4.2.,"CBD/COP/16/L.26/Rev.1 (26 February 2025). Monitoring framework for the KM-GBF – Annex I (headline/binary) and Annex II (component/complementary indicators). COP-16 resumed session, Rome. https://www.cbd.int/doc/c/1e13/f20d/81cd8447744640bbd21e008f/cop-16-l-26-rev1-en.pdf",FAO AQUASTAT; national hydrological monitoring; UNSD SDG 6.4.2 database,3,3 – High,Available freshwater is directly determined by precipitation and evapotranspiration — both strongly climate-driven.,CBD Secretariat / BIP custodian agencies,GBF-T11; GBF-GoalB,[INT-L-004]; [INT-P-006]
GBF-077,12.CT.1 Singapore Index on Cities' Biodiversity,CBD Global Biodiversity Framework (GBF),Enabling,"Nature & Biodiversity | Urban & Buildings | Governance, Society & Data",Component,"Composite index (0–100) assessing urban biodiversity, ecosystem services and governance across 23 indicators",Global,GBF Target 12 (component). Comprehensive city-level biodiversity assessment.,"CBD/COP/16/L.26/Rev.1 (26 February 2025). Monitoring framework for the KM-GBF – Annex I (headline/binary) and Annex II (component/complementary indicators). COP-16 resumed session, Rome. https://www.cbd.int/doc/c/1e13/f20d/81cd8447744640bbd21e008f/cop-16-l-26-rev1-en.pdf",ICLEI; CBD Singapore Index methodology; national urban planning authorities,1,1 – Low,Some sub-indicators track urban heat islands and climate resilience; primarily a governance/land-use composite.,CBD Secretariat / BIP custodian agencies,GBF-T12,[INT-L-004]; [INT-P-006]
GBF-078,13.CT.1 Total number of internationally recognised certificates published on the ABS Clearing-House,CBD Global Biodiversity Framework (GBF),Enabling,"Governance, Society & Data",Component,Cumulative count of internationally recognised certificates of compliance (IRCCs) on ABS Clearing-House,Global,GBF Goal C / Target 13 (component). Formal ABS compliance and benefit-sharing activity.,"CBD/COP/16/L.26/Rev.1 (26 February 2025). Monitoring framework for the KM-GBF – Annex I (headline/binary) and Annex II (component/complementary indicators). COP-16 resumed session, Rome. https://www.cbd.int/doc/c/1e13/f20d/81cd8447744640bbd21e008f/cop-16-l-26-rev1-en.pdf",CBD ABS Clearing-House (https://absch.cbd.int); Nagoya Protocol Compliance Pillar,0,0 – None,IRCC counts from ABS Clearing-House records; no climate data.,CBD Secretariat / BIP custodian agencies,GBF-GoalC; GBF-T13,[INT-L-004]; [INT-P-006]
GBF-079,14.CT.1 Integration of biodiversity into national accounting – SEEA EA implementation,CBD Global Biodiversity Framework (GBF),Enabling,Nature & Biodiversity | Finance,Component,Binary or index measure of SEEA Ecosystem Accounting adoption in national statistical systems,Global,GBF Target 14 (component). Mainstreaming biodiversity into national accounting.,"CBD/COP/16/L.26/Rev.1 (26 February 2025). Monitoring framework for the KM-GBF – Annex I (headline/binary) and Annex II (component/complementary indicators). COP-16 resumed session, Rome. https://www.cbd.int/doc/c/1e13/f20d/81cd8447744640bbd21e008f/cop-16-l-26-rev1-en.pdf",UNSD SEEA EA country implementation data; World Bank Wealth Accounting; national statistical offices,0,0 – None,SEEA EA implementation from national statistical records; no climate data.,CBD Secretariat / BIP custodian agencies,GBF-T14,[INT-L-004]; [INT-P-006]
GBF-080,15.CT.1 Number of companies publishing sustainability reports,CBD Global Biodiversity Framework (GBF),Enabling,Nature & Biodiversity,Component,Count of companies publishing sustainability or CSR reports including biodiversity-relevant content,Global,GBF Target 15 (component). Broader corporate transparency on biodiversity performance.,"CBD/COP/16/L.26/Rev.1 (26 February 2025). Monitoring framework for the KM-GBF – Annex I (headline/binary) and Annex II (component/complementary indicators). COP-16 resumed session, Rome. https://www.cbd.int/doc/c/1e13/f20d/81cd8447744640bbd21e008f/cop-16-l-26-rev1-en.pdf",GRI Sustainability Disclosure Database; EU CSRD register; KPMG Corporate Responsibility Survey,0,0 – None,Corporate reporting counts from disclosure databases; no climate data.,CBD Secretariat / BIP custodian agencies,GBF-T15,[INT-L-004]; [INT-P-006]
GBF-081,16.CT.1 Food Waste Index,CBD Global Biodiversity Framework (GBF),Pressure,Land Use & Agriculture | Trade & Industry | Pollution & Waste,Component,Kg per capita per year of food lost or wasted across supply chain; SDG 12.3.1,Global,GBF Target 16 (component). Food waste reduction as sustainable consumption indicator. Official SDG 12.3.1.,"CBD/COP/16/L.26/Rev.1 (26 February 2025). Monitoring framework for the KM-GBF – Annex I (headline/binary) and Annex II (component/complementary indicators). COP-16 resumed session, Rome. https://www.cbd.int/doc/c/1e13/f20d/81cd8447744640bbd21e008f/cop-16-l-26-rev1-en.pdf",UNEP Food Waste Index; FAO FAOSTAT food balance sheets; national waste surveys,0,0 – None,Food waste from supply chain statistics; no climate data.,CBD Secretariat / BIP custodian agencies,GBF-T16,[INT-L-004]; [INT-P-006]
GBF-082,16.CT.2 Material footprint per capita and per GDP,CBD Global Biodiversity Framework (GBF),Pressure,Finance,Component,Total material footprint (tonnes/person/year) and material intensity (kg/USD GDP); SDG 12.2.2,Global,GBF Target 16 (component). Resource consumption intensity. Official SDG 12.2.2.,"CBD/COP/16/L.26/Rev.1 (26 February 2025). Monitoring framework for the KM-GBF – Annex I (headline/binary) and Annex II (component/complementary indicators). COP-16 resumed session, Rome. https://www.cbd.int/doc/c/1e13/f20d/81cd8447744640bbd21e008f/cop-16-l-26-rev1-en.pdf",UNEP IRP Global Material Flows Database; EUROSTAT material flow accounts,0,0 – None,Material consumption from economic statistics; no climate data.,CBD Secretariat / BIP custodian agencies,GBF-T16,[INT-L-004]; [INT-P-006]
GBF-083,16.CT.3 Ecological footprint,CBD Global Biodiversity Framework (GBF),Pressure,Trade & Industry | Land Use & Agriculture,Component,Global hectares per capita of biologically productive land/sea required to support consumption,Global,GBF Goal B / Target 16 (component). Aggregate human consumption pressure on biosphere.,"CBD/COP/16/L.26/Rev.1 (26 February 2025). Monitoring framework for the KM-GBF – Annex I (headline/binary) and Annex II (component/complementary indicators). COP-16 resumed session, Rome. https://www.cbd.int/doc/c/1e13/f20d/81cd8447744640bbd21e008f/cop-16-l-26-rev1-en.pdf",Global Footprint Network National Footprint and Biocapacity Accounts; FAO; IEA,1,1 – Low,Biocapacity component affected by climate-driven agricultural productivity variability.,CBD Secretariat / BIP custodian agencies,GBF-GoalB; GBF-T16,[INT-L-004]; [INT-P-006]
GBF-084,18.CT.1 Revenue from biodiversity-relevant tradable permits,CBD Global Biodiversity Framework (GBF),Enabling,Nature & Biodiversity | Finance,Component,USD million/year in revenue from auctioned tradable permits for biodiversity-relevant services,Global,GBF Target 18 (component). One category of positive biodiversity market incentive.,"CBD/COP/16/L.26/Rev.1 (26 February 2025). Monitoring framework for the KM-GBF – Annex I (headline/binary) and Annex II (component/complementary indicators). COP-16 resumed session, Rome. https://www.cbd.int/doc/c/1e13/f20d/81cd8447744640bbd21e008f/cop-16-l-26-rev1-en.pdf",OECD PINE database; national tradable permit scheme financial records,0,0 – None,Permit revenue from administrative records; no climate data.,CBD Secretariat / BIP custodian agencies,GBF-T18,[INT-L-004]; [INT-P-006]
GBF-085,18.CT.2 Monetary value of payments for ecosystem services (PES),CBD Global Biodiversity Framework (GBF),Enabling,Nature & Biodiversity | Water | Finance,Component,"USD million/year in PES transactions for biodiversity-related services (water, carbon, habitat)",Global,GBF Target 18 (component). PES as a positive incentive for biodiversity.,"CBD/COP/16/L.26/Rev.1 (26 February 2025). Monitoring framework for the KM-GBF – Annex I (headline/binary) and Annex II (component/complementary indicators). COP-16 resumed session, Rome. https://www.cbd.int/doc/c/1e13/f20d/81cd8447744640bbd21e008f/cop-16-l-26-rev1-en.pdf",Ecosystem Marketplace; REDD+ financial tracking; national PES scheme databases,0,0 – None,PES transactions from programme records; no climate data.,CBD Secretariat / BIP custodian agencies,GBF-T18,[INT-L-004]; [INT-P-006]
GBF-086,18.CT.3 Monetary value of biodiversity offsets,CBD Global Biodiversity Framework (GBF),Enabling,Nature & Biodiversity | Finance,Component,USD million/year in biodiversity offset transactions globally,Global,GBF Target 18 (component). Biodiversity offsets as a positive incentive mechanism.,"CBD/COP/16/L.26/Rev.1 (26 February 2025). Monitoring framework for the KM-GBF – Annex I (headline/binary) and Annex II (component/complementary indicators). COP-16 resumed session, Rome. https://www.cbd.int/doc/c/1e13/f20d/81cd8447744640bbd21e008f/cop-16-l-26-rev1-en.pdf",BBOP; Ecosystem Marketplace; national offset scheme registries,0,0 – None,Offset transaction data from programme registries; no climate data.,CBD Secretariat / BIP custodian agencies,GBF-T18,[INT-L-004]; [INT-P-006]
GBF-087,20.CT.1 Total funding for developing countries for environmentally sound technologies,CBD Global Biodiversity Framework (GBF),Enabling,Finance,Component,USD million/year in funding for environmentally sound technology transfer to developing countries,Global,GBF Target 20 / Goal D (component). Technology transfer and capacity-building for biodiversity. Relevant to SDG 17.7.,"CBD/COP/16/L.26/Rev.1 (26 February 2025). Monitoring framework for the KM-GBF – Annex I (headline/binary) and Annex II (component/complementary indicators). COP-16 resumed session, Rome. https://www.cbd.int/doc/c/1e13/f20d/81cd8447744640bbd21e008f/cop-16-l-26-rev1-en.pdf",OECD CRS; TOSSD database; CBD CHM technology transfer data,0,0 – None,Technology transfer funding from financial databases; no climate data.,CBD Secretariat / BIP custodian agencies,GBF-T20; GBF-GoalD,[INT-L-004]; [INT-P-006]
GBF-088,21.CT.1 Species Information Index,CBD Global Biodiversity Framework (GBF),Enabling,Nature & Biodiversity,Component,"Index of data coverage and quality for species diversity monitoring (range maps, population data)",Global,GBF Target 21 (component). Species-level data availability for GBF monitoring.,"CBD/COP/16/L.26/Rev.1 (26 February 2025). Monitoring framework for the KM-GBF – Annex I (headline/binary) and Annex II (component/complementary indicators). COP-16 resumed session, Rome. https://www.cbd.int/doc/c/1e13/f20d/81cd8447744640bbd21e008f/cop-16-l-26-rev1-en.pdf",GBIF; IUCN Red List; Map of Life; national biodiversity databases; GEO BON,0,0 – None,Data coverage index from database statistics; no climate data.,CBD Secretariat / BIP custodian agencies,GBF-T21,[INT-L-004]; [INT-P-006]
GBF-089,21.CT.2 Participation of IPLCs in decision-making related to implementation of the Convention at all levels,CBD Global Biodiversity Framework (GBF),Enabling,"Governance, Society & Data",Component,Count/% of CBD governance processes with IPLC participation; national-level IPLC representation,Global,GBF Target 21 / T22 (component). IPLC engagement in biodiversity governance.,"CBD/COP/16/L.26/Rev.1 (26 February 2025). Monitoring framework for the KM-GBF – Annex I (headline/binary) and Annex II (component/complementary indicators). COP-16 resumed session, Rome. https://www.cbd.int/doc/c/1e13/f20d/81cd8447744640bbd21e008f/cop-16-l-26-rev1-en.pdf",CBD Secretariat participation records; IIFB engagement statistics; national IPLC consultation databases,0,0 – None,Governance participation data from administrative records; no climate data.,CBD Secretariat / BIP custodian agencies,GBF-T21; GBF-T22,[INT-L-004]; [INT-P-006]
GBF-090,21.CT.3 Index of Linguistic Diversity,CBD Global Biodiversity Framework (GBF),Enabling,"Governance, Society & Data",Component,Number of indigenous languages and speakers; UNESCO endangerment classification index,Global,GBF Target 21 / Goal B (component). Linguistic diversity as proxy for traditional knowledge diversity.,"CBD/COP/16/L.26/Rev.1 (26 February 2025). Monitoring framework for the KM-GBF – Annex I (headline/binary) and Annex II (component/complementary indicators). COP-16 resumed session, Rome. https://www.cbd.int/doc/c/1e13/f20d/81cd8447744640bbd21e008f/cop-16-l-26-rev1-en.pdf",UNESCO Atlas of the World's Languages in Danger; Ethnologue; SIL International,0,0 – None,Linguistic diversity from UNESCO surveys; no climate inputs.,CBD Secretariat / BIP custodian agencies,GBF-T21; GBF-GoalB,[INT-L-004]; [INT-P-006]
GBF-091,22.CT.1 Proportion of total adult population with secure tenure rights to land (legally recognised and/or perceived),CBD Global Biodiversity Framework (GBF),Enabling,"Governance, Society & Data",Component,"% of adults with legally recognised or perceived secure land tenure rights, by sex and tenure type; SDG 1.4.2",Global,GBF Target 22 / T23 (component). Land tenure security for IPLCs and women. Official SDG 1.4.2.,"CBD/COP/16/L.26/Rev.1 (26 February 2025). Monitoring framework for the KM-GBF – Annex I (headline/binary) and Annex II (component/complementary indicators). COP-16 resumed session, Rome. https://www.cbd.int/doc/c/1e13/f20d/81cd8447744640bbd21e008f/cop-16-l-26-rev1-en.pdf",World Bank land administration data; FAO VGGT; national cadastral surveys,0,0 – None,Land tenure security from administrative and survey data; no climate data.,CBD Secretariat / BIP custodian agencies,GBF-T22; GBF-T23,[INT-L-004]; [INT-P-006]
GBF-092,22.CT.2 Number of verified cases of killings and attacks against environmental human rights defenders (previous 12 months),CBD Global Biodiversity Framework (GBF),Pressure,"Governance, Society & Data",Component,"Annual count of verified killings, attacks, threats and judicial harassment of environmental human rights defenders",Global,GBF Target 22 (component). Safety of land and environmental defenders.,"CBD/COP/16/L.26/Rev.1 (26 February 2025). Monitoring framework for the KM-GBF – Annex I (headline/binary) and Annex II (component/complementary indicators). COP-16 resumed session, Rome. https://www.cbd.int/doc/c/1e13/f20d/81cd8447744640bbd21e008f/cop-16-l-26-rev1-en.pdf",Global Witness annual reports; Front Line Defenders; OHCHR human rights defender data,0,0 – None,Incident counts from NGO monitoring; no climate data; climate resource conflicts may increase incidents.,CBD Secretariat / BIP custodian agencies,GBF-T22,[INT-L-004]; [INT-P-006]
GBF-093,23.CT.1 Proportion of seats held by women in national parliaments and local governments,CBD Global Biodiversity Framework (GBF),Enabling,"Governance, Society & Data",Component,% of women in (a) national parliaments and (b) local governments; SDG 5.5.1,Global,GBF Target 23 (component). Women's political representation for gender-responsive governance. Official SDG 5.5.1.,"CBD/COP/16/L.26/Rev.1 (26 February 2025). Monitoring framework for the KM-GBF – Annex I (headline/binary) and Annex II (component/complementary indicators). COP-16 resumed session, Rome. https://www.cbd.int/doc/c/1e13/f20d/81cd8447744640bbd21e008f/cop-16-l-26-rev1-en.pdf",Inter-Parliamentary Union (IPU); national election records; UN Women,0,0 – None,Governance representation from institutional records; no climate data.,CBD Secretariat / BIP custodian agencies,GBF-T23,[INT-L-004]; [INT-P-006]
GBF-094,23.CT.2 Indicator on national implementation of the Gender Plan of Action (2023–2030),CBD Global Biodiversity Framework (GBF),Enabling,"Governance, Society & Data",Component,Composite or binary indicator of progress implementing CBD Gender Plan of Action at national level,Global,GBF Target 23 (component). Tracks implementation of the CBD Gender Plan of Action.,"CBD/COP/16/L.26/Rev.1 (26 February 2025). Monitoring framework for the KM-GBF – Annex I (headline/binary) and Annex II (component/complementary indicators). COP-16 resumed session, Rome. https://www.cbd.int/doc/c/1e13/f20d/81cd8447744640bbd21e008f/cop-16-l-26-rev1-en.pdf",CBD national reporting portal; Women4Biodiversity / UNEP-WCMC (https://gbf-indicators.org/metadata/other/23-1-C),0,0 – None,Gender Plan implementation from policy records; no climate data.,CBD Secretariat / BIP custodian agencies,GBF-T23,[INT-L-004]; [INT-P-006]
  ▌  COMPLEMENTARY INDICATORS – Voluntary supplementary indicators (CBD/COP/16/L.26/Rev.1 Annex II),,CBD Global Biodiversity Framework (GBF),,,,,,,,,,,,,,
GBF-095,A.CY.1 Forest area as a proportion of total land area,CBD Global Biodiversity Framework (GBF),State – Habitats,Land Use & Agriculture,Complementary,% of total land area covered by forest; official SDG 15.1.1,Global,GBF Goal A (complementary). Forest cover as a core biodiversity habitat indicator. Official SDG 15.1.1.,"CBD/COP/16/L.26/Rev.1 (26 February 2025). Monitoring framework for the KM-GBF – Annex II (component/complementary indicators). COP-16 resumed session, Rome. https://www.cbd.int/doc/c/1e13/f20d/81cd8447744640bbd21e008f/cop-16-l-26-rev1-en.pdf",FAO Global Forest Resources Assessment (FRA); national forest inventories,1,1 – Low,Forest area from national inventories; climate drives long-term extent through fire and drought but not directly calculated.,CBD Secretariat / multiple custodians,GBF-GoalA; GBF-T2; GBF-T3; GBF-T10,[INT-L-004]; [INT-P-006]
GBF-096,A.CY.2 Rate of tree cover loss,CBD Global Biodiversity Framework (GBF),Pressure,Land Use & Agriculture,Complementary,% per year or ha/year loss of tree canopy cover from satellite data; disaggregated by driver,Global,GBF Goal A (complementary). Dynamic deforestation rate at high resolution.,"CBD/COP/16/L.26/Rev.1 (26 February 2025). Monitoring framework for the KM-GBF – Annex II (component/complementary indicators). COP-16 resumed session, Rome. https://www.cbd.int/doc/c/1e13/f20d/81cd8447744640bbd21e008f/cop-16-l-26-rev1-en.pdf",Hansen et al. / UMD Global Forest Change (Landsat); Global Forest Watch (GFW),2,2 – Medium,Tree cover loss includes climate-driven fire; Landsat maps capture fire-driven losses; warming extends fire seasons.,CBD Secretariat / multiple custodians,GBF-GoalA; GBF-T2,[INT-L-004]; [INT-P-006]
GBF-097,A.CY.3 Mountain Green Cover Index,CBD Global Biodiversity Framework (GBF),State – Habitats,Nature & Biodiversity,Complementary,Index of mountain ecosystem green cover (vegetation % of mountain area); official SDG 15.4.2,Global,GBF Goal A (complementary). Mountain ecosystem vegetation status. Official SDG 15.4.2.,"CBD/COP/16/L.26/Rev.1 (26 February 2025). Monitoring framework for the KM-GBF – Annex II (component/complementary indicators). COP-16 resumed session, Rome. https://www.cbd.int/doc/c/1e13/f20d/81cd8447744640bbd21e008f/cop-16-l-26-rev1-en.pdf",MODIS land cover; FAO; UNEP-WCMC mountain ecosystem layers,2,2 – Medium,Mountain NDVI directly affected by temperature (growing season length) and precipitation.,CBD Secretariat / multiple custodians,GBF-GoalA; GBF-T2,[INT-L-004]; [INT-P-006]
GBF-098,A.CY.4 Continuous global mangrove forest cover (CGMFC-21),CBD Global Biodiversity Framework (GBF),State – Habitats,Land Use & Agriculture,Complementary,Annual global mangrove forest cover (ha) from JAXA Global Mangrove Watch (21st century time series),Global,GBF Goal A (complementary). Continuous monitoring of mangrove extent.,"CBD/COP/16/L.26/Rev.1 (26 February 2025). Monitoring framework for the KM-GBF – Annex II (component/complementary indicators). COP-16 resumed session, Rome. https://www.cbd.int/doc/c/1e13/f20d/81cd8447744640bbd21e008f/cop-16-l-26-rev1-en.pdf",JAXA Global Mangrove Watch (ALOS/Landsat); Hamilton & Casey 2016,1,1 – Low,"Extent from mapping or remote-sensing classification. Climate is a recognised long-run driver of change, but no climate data enter the area calculation and weather does not materially move the annual value (Legend 1, rule B).",CBD Secretariat / multiple custodians,GBF-GoalA; GBF-T2; GBF-T3,[INT-L-004]; [INT-P-006]
GBF-099,A.CY.5 Mangrove forest fragmentation,CBD Global Biodiversity Framework (GBF),State – Habitats,Land Use & Agriculture,Complementary,Fragmentation index for mangrove forest patches (proportion in small isolated patches),Global,GBF Goal A (complementary). Structural integrity of remaining mangrove forest.,"CBD/COP/16/L.26/Rev.1 (26 February 2025). Monitoring framework for the KM-GBF – Annex II (component/complementary indicators). COP-16 resumed session, Rome. https://www.cbd.int/doc/c/1e13/f20d/81cd8447744640bbd21e008f/cop-16-l-26-rev1-en.pdf",JAXA Global Mangrove Watch; spatial fragmentation analysis (FRAGSTATS); UNEP-WCMC,1,1 – Low,"Mangrove fragmentation from mapped extent. Extent from mapping or remote-sensing classification. Climate is a recognised long-run driver of change, but no climate data enter the area calculation and weather does not materially move the annual value (Legend 1, rule B).",CBD Secretariat / multiple custodians,GBF-GoalA; GBF-T2,[INT-L-004]; [INT-P-006]
GBF-100,A.CY.6 Mangrove extent,CBD Global Biodiversity Framework (GBF),State – Habitats,Nature & Biodiversity,Complementary,Total area (ha) of mangrove ecosystems globally and by country; trend over time,Global,GBF Goal A (complementary). Stand-alone global mangrove area (complements A.CY.4 and A.CY.5).,"CBD/COP/16/L.26/Rev.1 (26 February 2025). Monitoring framework for the KM-GBF – Annex II (component/complementary indicators). COP-16 resumed session, Rome. https://www.cbd.int/doc/c/1e13/f20d/81cd8447744640bbd21e008f/cop-16-l-26-rev1-en.pdf",Global Mangrove Watch; Ramsar; UNEP-WCMC mangrove datasets; national mangrove inventories,1,1 – Low,"Extent from mapping or remote-sensing classification. Climate is a recognised long-run driver of change, but no climate data enter the area calculation and weather does not materially move the annual value (Legend 1, rule B).",CBD Secretariat / multiple custodians,GBF-GoalA; GBF-T2; GBF-T3,[INT-L-004]; [INT-P-006]
GBF-101,A.CY.7 Global salt marsh extent,CBD Global Biodiversity Framework (GBF),State – Habitats,Marine & Fisheries,Complementary,Total area (ha) of coastal salt marsh globally; trend over time,Global,GBF Goal A (complementary). Salt marshes as blue carbon habitats under climate threat.,"CBD/COP/16/L.26/Rev.1 (26 February 2025). Monitoring framework for the KM-GBF – Annex II (component/complementary indicators). COP-16 resumed session, Rome. https://www.cbd.int/doc/c/1e13/f20d/81cd8447744640bbd21e008f/cop-16-l-26-rev1-en.pdf",Mcowen et al. 2017 dataset; Blue Carbon Initiative; national coastal habitat surveys; Sentinel-2,1,1 – Low,"Extent from mapping or remote-sensing classification. Climate is a recognised long-run driver of change, but no climate data enter the area calculation and weather does not materially move the annual value (Legend 1, rule B).",CBD Secretariat / multiple custodians,GBF-GoalA; GBF-T2; GBF-T3,[INT-L-004]; [INT-P-006]
GBF-102,A.CY.8 Wetland Extent Trends (WET) Index,CBD Global Biodiversity Framework (GBF),State – Habitats,Water,Complementary,Index (baseline = 100); % change in natural wetland area; by wetland type,Global,GBF Goal A (complementary). Tracks natural wetland extent globally. Relevant to Ramsar and SDG 6.6.,"CBD/COP/16/L.26/Rev.1 (26 February 2025). Monitoring framework for the KM-GBF – Annex II (component/complementary indicators). COP-16 resumed session, Rome. https://www.cbd.int/doc/c/1e13/f20d/81cd8447744640bbd21e008f/cop-16-l-26-rev1-en.pdf",WETLANDS International GWDE; Ramsar; MODIS surface water; national wetland inventories,2,2 – Medium,Wetland extent strongly affected by rainfall patterns and drought; precipitation is a direct driver.,CBD Secretariat / multiple custodians,GBF-GoalA; GBF-T2; GBF-T3,[INT-L-004]; [INT-P-006]
GBF-103,A.CY.9 Forest Fragmentation Index,CBD Global Biodiversity Framework (GBF),State – Habitats,Land Use & Agriculture,Complementary,Index of spatial fragmentation of remaining forest cover (edge/patch/core classification),Global,GBF Goal A (complementary). Forest habitat fragmentation as a biodiversity threat beyond area loss.,"CBD/COP/16/L.26/Rev.1 (26 February 2025). Monitoring framework for the KM-GBF – Annex II (component/complementary indicators). COP-16 resumed session, Rome. https://www.cbd.int/doc/c/1e13/f20d/81cd8447744640bbd21e008f/cop-16-l-26-rev1-en.pdf",ESA CCI Land Cover; Hansen et al. forest cover; FRAGSTATS landscape metrics,1,1 – Low,"Forest fragmentation from mapped forest cover; climate-driven fire is a background driver but no climate data enter (Legend 1, rule B).",CBD Secretariat / multiple custodians,GBF-GoalA; GBF-T1; GBF-T2,[INT-L-004]; [INT-P-006]
GBF-104,A.CY.10 Forest Landscape Integrity Index (FLII),CBD Global Biodiversity Framework (GBF),State – Habitats,Land Use & Agriculture,Complementary,Index (1 = fully intact; 0 = fully modified) of anthropogenic modification within forest landscapes,Global,GBF Goal A (complementary). Forest landscape integrity including edge effects and degradation.,"CBD/COP/16/L.26/Rev.1 (26 February 2025). Monitoring framework for the KM-GBF – Annex II (component/complementary indicators). COP-16 resumed session, Rome. https://www.cbd.int/doc/c/1e13/f20d/81cd8447744640bbd21e008f/cop-16-l-26-rev1-en.pdf",Grantham et al. 2020 global FLII dataset; Hansen forest cover; GFW road network,1,1 – Low,FLII based on land-use modification; climate-driven fire increasingly affects values.,CBD Secretariat / multiple custodians,GBF-GoalA; GBF-T1; GBF-T2,[INT-L-004]; [INT-P-006]
GBF-105,A.CY.11 Global Vegetation Health Products (VHP),CBD Global Biodiversity Framework (GBF),State – Habitats,Nature & Biodiversity | Health,Complementary,Vegetation Health Index (VHI) from NOAA AVHRR; anomalies in vegetation condition and stress,Global,GBF Goal A (complementary). Real-time vegetation stress and health using satellite data.,"CBD/COP/16/L.26/Rev.1 (26 February 2025). Monitoring framework for the KM-GBF – Annex II (component/complementary indicators). COP-16 resumed session, Rome. https://www.cbd.int/doc/c/1e13/f20d/81cd8447744640bbd21e008f/cop-16-l-26-rev1-en.pdf",NOAA AVHRR/VIIRS VHI products; NOAA Centre for Satellite Applications,3,3 – High,"VHI directly reflects drought, heat stress and climate-driven vegetation anomalies; temperature and moisture are primary inputs.",CBD Secretariat / multiple custodians,GBF-GoalA,[INT-L-004]; [INT-P-006]
GBF-106,A.CY.12 Relative magnitude of fragmentation,CBD Global Biodiversity Framework (GBF),State – Habitats,Nature & Biodiversity,Complementary,Comparative fragmentation metric across ecosystem types relative to historical baseline,Global,GBF Goal A (complementary). Contextualises current fragmentation trends against historical reference.,"CBD/COP/16/L.26/Rev.1 (26 February 2025). Monitoring framework for the KM-GBF – Annex II (component/complementary indicators). COP-16 resumed session, Rome. https://www.cbd.int/doc/c/1e13/f20d/81cd8447744640bbd21e008f/cop-16-l-26-rev1-en.pdf",Remote sensing land-cover time series; landscape ecology analysis tools; Map of Life,1,1 – Low,Fragmentation trends from remote sensing; climate-driven fires and droughts contribute.,CBD Secretariat / multiple custodians,GBF-GoalA; GBF-T1,[INT-L-004]; [INT-P-006]
GBF-107,A.CY.13 Ocean Health Index,CBD Global Biodiversity Framework (GBF),Benefit,Nature & Biodiversity | Marine & Fisheries | Water,Complementary,"Composite score (0–100) across 10 ocean health goals (food, clean water, biodiversity, etc.)",Global,GBF Goal A / Goal B (complementary). Overall health of marine ecosystems and services to people.,"CBD/COP/16/L.26/Rev.1 (26 February 2025). Monitoring framework for the KM-GBF – Annex II (component/complementary indicators). COP-16 resumed session, Rome. https://www.cbd.int/doc/c/1e13/f20d/81cd8447744640bbd21e008f/cop-16-l-26-rev1-en.pdf","NCEAS; Halpern et al. 2012, 2015, 2022 (Nature); multiple global marine datasets",2,2 – Medium,Ocean warming and acidification are components of OHI; SST embedded in several goal scores.,CBD Secretariat / multiple custodians,GBF-GoalA; GBF-GoalB; GBF-T3,[INT-L-004]; [INT-P-006]
GBF-108,A.CY.14 Extent of physical damage to predominant seafloor habitats,CBD Global Biodiversity Framework (GBF),State – Habitats,Nature & Biodiversity,Complementary,"Area (km²) of seafloor habitat physically damaged by bottom trawling, mining and other disturbances",Global,GBF Goal A (complementary). Seabed integrity as a dimension of marine biodiversity.,"CBD/COP/16/L.26/Rev.1 (26 February 2025). Monitoring framework for the KM-GBF – Annex II (component/complementary indicators). COP-16 resumed session, Rome. https://www.cbd.int/doc/c/1e13/f20d/81cd8447744640bbd21e008f/cop-16-l-26-rev1-en.pdf",ICES VMS fishing effort data; Global Fishing Watch; OSPAR benthic habitat monitoring,0,0 – None,Physical damage from fishing/mining tracked from vessel monitoring data; no climate inputs.,CBD Secretariat / multiple custodians,GBF-GoalA; GBF-T3,[INT-L-004]; [INT-P-006]
GBF-109,A.CY.15 River Fragmentation Index,CBD Global Biodiversity Framework (GBF),State – Habitats,Water,Complementary,Index of how fragmented river networks are by dams and other structures,Global,GBF Goal A (complementary). Freshwater connectivity for migratory and freshwater species.,"CBD/COP/16/L.26/Rev.1 (26 February 2025). Monitoring framework for the KM-GBF – Annex II (component/complementary indicators). COP-16 resumed session, Rome. https://www.cbd.int/doc/c/1e13/f20d/81cd8447744640bbd21e008f/cop-16-l-26-rev1-en.pdf",Grill et al. 2019 (Nature); Global Dam Watch; HydroSHEDS,1,1 – Low,River fragmentation from GIS infrastructure data; climate change affects flow regimes but not the connectivity index directly.,CBD Secretariat / multiple custodians,GBF-GoalA; GBF-T2,[INT-L-004]; [INT-P-006]
GBF-110,A.CY.16 Mean species abundance,CBD Global Biodiversity Framework (GBF),State – Species,Nature & Biodiversity,Complementary,Index of mean local abundance of species relative to undisturbed reference state,Global,GBF Goal A (complementary). Whether local biodiversity abundance is maintained at landscape scale.,"CBD/COP/16/L.26/Rev.1 (26 February 2025). Monitoring framework for the KM-GBF – Annex II (component/complementary indicators). COP-16 resumed session, Rome. https://www.cbd.int/doc/c/1e13/f20d/81cd8447744640bbd21e008f/cop-16-l-26-rev1-en.pdf",GLOBIO model; PREDICTS; land-use maps; national biodiversity monitoring,1,1 – Low,MSA modelled from land-use; climate as background variable affecting habitat suitability.,CBD Secretariat / multiple custodians,GBF-GoalA; GBF-T4,[INT-L-004]; [INT-P-006]
GBF-111,A.CY.17 Changes in plankton biomass and abundance,CBD Global Biodiversity Framework (GBF),State – Species,Nature & Biodiversity | Marine & Fisheries | Energy,Complementary,Index of phytoplankton and zooplankton biomass and community composition change,Global,GBF Goal A (complementary). Plankton as foundational marine biodiversity and food web indicator.,"CBD/COP/16/L.26/Rev.1 (26 February 2025). Monitoring framework for the KM-GBF – Annex II (component/complementary indicators). COP-16 resumed session, Rome. https://www.cbd.int/doc/c/1e13/f20d/81cd8447744640bbd21e008f/cop-16-l-26-rev1-en.pdf",CPR Survey (SAHFOS / CEFAS); MODIS ocean colour; ARGO floats; IOC-UNESCO OBIS,2,2 – Medium,"Plankton biomass and community indices from CPR, ocean colour and survey data; SST and stratification move values strongly but are not an input to the index (Legend 2, rule D; aligned with [IND-E-019]).",CBD Secretariat / multiple custodians,GBF-GoalA,[INT-L-004]; [INT-P-006]
GBF-112,A.CY.18 Comprehensiveness of conservation of socioeconomically and culturally valuable species,CBD Global Biodiversity Framework (GBF),Enabling,Nature & Biodiversity,Complementary,Index of gap coverage for valuable species in ex-situ and in-situ conservation collections,Global,GBF Goal A (complementary). Conservation gaps for species important to human well-being.,"CBD/COP/16/L.26/Rev.1 (26 February 2025). Monitoring framework for the KM-GBF – Annex II (component/complementary indicators). COP-16 resumed session, Rome. https://www.cbd.int/doc/c/1e13/f20d/81cd8447744640bbd21e008f/cop-16-l-26-rev1-en.pdf",GENEBANK platform; national genebanks; GBIF; crop wild relative datasets; Khoury et al.,0,0 – None,Gap analysis from occurrence and collection data; no climate inputs.,CBD Secretariat / multiple custodians,GBF-GoalA; GBF-T4; GBF-T13,[INT-L-004]; [INT-P-006]
GBF-113,A.CY.19 Red List Index – wild relatives of domesticated animals,CBD Global Biodiversity Framework (GBF),State – Species,Nature & Biodiversity | Land Use & Agriculture,Complementary,RLI (0–1) for wild relatives of domesticated animal species used in food and agriculture,Global,"GBF Goal A / T4, T10 (complementary). Genetic resource for food security under climate change.","CBD/COP/16/L.26/Rev.1 (26 February 2025). Monitoring framework for the KM-GBF – Annex II (component/complementary indicators). COP-16 resumed session, Rome. https://www.cbd.int/doc/c/1e13/f20d/81cd8447744640bbd21e008f/cop-16-l-26-rev1-en.pdf",IUCN Red List; FAO list of wild relatives of domesticated animals; IUCN SSC specialist groups,1,1 – Low,"Aggregates IUCN Red List category changes. Climate change is a recognised threat driver, but assessments are expert status classifications: no climate data enter the calculation and weather does not move the annual value (Legend 1, rule B).",CBD Secretariat / multiple custodians,GBF-GoalA; GBF-T4; GBF-T10,[INT-L-004]; [INT-P-006]
GBF-114,A.CY.20 Species Status Information Index,CBD Global Biodiversity Framework (GBF),Enabling,Nature & Biodiversity,Complementary,Index of data availability and completeness for species status assessments,Global,GBF Goal A / T21 (complementary). Whether sufficient data exist to assess species status.,"CBD/COP/16/L.26/Rev.1 (26 February 2025). Monitoring framework for the KM-GBF – Annex II (component/complementary indicators). COP-16 resumed session, Rome. https://www.cbd.int/doc/c/1e13/f20d/81cd8447744640bbd21e008f/cop-16-l-26-rev1-en.pdf",IUCN Red List database coverage statistics; GBIF backbone taxonomy; GEO BON,0,0 – None,Data coverage metrics from IUCN assessment records; no climate data.,CBD Secretariat / multiple custodians,GBF-GoalA; GBF-T21,[INT-L-004]; [INT-P-006]
GBF-115,A.CY.21 Expected loss of phylogenetic diversity,CBD Global Biodiversity Framework (GBF),State – Species,Nature & Biodiversity,Complementary,Expected fraction of total evolutionary history (million branch-years) lost under current extinction trajectories,Global,GBF Goal A (complementary). Loss of evolutionary heritage beyond species count.,"CBD/COP/16/L.26/Rev.1 (26 February 2025). Monitoring framework for the KM-GBF – Annex II (component/complementary indicators). COP-16 resumed session, Rome. https://www.cbd.int/doc/c/1e13/f20d/81cd8447744640bbd21e008f/cop-16-l-26-rev1-en.pdf",IUCN Red List; timetree.org; Redding & Mooers (2006) methodology; Jetz et al. phylogenetic databases,1,1 – Low,"Expected loss of phylogenetic diversity is computed from Red List extinction probabilities; no climate data enter (Legend 1, rule B).",CBD Secretariat / multiple custodians,GBF-GoalA; GBF-T4,[INT-L-004]; [INT-P-006]
GBF-116,A.CY.22 Proportion of populations maintained within species,CBD Global Biodiversity Framework (GBF),State – Species,"Nature & Biodiversity | Governance, Society & Data",Complementary,% of wild populations within species that are maintained (extant vs historically known populations),Global,GBF Goal A / T4 (complementary). Population-level tracking as finer resolution than Ne > 500 (A.4).,"CBD/COP/16/L.26/Rev.1 (26 February 2025). Monitoring framework for the KM-GBF – Annex II (component/complementary indicators). COP-16 resumed session, Rome. https://www.cbd.int/doc/c/1e13/f20d/81cd8447744640bbd21e008f/cop-16-l-26-rev1-en.pdf",National population monitoring; IUCN Red List population data; species demographic surveys,1,1 – Low,Population maintenance affected by climate through habitat changes; data from population surveys.,CBD Secretariat / multiple custodians,GBF-GoalA; GBF-T4,[INT-L-004]; [INT-P-006]
GBF-117,B.CY.1 Red List Index – pollinating species,CBD Global Biodiversity Framework (GBF),State – Species,Nature & Biodiversity,Complementary,"RLI (0–1) for wild pollinator species (bees, hoverflies, moths, butterflies)",Global,"GBF Goal B / T4, T11 (complementary). Pollinators underpin food production and ecosystem function.","CBD/COP/16/L.26/Rev.1 (26 February 2025). Monitoring framework for the KM-GBF – Annex II (component/complementary indicators). COP-16 resumed session, Rome. https://www.cbd.int/doc/c/1e13/f20d/81cd8447744640bbd21e008f/cop-16-l-26-rev1-en.pdf",IUCN Red List; IPBES Pollination Assessment 2016; pollinators specialist groups,1,1 – Low,"Aggregates IUCN Red List category changes. Climate change is a recognised threat driver, but assessments are expert status classifications: no climate data enter the calculation and weather does not move the annual value (Legend 1, rule B).",CBD Secretariat / multiple custodians,GBF-GoalB; GBF-T4; GBF-T10; GBF-T11,[INT-L-004]; [INT-P-006]
GBF-118,B.CY.2 Forestry production and trade (wood fuel),CBD Global Biodiversity Framework (GBF),Benefit,Land Use & Agriculture | Trade & Industry,Complementary,Volume (m³/year) and value (USD/year) of wood fuel production and trade,Global,GBF Goal B / T10 (complementary). Provisioning ecosystem service from forests for energy.,"CBD/COP/16/L.26/Rev.1 (26 February 2025). Monitoring framework for the KM-GBF – Annex II (component/complementary indicators). COP-16 resumed session, Rome. https://www.cbd.int/doc/c/1e13/f20d/81cd8447744640bbd21e008f/cop-16-l-26-rev1-en.pdf",FAO FAOSTAT forestry production statistics; ITTO timber trade data,0,0 – None,Wood fuel production from FAO forestry statistics; no climate data.,CBD Secretariat / multiple custodians,GBF-GoalB; GBF-T10,[INT-L-004]; [INT-P-006]
GBF-119,B.CY.3 UNESCO culture|2030 indicators,CBD Global Biodiversity Framework (GBF),Benefit,"Governance, Society & Data",Complementary,"Suite of indicators on culture and sustainable development, including nature-based cultural practices",Global,GBF Goal B / T22 (complementary). Cultural contributions of nature to sustainable development.,"CBD/COP/16/L.26/Rev.1 (26 February 2025). Monitoring framework for the KM-GBF – Annex II (component/complementary indicators). COP-16 resumed session, Rome. https://www.cbd.int/doc/c/1e13/f20d/81cd8447744640bbd21e008f/cop-16-l-26-rev1-en.pdf",UNESCO Institute for Statistics; national cultural heritage databases,0,0 – None,Cultural heritage indicators from UNESCO surveys; no climate data.,CBD Secretariat / multiple custodians,GBF-GoalB; GBF-T22,[INT-L-004]; [INT-P-006]
GBF-120,C.CY.1 Number of users providing information on utilisation of genetic resources to designated checkpoints,CBD Global Biodiversity Framework (GBF),Enabling,"Governance, Society & Data",Complementary,Count of user reports submitted to national checkpoints under Nagoya Protocol,Global,GBF Goal C / T13 (complementary). ABS compliance reporting through checkpoint system.,"CBD/COP/16/L.26/Rev.1 (26 February 2025). Monitoring framework for the KM-GBF – Annex II (component/complementary indicators). COP-16 resumed session, Rome. https://www.cbd.int/doc/c/1e13/f20d/81cd8447744640bbd21e008f/cop-16-l-26-rev1-en.pdf",CBD ABS Clearing-House checkpoint submissions; national ABS checkpoint databases,0,0 – None,ABS user reports from administrative records; no climate data.,CBD Secretariat / multiple custodians,GBF-GoalC; GBF-T13,[INT-L-004]; [INT-P-006]
GBF-121,C.CY.2 Number of checkpoint communiqués published on the ABS Clearing-House,CBD Global Biodiversity Framework (GBF),Enabling,"Governance, Society & Data",Complementary,Count of communiqués from designated checkpoints published on ABS Clearing-House,Global,GBF Goal C / T13 (complementary). ABS compliance verification communications.,"CBD/COP/16/L.26/Rev.1 (26 February 2025). Monitoring framework for the KM-GBF – Annex II (component/complementary indicators). COP-16 resumed session, Rome. https://www.cbd.int/doc/c/1e13/f20d/81cd8447744640bbd21e008f/cop-16-l-26-rev1-en.pdf",CBD ABS Clearing-House (https://absch.cbd.int),0,0 – None,Communiqué counts from ABS Clearing-House records; no climate data.,CBD Secretariat / multiple custodians,GBF-GoalC; GBF-T13,[INT-L-004]; [INT-P-006]
GBF-122,C.CY.3 Total number of IRCCs for non-commercial purposes in the ABS Clearing-House,CBD Global Biodiversity Framework (GBF),Enabling,Trade & Industry,Complementary,Count of internationally recognised certificates of compliance for non-commercial genetic resource utilisation,Global,GBF Goal C / T13 (complementary). ABS compliance for academic and research purposes.,"CBD/COP/16/L.26/Rev.1 (26 February 2025). Monitoring framework for the KM-GBF – Annex II (component/complementary indicators). COP-16 resumed session, Rome. https://www.cbd.int/doc/c/1e13/f20d/81cd8447744640bbd21e008f/cop-16-l-26-rev1-en.pdf",CBD ABS Clearing-House (https://absch.cbd.int); CBD Secretariat,0,0 – None,IRCC counts from ABS Clearing-House; no climate data.,CBD Secretariat / multiple custodians,GBF-GoalC; GBF-T13,[INT-L-004]; [INT-P-006]
GBF-123,D.CY.1 Number of researchers per million population,CBD Global Biodiversity Framework (GBF),Enabling,"Governance, Society & Data",Complementary,Full-time equivalent researchers per million inhabitants; SDG 9.5.2,Global,GBF Goal D (complementary). Research capacity as means of implementation. Relevant to SDG 9.5.2.,"CBD/COP/16/L.26/Rev.1 (26 February 2025). Monitoring framework for the KM-GBF – Annex II (component/complementary indicators). COP-16 resumed session, Rome. https://www.cbd.int/doc/c/1e13/f20d/81cd8447744640bbd21e008f/cop-16-l-26-rev1-en.pdf",UNESCO Institute for Statistics; national R&D surveys; OECD MSTI database,0,0 – None,Research capacity from educational/institutional records; no climate data.,CBD Secretariat / multiple custodians,GBF-GoalD; GBF-T20,[INT-L-004]; [INT-P-006]
GBF-124,D.CY.2 Number of joint scientific papers published in OBIS by sector,CBD Global Biodiversity Framework (GBF),Enabling,Nature & Biodiversity | Marine & Fisheries,Complementary,"Annual count of biodiversity-related publications using OBIS marine biodiversity data, by sector",Global,GBF Goal D (complementary). Scientific cooperation as means of implementation.,"CBD/COP/16/L.26/Rev.1 (26 February 2025). Monitoring framework for the KM-GBF – Annex II (component/complementary indicators). COP-16 resumed session, Rome. https://www.cbd.int/doc/c/1e13/f20d/81cd8447744640bbd21e008f/cop-16-l-26-rev1-en.pdf",Ocean Biodiversity Information System (OBIS) publication metrics; Scopus/Web of Science,0,0 – None,Publication counts from bibliometric databases; no climate data.,CBD Secretariat / multiple custodians,GBF-GoalD; GBF-T20,[INT-L-004]; [INT-P-006]
GBF-125,D.CY.3 Proportion of total R&D budget allocated to marine technology research,CBD Global Biodiversity Framework (GBF),Enabling,Marine & Fisheries | Finance,Complementary,% of national R&D budget allocated to marine technology; SDG 14.a.1,Global,GBF Goal D (complementary). Marine technology research investment. Relevant to SDG 14.a.1.,"CBD/COP/16/L.26/Rev.1 (26 February 2025). Monitoring framework for the KM-GBF – Annex II (component/complementary indicators). COP-16 resumed session, Rome. https://www.cbd.int/doc/c/1e13/f20d/81cd8447744640bbd21e008f/cop-16-l-26-rev1-en.pdf",UNESCO UIS; national R&D budget statistics; OECD MSTI,0,0 – None,R&D budget allocation from national statistical records; no climate data.,CBD Secretariat / multiple custodians,GBF-GoalD; GBF-T20,[INT-L-004]; [INT-P-006]
GBF-126,D.CY.4 Volume of ODA flows for scholarships by sector and type of study,CBD Global Biodiversity Framework (GBF),Enabling,"Nature & Biodiversity | Finance | Governance, Society & Data",Complementary,USD million/year in ODA for scholarships and education in environment/biodiversity fields,Global,GBF Goal D (complementary). Education and training finance as capacity-building means.,"CBD/COP/16/L.26/Rev.1 (26 February 2025). Monitoring framework for the KM-GBF – Annex II (component/complementary indicators). COP-16 resumed session, Rome. https://www.cbd.int/doc/c/1e13/f20d/81cd8447744640bbd21e008f/cop-16-l-26-rev1-en.pdf",OECD DAC CRS; UNESCO UIS scholarship tracking,0,0 – None,ODA scholarship data from OECD financial records; no climate data.,CBD Secretariat / multiple custodians,GBF-GoalD; GBF-T20,[INT-L-004]; [INT-P-006]
GBF-127,D.CY.5 Global imports of ICT goods by category,CBD Global Biodiversity Framework (GBF),Enabling,Trade & Industry,Complementary,USD million/year in global ICT goods imports; technology access proxy,Global,GBF Goal D (complementary). ICT access as technology transfer indicator.,"CBD/COP/16/L.26/Rev.1 (26 February 2025). Monitoring framework for the KM-GBF – Annex II (component/complementary indicators). COP-16 resumed session, Rome. https://www.cbd.int/doc/c/1e13/f20d/81cd8447744640bbd21e008f/cop-16-l-26-rev1-en.pdf",UNCTAD bilateral trade statistics; WTO International Trade Statistics; national customs data,0,0 – None,ICT trade from customs/trade records; no climate data.,CBD Secretariat / multiple custodians,GBF-GoalD; GBF-T20,[INT-L-004]; [INT-P-006]
GBF-128,D.CY.6 International funding targeted at IPLCs within biodiversity-related activities,CBD Global Biodiversity Framework (GBF),Enabling,"Nature & Biodiversity | Finance | Governance, Society & Data",Complementary,USD million/year in biodiversity-related international finance directed to indigenous and local communities,Global,"GBF Goal D / T19, T22 (complementary). Equity in biodiversity finance for IPLCs.","CBD/COP/16/L.26/Rev.1 (26 February 2025). Monitoring framework for the KM-GBF – Annex II (component/complementary indicators). COP-16 resumed session, Rome. https://www.cbd.int/doc/c/1e13/f20d/81cd8447744640bbd21e008f/cop-16-l-26-rev1-en.pdf",OECD DAC CRS IPLC-disaggregated; CBD Finance Portal; indigenous finance tracking databases,0,0 – None,Finance flows from OECD CRS disaggregation; no climate data.,CBD Secretariat / multiple custodians,GBF-GoalD; GBF-T19; GBF-T22,[INT-L-004]; [INT-P-006]
GBF-129,D.CY.7 International funding targeted at youth within biodiversity-related activities,CBD Global Biodiversity Framework (GBF),Enabling,"Nature & Biodiversity | Finance | Governance, Society & Data",Complementary,USD million/year in biodiversity-related international finance directed to youth organisations,Global,GBF Goal D / T19 (complementary). Equity in biodiversity finance for youth.,"CBD/COP/16/L.26/Rev.1 (26 February 2025). Monitoring framework for the KM-GBF – Annex II (component/complementary indicators). COP-16 resumed session, Rome. https://www.cbd.int/doc/c/1e13/f20d/81cd8447744640bbd21e008f/cop-16-l-26-rev1-en.pdf",OECD DAC CRS; CBD Finance Portal; youth programme financial tracking,0,0 – None,Finance flows from OECD CRS disaggregation; no climate data.,CBD Secretariat / multiple custodians,GBF-GoalD; GBF-T19,[INT-L-004]; [INT-P-006]
GBF-130,D.CY.8 International funding targeted at gender equality within biodiversity-related activities,CBD Global Biodiversity Framework (GBF),Enabling,"Nature & Biodiversity | Finance | Governance, Society & Data",Complementary,USD million/year in biodiversity-related international finance with gender equality objectives,Global,"GBF Goal D / T19, T23 (complementary). Gender-responsive biodiversity finance.","CBD/COP/16/L.26/Rev.1 (26 February 2025). Monitoring framework for the KM-GBF – Annex II (component/complementary indicators). COP-16 resumed session, Rome. https://www.cbd.int/doc/c/1e13/f20d/81cd8447744640bbd21e008f/cop-16-l-26-rev1-en.pdf",OECD DAC CRS gender marker; CBD Finance Portal; UN Women biodiversity finance tracking,0,0 – None,Finance flows from OECD CRS gender marker; no climate data.,CBD Secretariat / multiple custodians,GBF-GoalD; GBF-T19; GBF-T23,[INT-L-004]; [INT-P-006]
GBF-131,D.CY.9 Monetary value of annual biodiversity budget from total national budget,CBD Global Biodiversity Framework (GBF),Enabling,"Nature & Biodiversity | Finance | Governance, Society & Data",Complementary,USD million/year and % of total national government budget allocated to biodiversity,Global,GBF Goal D / T19 (complementary). Domestic government commitment to biodiversity finance.,"CBD/COP/16/L.26/Rev.1 (26 February 2025). Monitoring framework for the KM-GBF – Annex II (component/complementary indicators). COP-16 resumed session, Rome. https://www.cbd.int/doc/c/1e13/f20d/81cd8447744640bbd21e008f/cop-16-l-26-rev1-en.pdf",National budget documents; CBD Finance Portal; OECD environment expenditure statistics,0,0 – None,National budget allocation from government finance records; no climate data.,CBD Secretariat / multiple custodians,GBF-GoalD; GBF-T19,[INT-L-004]; [INT-P-006]
GBF-132,D.CY.10 Percentage of annual biodiversity expenditure in total national government budgets,CBD Global Biodiversity Framework (GBF),Enabling,"Nature & Biodiversity | Finance | Governance, Society & Data",Complementary,% of total national government budget allocated to biodiversity,Global,GBF Goal D / T19 (complementary). Biodiversity expenditure share as governance commitment.,"CBD/COP/16/L.26/Rev.1 (26 February 2025). Monitoring framework for the KM-GBF – Annex II (component/complementary indicators). COP-16 resumed session, Rome. https://www.cbd.int/doc/c/1e13/f20d/81cd8447744640bbd21e008f/cop-16-l-26-rev1-en.pdf",National government budget records; OECD environment expenditure statistics; CBD Finance Portal,0,0 – None,Budget percentage from national financial records; no climate data.,CBD Secretariat / multiple custodians,GBF-GoalD; GBF-T19,[INT-L-004]; [INT-P-006]
GBF-133,D.CY.11 Domestic funding targeted at IPLCs within biodiversity-related activities,CBD Global Biodiversity Framework (GBF),Enabling,"Nature & Biodiversity | Finance | Governance, Society & Data",Complementary,USD million/year in domestic biodiversity finance directed to IPLCs,Global,"GBF Goal D / T19, T22 (complementary). Domestic equity in biodiversity finance for IPLCs.","CBD/COP/16/L.26/Rev.1 (26 February 2025). Monitoring framework for the KM-GBF – Annex II (component/complementary indicators). COP-16 resumed session, Rome. https://www.cbd.int/doc/c/1e13/f20d/81cd8447744640bbd21e008f/cop-16-l-26-rev1-en.pdf",National budget records; IPLC-focused programme financial data; CBD Finance Portal,0,0 – None,National budget records; no climate data.,CBD Secretariat / multiple custodians,GBF-GoalD; GBF-T19; GBF-T22,[INT-L-004]; [INT-P-006]
GBF-134,D.CY.12 Domestic funding targeted at youth within biodiversity-related activities,CBD Global Biodiversity Framework (GBF),Enabling,"Nature & Biodiversity | Finance | Governance, Society & Data",Complementary,USD million/year in domestic biodiversity finance directed to youth organisations,Global,GBF Goal D / T19 (complementary). Domestic equity in biodiversity finance for youth.,"CBD/COP/16/L.26/Rev.1 (26 February 2025). Monitoring framework for the KM-GBF – Annex II (component/complementary indicators). COP-16 resumed session, Rome. https://www.cbd.int/doc/c/1e13/f20d/81cd8447744640bbd21e008f/cop-16-l-26-rev1-en.pdf",National budget records; youth programme data,0,0 – None,National budget records; no climate data.,CBD Secretariat / multiple custodians,GBF-GoalD; GBF-T19,[INT-L-004]; [INT-P-006]
GBF-135,D.CY.13 Domestic funding targeted at gender equality within biodiversity-related activities,CBD Global Biodiversity Framework (GBF),Enabling,"Nature & Biodiversity | Finance | Governance, Society & Data",Complementary,USD million/year in domestic biodiversity finance with gender equality objectives,Global,"GBF Goal D / T19, T23 (complementary). Domestic gender-responsive biodiversity finance.","CBD/COP/16/L.26/Rev.1 (26 February 2025). Monitoring framework for the KM-GBF – Annex II (component/complementary indicators). COP-16 resumed session, Rome. https://www.cbd.int/doc/c/1e13/f20d/81cd8447744640bbd21e008f/cop-16-l-26-rev1-en.pdf",National budget records with gender tagging; UNDP gender budget tracking,0,0 – None,Budget records with gender marker; no climate data.,CBD Secretariat / multiple custodians,GBF-GoalD; GBF-T19; GBF-T23,[INT-L-004]; [INT-P-006]
GBF-136,D.CY.14 Private funding targeted at IPLCs within biodiversity-related activities,CBD Global Biodiversity Framework (GBF),Enabling,"Nature & Biodiversity | Finance | Governance, Society & Data",Complementary,USD million/year in private biodiversity finance directed to indigenous and local communities,Global,"GBF Goal D / T19, T22 (complementary). Private sector equity for IPLCs in biodiversity finance.","CBD/COP/16/L.26/Rev.1 (26 February 2025). Monitoring framework for the KM-GBF – Annex II (component/complementary indicators). COP-16 resumed session, Rome. https://www.cbd.int/doc/c/1e13/f20d/81cd8447744640bbd21e008f/cop-16-l-26-rev1-en.pdf",Ecosystem Marketplace; voluntary corporate reports; impact investing databases,0,0 – None,Private finance flows from voluntary disclosures; no climate data.,CBD Secretariat / multiple custodians,GBF-GoalD; GBF-T19; GBF-T22,[INT-L-004]; [INT-P-006]
GBF-137,D.CY.15 Private funding targeted at youth within biodiversity-related activities,CBD Global Biodiversity Framework (GBF),Enabling,"Nature & Biodiversity | Finance | Governance, Society & Data",Complementary,USD million/year in private biodiversity finance directed to youth organisations,Global,GBF Goal D / T19 (complementary). Private sector support for youth biodiversity work.,"CBD/COP/16/L.26/Rev.1 (26 February 2025). Monitoring framework for the KM-GBF – Annex II (component/complementary indicators). COP-16 resumed session, Rome. https://www.cbd.int/doc/c/1e13/f20d/81cd8447744640bbd21e008f/cop-16-l-26-rev1-en.pdf",Ecosystem Marketplace; voluntary corporate philanthropy reports,0,0 – None,Private finance flows from voluntary disclosures; no climate data.,CBD Secretariat / multiple custodians,GBF-GoalD; GBF-T19,[INT-L-004]; [INT-P-006]
GBF-138,D.CY.16 Private funding targeted at gender equality within biodiversity-related activities,CBD Global Biodiversity Framework (GBF),Enabling,"Nature & Biodiversity | Finance | Governance, Society & Data",Complementary,USD million/year in private biodiversity finance with gender equality objectives,Global,"GBF Goal D / T19, T23 (complementary). Private sector gender-responsive biodiversity finance.","CBD/COP/16/L.26/Rev.1 (26 February 2025). Monitoring framework for the KM-GBF – Annex II (component/complementary indicators). COP-16 resumed session, Rome. https://www.cbd.int/doc/c/1e13/f20d/81cd8447744640bbd21e008f/cop-16-l-26-rev1-en.pdf",Ecosystem Marketplace; impact investing databases; UN Women private finance tracking,0,0 – None,Private finance flows from voluntary disclosures; no climate data.,CBD Secretariat / multiple custodians,GBF-GoalD; GBF-T19; GBF-T23,[INT-L-004]; [INT-P-006]
GBF-139,"D.CY.17 Private funding mobilised for IPLCs, women and youth (combined)",CBD Global Biodiversity Framework (GBF),Enabling,"Nature & Biodiversity | Finance | Governance, Society & Data",Complementary,"USD million/year in private biodiversity finance specifically mobilised for IPLCs, women and youth",Global,"GBF Goal D / T19, T22, T23 (complementary). Combined equity tracking in private biodiversity finance.","CBD/COP/16/L.26/Rev.1 (26 February 2025). Monitoring framework for the KM-GBF – Annex II (component/complementary indicators). COP-16 resumed session, Rome. https://www.cbd.int/doc/c/1e13/f20d/81cd8447744640bbd21e008f/cop-16-l-26-rev1-en.pdf",Impact investing databases; development finance institutions; voluntary private sector reports,0,0 – None,Private finance flows from databases and voluntary reports; no climate data.,CBD Secretariat / multiple custodians,GBF-GoalD; GBF-T19; GBF-T22; GBF-T23,[INT-L-004]; [INT-P-006]
GBF-140,1.CY.1 Proportion of transboundary basin area with an operational arrangement for water cooperation,CBD Global Biodiversity Framework (GBF),Enabling,Water,Complementary,% of transboundary basin area under operational water cooperation arrangements; SDG 6.5.2,Global,GBF Target 1 (complementary). Transboundary water governance as a spatial planning enabler. Official SDG 6.5.2.,"CBD/COP/16/L.26/Rev.1 (26 February 2025). Monitoring framework for the KM-GBF – Annex II (component/complementary indicators). COP-16 resumed session, Rome. https://www.cbd.int/doc/c/1e13/f20d/81cd8447744640bbd21e008f/cop-16-l-26-rev1-en.pdf",UNECE / UNESCO SDG 6.5.2 monitoring programme; national transboundary water agreements,0,0 – None,Water cooperation agreements from treaty databases; no climate data.,CBD Secretariat / multiple custodians,GBF-T1,[INT-L-004]; [INT-P-006]
GBF-141,2.CY.1 Global Ecosystem Restoration Index,CBD Global Biodiversity Framework (GBF),Enabling,Nature & Biodiversity,Complementary,Index tracking restoration activity and outcomes against UN Decade on Ecosystem Restoration targets,Global,GBF Target 2 (complementary). Restoration outcomes beyond area alone (quality dimension).,"CBD/COP/16/L.26/Rev.1 (26 February 2025). Monitoring framework for the KM-GBF – Annex II (component/complementary indicators). COP-16 resumed session, Rome. https://www.cbd.int/doc/c/1e13/f20d/81cd8447744640bbd21e008f/cop-16-l-26-rev1-en.pdf",UNEP UN Decade on Ecosystem Restoration platform; national restoration programme databases; IUCN,1,1 – Low,Restoration index aggregates programme data; climate affects restoration success rates but index is primarily governance-based.,CBD Secretariat / multiple custodians,GBF-T2,[INT-L-004]; [INT-P-006]
GBF-142,2.CY.2 Proportion of Key Biodiversity Areas in favourable condition,CBD Global Biodiversity Framework (GBF),State – Habitats,Nature & Biodiversity,Complementary,% of KBAs assessed as being in good/favourable ecological condition,Global,GBF Target 2 / T3 (complementary). Ecological quality of globally important biodiversity sites.,"CBD/COP/16/L.26/Rev.1 (26 February 2025). Monitoring framework for the KM-GBF – Annex II (component/complementary indicators). COP-16 resumed session, Rome. https://www.cbd.int/doc/c/1e13/f20d/81cd8447744640bbd21e008f/cop-16-l-26-rev1-en.pdf",KBA database (BirdLife International / IUCN); national KBA condition assessments; WDPA,1,1 – Low,KBA condition from ecological assessments; climate pressures affect condition for some KBAs.,CBD Secretariat / multiple custodians,GBF-T2; GBF-T3,[INT-L-004]; [INT-P-006]
GBF-143,"3.CY.1 Rate of protected area downgrading, downsizing and degazettement (PADDD)",CBD Global Biodiversity Framework (GBF),Enabling,Nature & Biodiversity,Complementary,Number and area (ha/year) of PADDD events; disaggregated by country and reason,Global,GBF Target 3 (complementary). Losses of formal protection undermining the 30×30 target.,"CBD/COP/16/L.26/Rev.1 (26 February 2025). Monitoring framework for the KM-GBF – Annex II (component/complementary indicators). COP-16 resumed session, Rome. https://www.cbd.int/doc/c/1e13/f20d/81cd8447744640bbd21e008f/cop-16-l-26-rev1-en.pdf",PADDD Tracker (WWF / Conservation Biology Institute); national legislation databases; WDPA historical data,0,0 – None,PADDD events from legal/administrative databases; no climate data.,CBD Secretariat / multiple custodians,GBF-T3,[INT-L-004]; [INT-P-006]
GBF-144,3.CY.2 IUCN Green List of Protected and Conserved Areas Standard,CBD Global Biodiversity Framework (GBF),Enabling,Nature & Biodiversity,Complementary,Number and area (ha) of PAs meeting the IUCN Green List Standard for effective and equitable management,Global,GBF Target 3 (complementary). High-quality PA management beyond just coverage.,"CBD/COP/16/L.26/Rev.1 (26 February 2025). Monitoring framework for the KM-GBF – Annex II (component/complementary indicators). COP-16 resumed session, Rome. https://www.cbd.int/doc/c/1e13/f20d/81cd8447744640bbd21e008f/cop-16-l-26-rev1-en.pdf",IUCN Green List Standard database; IUCN WCPA; national PA management evaluation,0,0 – None,Green List assessments from management records; no climate data.,CBD Secretariat / multiple custodians,GBF-T3,[INT-L-004]; [INT-P-006]
GBF-145,3.CY.3 Protected Area Isolation Index,CBD Global Biodiversity Framework (GBF),State – Habitats,Nature & Biodiversity,Complementary,Index of isolation of protected areas from other natural habitats (inverse of connectivity),Global,GBF Target 3 (complementary). Vulnerability of PAs to edge effects and ecological isolation.,"CBD/COP/16/L.26/Rev.1 (26 February 2025). Monitoring framework for the KM-GBF – Annex II (component/complementary indicators). COP-16 resumed session, Rome. https://www.cbd.int/doc/c/1e13/f20d/81cd8447744640bbd21e008f/cop-16-l-26-rev1-en.pdf",WDPA; ESA CCI land cover; landscape connectivity analysis; human footprint datasets,0,0 – None,Isolation calculated from GIS land-cover data; no climate inputs.,CBD Secretariat / multiple custodians,GBF-T3,[INT-L-004]; [INT-P-006]
GBF-146,3.CY.4 Protected Areas Network metric,CBD Global Biodiversity Framework (GBF),Enabling,Nature & Biodiversity,Complementary,"Composite metric assessing coverage, connectivity and effectiveness of the PA network",Global,GBF Target 3 (complementary). Holistic network-level PA system assessment.,"CBD/COP/16/L.26/Rev.1 (26 February 2025). Monitoring framework for the KM-GBF – Annex II (component/complementary indicators). COP-16 resumed session, Rome. https://www.cbd.int/doc/c/1e13/f20d/81cd8447744640bbd21e008f/cop-16-l-26-rev1-en.pdf",WDPA; GD-PAME; Protected Planet; PARC suite of indicators,0,0 – None,PA network metrics from designation and assessment databases; no climate data.,CBD Secretariat / multiple custodians,GBF-T3,[INT-L-004]; [INT-P-006]
GBF-147,3.CY.5 Number of protected areas with completed site-level governance and equity assessment,CBD Global Biodiversity Framework (GBF),Enabling,"Nature & Biodiversity | Governance, Society & Data",Complementary,Count/% of PAs with a completed site-level governance and equity assessment (e.g. SAPA framework),Global,GBF Target 3 (complementary). Quality of PA governance including equity dimensions.,"CBD/COP/16/L.26/Rev.1 (26 February 2025). Monitoring framework for the KM-GBF – Annex II (component/complementary indicators). COP-16 resumed session, Rome. https://www.cbd.int/doc/c/1e13/f20d/81cd8447744640bbd21e008f/cop-16-l-26-rev1-en.pdf",IUCN WCPA; IUCN governance and equity databases; national PA governance records,0,0 – None,Assessment completion from institutional records; no climate data.,CBD Secretariat / multiple custodians,GBF-T3,[INT-L-004]; [INT-P-006]
GBF-148,4.CY.1 Species Threat Abatement and Restoration (STAR) metric,CBD Global Biodiversity Framework (GBF),State – Species,Nature & Biodiversity,Complementary,Reduction in global extinction risk attributable to specific conservation actions (RLI-equivalent units),Global,GBF Target 4 (complementary). Conservation actions against quantified extinction risk reduction.,"CBD/COP/16/L.26/Rev.1 (26 February 2025). Monitoring framework for the KM-GBF – Annex II (component/complementary indicators). COP-16 resumed session, Rome. https://www.cbd.int/doc/c/1e13/f20d/81cd8447744640bbd21e008f/cop-16-l-26-rev1-en.pdf",Mair et al. 2021; IUCN Red List threat data; species range maps; STAR dataset (iucn.org/star),1,1 – Low,"STAR is computed from IUCN threat coding and species ranges; climate is one threat category but no climate data enter (Legend 1, rule B).",CBD Secretariat / multiple custodians,GBF-T4,[INT-L-004]; [INT-P-006]
GBF-149,4.CY.2 Number of island invasive alien species eradications,CBD Global Biodiversity Framework (GBF),Enabling,Nature & Biodiversity | Biosecurity,Complementary,Cumulative number of successful IAS eradications on islands globally,Global,GBF Target 4 / T6 (complementary). Conservation success in preventing island extinctions.,"CBD/COP/16/L.26/Rev.1 (26 February 2025). Monitoring framework for the KM-GBF – Annex II (component/complementary indicators). COP-16 resumed session, Rome. https://www.cbd.int/doc/c/1e13/f20d/81cd8447744640bbd21e008f/cop-16-l-26-rev1-en.pdf",Island Conservation eradication database; IUCN ISSG; Global Island Invasive Vertebrate Eradication database,0,0 – None,Eradication programme records; no climate data.,CBD Secretariat / multiple custodians,GBF-T4; GBF-T6,[INT-L-004]; [INT-P-006]
GBF-150,5.CY.1 Inland fisheries threat indicator,CBD Global Biodiversity Framework (GBF),Pressure,Nature & Biodiversity | Marine & Fisheries | Water,Complementary,"Index of threats to freshwater fisheries (overfishing, habitat loss, IAS, pollution, climate change)",Global,GBF Target 5 (complementary). Freshwater fisheries health often overlooked in global fisheries monitoring.,"CBD/COP/16/L.26/Rev.1 (26 February 2025). Monitoring framework for the KM-GBF – Annex II (component/complementary indicators). COP-16 resumed session, Rome. https://www.cbd.int/doc/c/1e13/f20d/81cd8447744640bbd21e008f/cop-16-l-26-rev1-en.pdf",FAO inland fisheries assessments; IUCN freshwater biodiversity assessments; national inland fisheries data,2,2 – Medium,"Inland fisheries threatened by drought, altered flow regimes and warming — all climate-sensitive; climate is one explicit threat category.",CBD Secretariat / multiple custodians,GBF-T5,[INT-L-004]; [INT-P-006]
GBF-151,5.CY.2 Red List Index – internationally traded species,CBD Global Biodiversity Framework (GBF),State – Species,Nature & Biodiversity | Trade & Industry,Complementary,RLI (0–1) for species involved in international trade (CITES-listed and others),Global,GBF Target 5 (complementary). Extinction risk of species in international trade.,"CBD/COP/16/L.26/Rev.1 (26 February 2025). Monitoring framework for the KM-GBF – Annex II (component/complementary indicators). COP-16 resumed session, Rome. https://www.cbd.int/doc/c/1e13/f20d/81cd8447744640bbd21e008f/cop-16-l-26-rev1-en.pdf",IUCN Red List; CITES Trade Database; TRAFFIC; UNEP-WCMC,1,1 – Low,RLI based on IUCN classifications; overexploitation is primary driver; climate is secondary.,CBD Secretariat / multiple custodians,GBF-T5,[INT-L-004]; [INT-P-006]
GBF-152,5.CY.3 Red List Index – impacts of fisheries,CBD Global Biodiversity Framework (GBF),State – Species,Nature & Biodiversity | Marine & Fisheries,Complementary,RLI (0–1) disaggregated for threat: 'biological resource use by fishing',Global,"GBF Target 5 / T9, T10 (complementary). Extinction risk attributable to fishing pressure.","CBD/COP/16/L.26/Rev.1 (26 February 2025). Monitoring framework for the KM-GBF – Annex II (component/complementary indicators). COP-16 resumed session, Rome. https://www.cbd.int/doc/c/1e13/f20d/81cd8447744640bbd21e008f/cop-16-l-26-rev1-en.pdf",IUCN Red List; FishBase; BirdLife International,1,1 – Low,"Aggregates IUCN Red List category changes. Climate change is a recognised threat driver, but assessments are expert status classifications: no climate data enter the calculation and weather does not move the annual value (Legend 1, rule B).",CBD Secretariat / multiple custodians,GBF-T5; GBF-T9; GBF-T10,[INT-L-004]; [INT-P-006]
GBF-153,5.CY.4 Marine Stewardship Council Certified Catch,CBD Global Biodiversity Framework (GBF),Enabling,Marine & Fisheries,Complementary,Million tonnes of MSC-certified seafood catch; % of global wild catch,Global,GBF Target 5 / T10 (complementary). Sustainable fisheries certification as a market governance outcome.,"CBD/COP/16/L.26/Rev.1 (26 February 2025). Monitoring framework for the KM-GBF – Annex II (component/complementary indicators). COP-16 resumed session, Rome. https://www.cbd.int/doc/c/1e13/f20d/81cd8447744640bbd21e008f/cop-16-l-26-rev1-en.pdf",Marine Stewardship Council certification database (https://www.msc.org),0,0 – None,MSC certification from administrative records; no climate data.,CBD Secretariat / multiple custodians,GBF-T5; GBF-T10,[INT-L-004]; [INT-P-006]
GBF-154,5.CY.5 Total catch of cetaceans under the International Convention for the Regulation of Whaling,CBD Global Biodiversity Framework (GBF),State – Species,Marine & Fisheries,Complementary,"Annual catch/take of whales, dolphins and porpoises under IWC-regulated hunts",Global,GBF Target 5 (complementary). Extraction of large marine mammals under international regulation.,"CBD/COP/16/L.26/Rev.1 (26 February 2025). Monitoring framework for the KM-GBF – Annex II (component/complementary indicators). COP-16 resumed session, Rome. https://www.cbd.int/doc/c/1e13/f20d/81cd8447744640bbd21e008f/cop-16-l-26-rev1-en.pdf",International Whaling Commission (IWC) catch statistics; CITES trade data,0,0 – None,"Catch of cetaceans reported under the ICRW, from administrative returns; no climate or weather data enter the calculation and weather does not move the value. Climate relevance of the subject is carried by Policy_Sector, not by this score (rule A).",CBD Secretariat / multiple custodians,GBF-T5,[INT-L-004]; [INT-P-006]
GBF-155,5.CY.6 By-catch of vulnerable and non-target species,CBD Global Biodiversity Framework (GBF),Pressure,Nature & Biodiversity | Marine & Fisheries | Trade & Industry,Complementary,Annual estimated tonnes and species composition of non-target by-catch from commercial fisheries,Global,"GBF Target 5 (complementary). Indirect fishing mortality on turtles, seabirds, elasmobranchs.","CBD/COP/16/L.26/Rev.1 (26 February 2025). Monitoring framework for the KM-GBF – Annex II (component/complementary indicators). COP-16 resumed session, Rome. https://www.cbd.int/doc/c/1e13/f20d/81cd8447744640bbd21e008f/cop-16-l-26-rev1-en.pdf",FAO by-catch assessments; national fisheries observer programme data; RFMOs; OBIS,1,1 – Low,"By-catch from observer and logbook data; climate-driven distribution shifts are a background driver but no climate data enter (Legend 1, rule B).",CBD Secretariat / multiple custodians,GBF-T5,[INT-L-004]; [INT-P-006]
GBF-156,5.CY.7 Number of MSC Chain of Custody certification holders by distribution country,CBD Global Biodiversity Framework (GBF),Enabling,Marine & Fisheries | Trade & Industry,Complementary,Count of businesses certified to MSC Chain of Custody standard for sustainable seafood traceability,Global,GBF Target 5 / T16 (complementary). Supply-chain governance for sustainable seafood.,"CBD/COP/16/L.26/Rev.1 (26 February 2025). Monitoring framework for the KM-GBF – Annex II (component/complementary indicators). COP-16 resumed session, Rome. https://www.cbd.int/doc/c/1e13/f20d/81cd8447744640bbd21e008f/cop-16-l-26-rev1-en.pdf",Marine Stewardship Council Chain of Custody certification database,0,0 – None,Certification from MSC records; no climate data.,CBD Secretariat / multiple custodians,GBF-T5; GBF-T16,[INT-L-004]; [INT-P-006]
GBF-157,5.CY.8 Biodiversity-based trade growth rates,CBD Global Biodiversity Framework (GBF),Pressure,Nature & Biodiversity | Trade & Industry,Complementary,Annual growth rate (%) in legal international trade in wild species (CITES-listed and biodiversity-based products),Global,GBF Target 5 (complementary). Whether legal biodiversity-based trade is growing within sustainable limits.,"CBD/COP/16/L.26/Rev.1 (26 February 2025). Monitoring framework for the KM-GBF – Annex II (component/complementary indicators). COP-16 resumed session, Rome. https://www.cbd.int/doc/c/1e13/f20d/81cd8447744640bbd21e008f/cop-16-l-26-rev1-en.pdf",CITES Trade Database; UNCTAD trade statistics; TRAFFIC,0,0 – None,Trade growth from CITES and customs data; no climate data.,CBD Secretariat / multiple custodians,GBF-T5,[INT-L-004]; [INT-P-006]
GBF-158,6.CY.1 Red List Index – impacts of invasive alien species,CBD Global Biodiversity Framework (GBF),State – Species,Nature & Biodiversity | Biosecurity,Complementary,RLI (0–1) disaggregated for threat: invasive alien species,Global,GBF Target 6 / T4 (complementary). Extinction risk attributable to IAS — second leading biodiversity threat.,"CBD/COP/16/L.26/Rev.1 (26 February 2025). Monitoring framework for the KM-GBF – Annex II (component/complementary indicators). COP-16 resumed session, Rome. https://www.cbd.int/doc/c/1e13/f20d/81cd8447744640bbd21e008f/cop-16-l-26-rev1-en.pdf",IUCN Red List; GBIF; GRIIS; McGeoch et al. 2010; Butchart et al. methodology,1,1 – Low,RLI based on Red List classifications; climate warming facilitates IAS establishment.,CBD Secretariat / multiple custodians,GBF-T6; GBF-T4,[INT-L-004]; [INT-P-006]
GBF-159,7.CY.1 Trends in loss of reactive nitrogen to the environment,CBD Global Biodiversity Framework (GBF),Pressure,Water,Complementary,"Tg N/year emitted to atmosphere, water and land; % exceedance of critical loads",Global,GBF Target 7 (complementary). Reactive nitrogen pollution as a key biodiversity driver.,"CBD/COP/16/L.26/Rev.1 (26 February 2025). Monitoring framework for the KM-GBF – Annex II (component/complementary indicators). COP-16 resumed session, Rome. https://www.cbd.int/doc/c/1e13/f20d/81cd8447744640bbd21e008f/cop-16-l-26-rev1-en.pdf",IIASA; EDGAR; EMEP; FAO nitrogen budget data; Sutton et al. 2011,2,2 – Medium,Rainfall directly determines wet nitrogen deposition rates; EMEP model uses precipitation as direct input.,CBD Secretariat / multiple custodians,GBF-T7,[INT-L-004]; [INT-P-006]
GBF-160,7.CY.2 Trends in nitrogen deposition,CBD Global Biodiversity Framework (GBF),Pressure,Nature & Biodiversity,Complementary,Kg N/ha/year deposited to ecosystems from atmospheric sources; % of ecosystem area exceeding critical loads,Global,GBF Target 7 (complementary). Atmospheric nitrogen deposition driving acidification and eutrophication.,"CBD/COP/16/L.26/Rev.1 (26 February 2025). Monitoring framework for the KM-GBF – Annex II (component/complementary indicators). COP-16 resumed session, Rome. https://www.cbd.int/doc/c/1e13/f20d/81cd8447744640bbd21e008f/cop-16-l-26-rev1-en.pdf","EMEP atmospheric chemistry-transport model; IIASA; critical loads databases (CEH, UBA)",2,2 – Medium,EMEP model uses precipitation and atmospheric data as direct inputs; wet deposition varies directly with rainfall.,CBD Secretariat / multiple custodians,GBF-T7,[INT-L-004]; [INT-P-006]
GBF-161,7.CY.3 Proportion of municipal solid waste collected and managed in controlled facilities,CBD Global Biodiversity Framework (GBF),Enabling,Pollution & Waste,Complementary,"% of MSW collected and managed in controlled facilities (sanitary landfill, recycling, incineration); by cities",Global,GBF Target 7 (complementary). Solid waste management preventing biodiversity pollution. Relevant to SDG 11.6.1.,"CBD/COP/16/L.26/Rev.1 (26 February 2025). Monitoring framework for the KM-GBF – Annex II (component/complementary indicators). COP-16 resumed session, Rome. https://www.cbd.int/doc/c/1e13/f20d/81cd8447744640bbd21e008f/cop-16-l-26-rev1-en.pdf",UNSD/UNEP WASTEAWARE; WHO municipal waste data; national waste statistics,0,0 – None,Waste management from administrative records; no climate data.,CBD Secretariat / multiple custodians,GBF-T7,[INT-L-004]; [INT-P-006]
GBF-162,7.CY.4 Hazardous waste generation per capita,CBD Global Biodiversity Framework (GBF),Pressure,Pollution & Waste,Complementary,Kg of hazardous waste generated per person per year; by waste category. Relevant to SDG 12.4.2.,Global,GBF Target 7 (complementary). Hazardous chemicals as a source of biodiversity pollution.,"CBD/COP/16/L.26/Rev.1 (26 February 2025). Monitoring framework for the KM-GBF – Annex II (component/complementary indicators). COP-16 resumed session, Rome. https://www.cbd.int/doc/c/1e13/f20d/81cd8447744640bbd21e008f/cop-16-l-26-rev1-en.pdf",UNSD hazardous waste statistics; Basel Convention national reports; SDG 12.4.2 global database,0,0 – None,Hazardous waste from industrial production statistics; no climate data.,CBD Secretariat / multiple custodians,GBF-T7,[INT-L-004]; [INT-P-006]
GBF-163,7.CY.5 Trends in litter including microplastics in water column and on seafloor,CBD Global Biodiversity Framework (GBF),Pressure,Marine & Fisheries | Water | Pollution & Waste,Complementary,Concentration (items or g/km²) of litter and microplastics in marine environments; by medium and size class,Global,GBF Target 7 (complementary). Plastic pollution persisting in marine ecosystems.,"CBD/COP/16/L.26/Rev.1 (26 February 2025). Monitoring framework for the KM-GBF – Annex II (component/complementary indicators). COP-16 resumed session, Rome. https://www.cbd.int/doc/c/1e13/f20d/81cd8447744640bbd21e008f/cop-16-l-26-rev1-en.pdf",OSPAR Beach Litter monitoring; UNEP GESAMP; OBIS; Copernicus Marine Service,1,1 – Low,"Litter and microplastic concentrations from monitoring surveys; storms and currents move deposition but no weather data enter (Legend 1, rule G; aligned with [IND-E-015], [IND-B-199]).",CBD Secretariat / multiple custodians,GBF-T7,[INT-L-004]; [INT-P-006]
GBF-164,7.CY.6 Pesticide use per area of cropland,CBD Global Biodiversity Framework (GBF),Pressure,Land Use & Agriculture | Biosecurity | Pollution & Waste,Complementary,Kg active ingredient of pesticides applied per hectare of cropland per year,Global,GBF Target 7 (complementary). Pesticide application intensity as a direct pollution driver.,"CBD/COP/16/L.26/Rev.1 (26 February 2025). Monitoring framework for the KM-GBF – Annex II (component/complementary indicators). COP-16 resumed session, Rome. https://www.cbd.int/doc/c/1e13/f20d/81cd8447744640bbd21e008f/cop-16-l-26-rev1-en.pdf",FAO FAOSTAT pesticide application statistics; national agricultural censuses,0,0 – None,Pesticide use from agricultural statistics; no climate data.,CBD Secretariat / multiple custodians,GBF-T7,[INT-L-004]; [INT-P-006]
GBF-165,8.CY.1 Above-ground biomass stock in forest (tonnes/ha),CBD Global Biodiversity Framework (GBF),State – Habitats,Land Use & Agriculture | Climate | Energy,Complementary,Mean above-ground carbon biomass density (tC/ha) in forests; trend over time,Global,GBF Target 8 (complementary). Forest carbon stocks as indicator of climate regulation capacity.,"CBD/COP/16/L.26/Rev.1 (26 February 2025). Monitoring framework for the KM-GBF – Annex II (component/complementary indicators). COP-16 resumed session, Rome. https://www.cbd.int/doc/c/1e13/f20d/81cd8447744640bbd21e008f/cop-16-l-26-rev1-en.pdf",ESA GlobBiomass; GEDI LiDAR; national forest inventory biomass; FAO FRA,2,2 – Medium,"Forest biomass affected by climate-driven fire, drought and temperature-driven productivity changes.",CBD Secretariat / multiple custodians,GBF-T8,[INT-L-004]; [INT-P-006]
GBF-166,"8.CY.2 National greenhouse gas inventories from land use, land-use change and forestry (LULUCF)",CBD Global Biodiversity Framework (GBF),Pressure,Land Use & Agriculture | Climate,Complementary,Tg CO₂e/year net GHG flux from LULUCF sector in national inventories,Global,GBF Target 8 (complementary). LULUCF flux as the climate-biodiversity interface indicator.,"CBD/COP/16/L.26/Rev.1 (26 February 2025). Monitoring framework for the KM-GBF – Annex II (component/complementary indicators). COP-16 resumed session, Rome. https://www.cbd.int/doc/c/1e13/f20d/81cd8447744640bbd21e008f/cop-16-l-26-rev1-en.pdf",UNFCCC national GHG inventories (LULUCF sector); FAO FAOSTAT LULUCF emissions data,2,2 – Medium,"LULUCF inventories estimate carbon fluxes with models that take temperature and rainfall indirectly (growth, decomposition); climate data enter within underlying models (Legend 2, rules C and G; aligned with [IND-B-166], [IND-J-044]).",CBD Secretariat / multiple custodians,GBF-T8,[INT-L-004]; [INT-P-006]
GBF-167,8.CY.3 Proportion of local governments with local DRR strategies in line with national strategies,CBD Global Biodiversity Framework (GBF),Enabling,"Governance, Society & Data",Complementary,% of local governments with DRR strategies aligned to national strategies; SDG 11.b.2,Global,GBF Target 8 (complementary). Sub-national climate resilience governance. Official SDG 11.b.2.,"CBD/COP/16/L.26/Rev.1 (26 February 2025). Monitoring framework for the KM-GBF – Annex II (component/complementary indicators). COP-16 resumed session, Rome. https://www.cbd.int/doc/c/1e13/f20d/81cd8447744640bbd21e008f/cop-16-l-26-rev1-en.pdf",UNDRR Sendai Framework monitoring; national local government databases; ICLEI,0,0 – None,"Proportion of local governments with DRR strategies, from policy records. no climate or weather data enter the calculation and weather does not move the value. Climate relevance of the subject is carried by Policy_Sector, not by this score (rule A).",CBD Secretariat / multiple custodians,GBF-T8,[INT-L-004]; [INT-P-006]
GBF-168,8.CY.4 Average marine acidity (pH) at agreed representative sampling stations,CBD Global Biodiversity Framework (GBF),Pressure,Marine & Fisheries,Complementary,Mean surface ocean pH at designated GOA-ON monitoring stations; trend in ocean acidification; SDG 14.3.1,Global,GBF Target 8 (complementary). Ocean acidification as a direct climate impact on marine biodiversity. Official SDG 14.3.1.,"CBD/COP/16/L.26/Rev.1 (26 February 2025). Monitoring framework for the KM-GBF – Annex II (component/complementary indicators). COP-16 resumed session, Rome. https://www.cbd.int/doc/c/1e13/f20d/81cd8447744640bbd21e008f/cop-16-l-26-rev1-en.pdf",Global Ocean Acidification Observing Network (GOA-ON); ARGO floats; Bakker et al. SOCAT; NOAA PMEL,3,3 – High,Ocean pH directly tracks CO₂-driven acidification; pH values are among the most direct climate change impacts on marine biodiversity.,CBD Secretariat / multiple custodians,GBF-T8,[INT-L-004]; [INT-P-006]
GBF-169,9.CY.1 Spawning stock biomass of commercially exploited species,CBD Global Biodiversity Framework (GBF),State – Species,Nature & Biodiversity | Marine & Fisheries | Trade & Industry,Complementary,Tonnes of spawning stock biomass for commercially exploited fish and shellfish populations; vs. reference point,Global,GBF Target 9 (complementary). Population health of commercially exploited wild species.,"CBD/COP/16/L.26/Rev.1 (26 February 2025). Monitoring framework for the KM-GBF – Annex II (component/complementary indicators). COP-16 resumed session, Rome. https://www.cbd.int/doc/c/1e13/f20d/81cd8447744640bbd21e008f/cop-16-l-26-rev1-en.pdf",ICES; CCAMLR; WCPFC; FAO Fisheries Division; national stock assessments,2,2 – Medium,"Spawning stock biomass affected by ocean warming through recruitment, productivity and species distribution.",CBD Secretariat / multiple custodians,GBF-T9; GBF-T5,[INT-L-004]; [INT-P-006]
GBF-170,9.CY.2 Volume of production per labour unit by farming/pastoral/forestry enterprise size,CBD Global Biodiversity Framework (GBF),Benefit,Land Use & Agriculture,Complementary,"Agricultural/forestry productivity per worker, by enterprise size class; SDG 2.3.1",Global,GBF Target 9 / T10 (complementary). Productivity outcomes for small-scale food producers. Relevant to SDG 2.3.1.,"CBD/COP/16/L.26/Rev.1 (26 February 2025). Monitoring framework for the KM-GBF – Annex II (component/complementary indicators). COP-16 resumed session, Rome. https://www.cbd.int/doc/c/1e13/f20d/81cd8447744640bbd21e008f/cop-16-l-26-rev1-en.pdf",FAO RIGA; World Bank LSMS surveys; national agricultural censuses; ILO,1,1 – Low,Agricultural productivity partly climate-sensitive through yields; measured from surveys.,CBD Secretariat / multiple custodians,GBF-T9; GBF-T10,[INT-L-004]; [INT-P-006]
GBF-171,9.CY.3 Red List Index – impact of utilization,CBD Global Biodiversity Framework (GBF),State – Species,Nature & Biodiversity,Complementary,RLI (0–1) tracking extinction risk driven by direct utilisation/exploitation of all wild species,Global,GBF Target 9 (complementary). Overexploitation-driven extinction risk across wild species use contexts.,"CBD/COP/16/L.26/Rev.1 (26 February 2025). Monitoring framework for the KM-GBF – Annex II (component/complementary indicators). COP-16 resumed session, Rome. https://www.cbd.int/doc/c/1e13/f20d/81cd8447744640bbd21e008f/cop-16-l-26-rev1-en.pdf",IUCN Red List; Butchart et al. 2008; TRAFFIC; FAO utilisation classifications,1,1 – Low,RLI reflects utilisation threat; climate is a secondary background factor.,CBD Secretariat / multiple custodians,GBF-T9,[INT-L-004]; [INT-P-006]
GBF-172,10.CY.1 Agrobiodiversity Index,CBD Global Biodiversity Framework (GBF),State – Species,Land Use & Agriculture,Complementary,"Index of diversity of crops, varieties, livestock breeds and wild relatives maintained in agricultural systems",Global,GBF Target 10 (complementary). On-farm crop diversity as a biodiversity and food security indicator.,"CBD/COP/16/L.26/Rev.1 (26 February 2025). Monitoring framework for the KM-GBF – Annex II (component/complementary indicators). COP-16 resumed session, Rome. https://www.cbd.int/doc/c/1e13/f20d/81cd8447744640bbd21e008f/cop-16-l-26-rev1-en.pdf",Khoury et al.; FAO State of the World's Biodiversity for Food and Agriculture; national genebank records,0,0 – None,Crop diversity from field surveys and genebank records; no climate data.,CBD Secretariat / multiple custodians,GBF-T10,[INT-L-004]; [INT-P-006]
GBF-173,10.CY.2 Soil organic carbon stocks,CBD Global Biodiversity Framework (GBF),State – Habitats,Land Use & Agriculture | Climate,Complementary,GtC or tC/ha of organic carbon in agricultural soils; trend over time,Global,GBF Target 10 (complementary). Soil carbon as biodiversity indicator and climate mitigation outcome.,"CBD/COP/16/L.26/Rev.1 (26 February 2025). Monitoring framework for the KM-GBF – Annex II (component/complementary indicators). COP-16 resumed session, Rome. https://www.cbd.int/doc/c/1e13/f20d/81cd8447744640bbd21e008f/cop-16-l-26-rev1-en.pdf",ISRIC SoilGrids (https://soilgrids.org); FAO GSOC; national soil monitoring networks,2,2 – Medium,Soil carbon decomposition is temperature-dependent; precipitation affects carbon inputs through plant productivity.,CBD Secretariat / multiple custodians,GBF-T10,[INT-L-004]; [INT-P-006]
GBF-174,10.CY.3 Red List Index – forest specialist species,CBD Global Biodiversity Framework (GBF),State – Species,Nature & Biodiversity | Land Use & Agriculture,Complementary,"RLI (0–1) for forest-dependent bird, mammal and amphibian species",Global,GBF Target 10 (complementary). Extinction risk of biodiversity dependent on managed forest ecosystems.,"CBD/COP/16/L.26/Rev.1 (26 February 2025). Monitoring framework for the KM-GBF – Annex II (component/complementary indicators). COP-16 resumed session, Rome. https://www.cbd.int/doc/c/1e13/f20d/81cd8447744640bbd21e008f/cop-16-l-26-rev1-en.pdf",IUCN Red List; BirdLife International; Butchart et al. methodology,1,1 – Low,"Aggregates IUCN Red List category changes. Climate change is a recognised threat driver, but assessments are expert status classifications: no climate data enter the calculation and weather does not move the annual value (Legend 1, rule B).",CBD Secretariat / multiple custodians,GBF-T10; GBF-T2,[INT-L-004]; [INT-P-006]
GBF-175,10.CY.4 Area of forest under sustainable management – FSC and PEFC certification,CBD Global Biodiversity Framework (GBF),Enabling,Land Use & Agriculture,Complementary,Million ha and % of total forest under FSC or PEFC certified sustainable forest management,Global,GBF Target 10 (complementary). Sustainable forest management certification as a governance outcome.,"CBD/COP/16/L.26/Rev.1 (26 February 2025). Monitoring framework for the KM-GBF – Annex II (component/complementary indicators). COP-16 resumed session, Rome. https://www.cbd.int/doc/c/1e13/f20d/81cd8447744640bbd21e008f/cop-16-l-26-rev1-en.pdf",Forest Stewardship Council (FSC) certification database; PEFC International; FAO FRA,0,0 – None,Certification area from FSC/PEFC administrative records; no climate data.,CBD Secretariat / multiple custodians,GBF-T10,[INT-L-004]; [INT-P-006]
GBF-176,11.CY.1 Air emission accounts,CBD Global Biodiversity Framework (GBF),Pressure,Finance | Pollution & Waste,Complementary,Tonnes/year of air pollutant emissions by sector; national SEEA-aligned air emission accounts,Global,GBF Target 11 (complementary). Air pollution as driver of ecosystem service degradation.,"CBD/COP/16/L.26/Rev.1 (26 February 2025). Monitoring framework for the KM-GBF – Annex II (component/complementary indicators). COP-16 resumed session, Rome. https://www.cbd.int/doc/c/1e13/f20d/81cd8447744640bbd21e008f/cop-16-l-26-rev1-en.pdf",EDGAR; EMEP; national atmospheric emission inventories; Eurostat SEEA air emission accounts,1,1 – Low,"SEEA air emission accounts compiled from inventory activity data and emission factors; weather enters only marginally via heating demand (Legend 1, rule C).",CBD Secretariat / multiple custodians,GBF-T11,[INT-L-004]; [INT-P-006]
GBF-177,11.CY.2 Proportion of local authorities with participatory water and sanitation management policies,CBD Global Biodiversity Framework (GBF),Enabling,"Water | Governance, Society & Data",Complementary,% of local administrative units with operational policies for community participation in water/sanitation; SDG 6.b.1,Global,GBF Target 11 (complementary). Local governance of freshwater provision as ecosystem service. Official SDG 6.b.1.,"CBD/COP/16/L.26/Rev.1 (26 February 2025). Monitoring framework for the KM-GBF – Annex II (component/complementary indicators). COP-16 resumed session, Rome. https://www.cbd.int/doc/c/1e13/f20d/81cd8447744640bbd21e008f/cop-16-l-26-rev1-en.pdf",WHO/UNICEF JMP; national local government databases; UNSD SDG 6.b.1 monitoring,0,0 – None,Governance indicator from administrative records; no climate data.,CBD Secretariat / multiple custodians,GBF-T11,[INT-L-004]; [INT-P-006]
GBF-178,11.CY.3 Proportion of population using safely managed drinking water services,CBD Global Biodiversity Framework (GBF),Benefit,"Water | Governance, Society & Data",Complementary,% of population using safely managed drinking water (SDG 6.1.1 Tier 1),Global,GBF Target 11 (complementary). Freshwater provisioning as key ecosystem service to people. Official SDG 6.1.1.,"CBD/COP/16/L.26/Rev.1 (26 February 2025). Monitoring framework for the KM-GBF – Annex II (component/complementary indicators). COP-16 resumed session, Rome. https://www.cbd.int/doc/c/1e13/f20d/81cd8447744640bbd21e008f/cop-16-l-26-rev1-en.pdf",WHO/UNICEF JMP; national household surveys; SDG global database,0,0 – None,Drinking water access from infrastructure/survey data; no climate data.,CBD Secretariat / multiple custodians,GBF-T11,[INT-L-004]; [INT-P-006]
GBF-179,"11.CY.4 Mortality rate attributed to unsafe WASH (water, sanitation and hygiene) services",CBD Global Biodiversity Framework (GBF),Benefit,Water | Health,Complementary,"Deaths per 100,000 per year from diseases from inadequate water, sanitation and hygiene; SDG 3.9.2",Global,GBF Target 11 (complementary). Health outcome reflecting freshwater ecosystem service quality. Relevant to SDG 3.9.2.,"CBD/COP/16/L.26/Rev.1 (26 February 2025). Monitoring framework for the KM-GBF – Annex II (component/complementary indicators). COP-16 resumed session, Rome. https://www.cbd.int/doc/c/1e13/f20d/81cd8447744640bbd21e008f/cop-16-l-26-rev1-en.pdf",WHO Global Health Observatory; GBD study; national vital registration,1,1 – Low,WASH mortality affected by climate-driven waterborne disease outbreaks; primarily a health services metric.,CBD Secretariat / multiple custodians,GBF-T11,[INT-L-004]; [INT-P-006]
GBF-180,"11.CY.5 Number of deaths, missing persons and affected persons from disasters per 100,000 population",CBD Global Biodiversity Framework (GBF),Benefit,Health,Complementary,"Disaster mortality and affected persons rate per 100,000 people per year; SDG 11.5.1",Global,GBF Target 11 (complementary). Disaster risk reduction services from ecosystems. Official SDG 11.5.1.,"CBD/COP/16/L.26/Rev.1 (26 February 2025). Monitoring framework for the KM-GBF – Annex II (component/complementary indicators). COP-16 resumed session, Rome. https://www.cbd.int/doc/c/1e13/f20d/81cd8447744640bbd21e008f/cop-16-l-26-rev1-en.pdf",CRED EM-DAT; UNDRR disaster loss database; national disaster management authorities,2,2 – Medium,Disaster mortality directly linked to extreme weather; ecosystem services modulate risk from coastal/inland flooding.,CBD Secretariat / multiple custodians,GBF-T11,[INT-L-004]; [INT-P-006]
GBF-181,16.CY.1 Extent to which ESD and global citizenship education are mainstreamed in national curricula,CBD Global Biodiversity Framework (GBF),Enabling,"Governance, Society & Data",Complementary,"Index of ESD and GCED mainstreaming in national education policies, curricula, teacher education and student assessment; SDG 4.7.1",Global,GBF Target 16 (complementary). Education for sustainable development as enabler of sustainable consumption. Official SDG 4.7.1.,"CBD/COP/16/L.26/Rev.1 (26 February 2025). Monitoring framework for the KM-GBF – Annex II (component/complementary indicators). COP-16 resumed session, Rome. https://www.cbd.int/doc/c/1e13/f20d/81cd8447744640bbd21e008f/cop-16-l-26-rev1-en.pdf",UNESCO ESD database; national curriculum reviews; SDG 4 monitoring framework,0,0 – None,Education policy from administrative records; no climate data.,CBD Secretariat / multiple custodians,GBF-T16,[INT-L-004]; [INT-P-006]
GBF-182,16.CY.2 National recycling rate,CBD Global Biodiversity Framework (GBF),Pressure,Pollution & Waste,Complementary,% of waste recycled nationally; total tonnes of materials recovered per year,Global,GBF Target 16 (complementary). Circular economy indicator reducing resource pressure on biodiversity.,"CBD/COP/16/L.26/Rev.1 (26 February 2025). Monitoring framework for the KM-GBF – Annex II (component/complementary indicators). COP-16 resumed session, Rome. https://www.cbd.int/doc/c/1e13/f20d/81cd8447744640bbd21e008f/cop-16-l-26-rev1-en.pdf",Eurostat waste statistics; OECD waste recycling data; national municipal waste surveys,0,0 – None,Recycling rates from waste statistics; no climate data.,CBD Secretariat / multiple custodians,GBF-T16,[INT-L-004]; [INT-P-006]
GBF-183,16.CY.3 Human Appropriation of Net Primary Production (HANPP),CBD Global Biodiversity Framework (GBF),Pressure,Land Use & Agriculture | Nature & Biodiversity,Complementary,"% of terrestrial NPP appropriated by humans through harvest, conversion and fire; expressed as GtC/year",Global,GBF Goal B / T16 (complementary). Aggregate human consumption pressure on the biosphere.,"CBD/COP/16/L.26/Rev.1 (26 February 2025). Monitoring framework for the KM-GBF – Annex II (component/complementary indicators). COP-16 resumed session, Rome. https://www.cbd.int/doc/c/1e13/f20d/81cd8447744640bbd21e008f/cop-16-l-26-rev1-en.pdf",IIASA; Haberl et al. 2007; FAO production data; HYDE land-use dataset; global vegetation models,2,2 – Medium,NPP modelled using temperature and rainfall as primary inputs; climate variability affects annual HANPP values.,CBD Secretariat / multiple custodians,GBF-GoalB; GBF-T16,[INT-L-004]; [INT-P-006]
GBF-184,16.CY.4 CO2 emissions per unit of value added,CBD Global Biodiversity Framework (GBF),Pressure,Finance | Climate,Complementary,Tonnes CO₂ per USD of GDP by sector (carbon intensity); SDG 9.4.1,Global,GBF Target 16 (complementary). Economic decarbonisation as a driver of biodiversity pressure reduction. Official SDG 9.4.1.,"CBD/COP/16/L.26/Rev.1 (26 February 2025). Monitoring framework for the KM-GBF – Annex II (component/complementary indicators). COP-16 resumed session, Rome. https://www.cbd.int/doc/c/1e13/f20d/81cd8447744640bbd21e008f/cop-16-l-26-rev1-en.pdf",IEA CO₂ emissions; EDGAR; World Bank national accounts; UNSD,1,1 – Low,"CO2 per unit of value added from emissions inventories and national accounts. Being a climate-policy measure is topical relevance, not data dependency (Legend 1, rules C and G; same indicator and score as [SDG-071]).",CBD Secretariat / multiple custodians,GBF-T16,[INT-L-004]; [INT-P-006]
GBF-185,16.CY.5 Change in water-use efficiency over time,CBD Global Biodiversity Framework (GBF),Enabling,Water | Finance,Complementary,Ratio of GDP to freshwater withdrawn (USD/m³); trend over time; SDG 6.4.1,Global,GBF Target 16 (complementary). Water use efficiency as sustainable consumption indicator. Official SDG 6.4.1.,"CBD/COP/16/L.26/Rev.1 (26 February 2025). Monitoring framework for the KM-GBF – Annex II (component/complementary indicators). COP-16 resumed session, Rome. https://www.cbd.int/doc/c/1e13/f20d/81cd8447744640bbd21e008f/cop-16-l-26-rev1-en.pdf",FAO AQUASTAT; national hydrological surveys; UNSD SDG 6.4.1 database,2,2 – Medium,Water availability directly affected by precipitation changes; efficiency ratios reflect both economic and hydrological change.,CBD Secretariat / multiple custodians,GBF-T16,[INT-L-004]; [INT-P-006]
GBF-186,16.CY.6 Indicators from the Life Cycle Impact Assessment (LCIA) Programme,CBD Global Biodiversity Framework (GBF),Pressure,Trade & Industry | Pollution & Waste,Complementary,Life cycle environmental impact scores for consumer products across multiple environmental impact categories,Global,GBF Target 16 (complementary). Product-level environmental footprint through supply chains.,"CBD/COP/16/L.26/Rev.1 (26 February 2025). Monitoring framework for the KM-GBF – Annex II (component/complementary indicators). COP-16 resumed session, Rome. https://www.cbd.int/doc/c/1e13/f20d/81cd8447744640bbd21e008f/cop-16-l-26-rev1-en.pdf",UNEP-SETAC Life Cycle Initiative; Ecoinvent; national LCA databases,1,1 – Low,LCA includes climate change as one impact category among others; biodiversity footprint categories partially climate-linked.,CBD Secretariat / multiple custodians,GBF-T16,[INT-L-004]; [INT-P-006]
GBF-187,16.CY.7 Poverty level,CBD Global Biodiversity Framework (GBF),Enabling,"Governance, Society & Data",Complementary,% of population below international poverty line (USD 2.15/day at 2017 PPP); SDG 1.1.1,Global,GBF Target 16 (complementary). Poverty as a context indicator for equitable sustainable consumption. Official SDG 1.1.1.,"CBD/COP/16/L.26/Rev.1 (26 February 2025). Monitoring framework for the KM-GBF – Annex II (component/complementary indicators). COP-16 resumed session, Rome. https://www.cbd.int/doc/c/1e13/f20d/81cd8447744640bbd21e008f/cop-16-l-26-rev1-en.pdf",World Bank PovcalNet; national household surveys; ILO poverty statistics,0,0 – None,Poverty data from household surveys; no climate data.,CBD Secretariat / multiple custodians,GBF-T16,[INT-L-004]; [INT-P-006]
GBF-188,17.CY.1 Indicators related to the Cartagena Protocol on Biosafety,CBD Global Biodiversity Framework (GBF),Enabling,Biosecurity,Complementary,"Composite of Cartagena Protocol implementation progress indicators (LMO risk assessments, BCH submissions, biosafety legislation)",Global,GBF Target 17 (complementary). Tracks national implementation of the Cartagena Protocol.,"CBD/COP/16/L.26/Rev.1 (26 February 2025). Monitoring framework for the KM-GBF – Annex II (component/complementary indicators). COP-16 resumed session, Rome. https://www.cbd.int/doc/c/1e13/f20d/81cd8447744640bbd21e008f/cop-16-l-26-rev1-en.pdf",CBD Biosafety Clearing-House (BCH; https://bch.cbd.int); Cartagena Protocol national reports,0,0 – None,Biosafety governance from administrative records; no climate data.,CBD Secretariat / multiple custodians,GBF-T17,[INT-L-004]; [INT-P-006]
GBF-189,20.CY.1 Researchers (full-time equivalent) per million inhabitants,CBD Global Biodiversity Framework (GBF),Enabling,"Governance, Society & Data",Complementary,FTE researchers per million population; SDG 9.5.2,Global,GBF Target 20 (complementary). Scientific research capacity as means of implementation for biodiversity. Official SDG 9.5.2.,"CBD/COP/16/L.26/Rev.1 (26 February 2025). Monitoring framework for the KM-GBF – Annex II (component/complementary indicators). COP-16 resumed session, Rome. https://www.cbd.int/doc/c/1e13/f20d/81cd8447744640bbd21e008f/cop-16-l-26-rev1-en.pdf",UNESCO Institute for Statistics; national R&D surveys; OECD MSTI,0,0 – None,Research capacity from educational/institutional records; no climate data.,CBD Secretariat / multiple custodians,GBF-T20; GBF-GoalD,[INT-L-004]; [INT-P-006]
GBF-190,20.CY.2 Global imports of ICT goods by bilateral trade flows and category,CBD Global Biodiversity Framework (GBF),Enabling,Trade & Industry,Complementary,USD million/year in bilateral ICT goods trade; technology access proxy,Global,GBF Target 20 (complementary). Technology access as means of implementation indicator. Relevant to SDG 17.8.1.,"CBD/COP/16/L.26/Rev.1 (26 February 2025). Monitoring framework for the KM-GBF – Annex II (component/complementary indicators). COP-16 resumed session, Rome. https://www.cbd.int/doc/c/1e13/f20d/81cd8447744640bbd21e008f/cop-16-l-26-rev1-en.pdf",UNCTAD STAT bilateral trade database; WTO International Trade Statistics,0,0 – None,ICT trade from customs/trade statistics; no climate data.,CBD Secretariat / multiple custodians,GBF-T20; GBF-GoalD,[INT-L-004]; [INT-P-006]
GBF-191,21.CY.1 Growth in number of records and species in the Living Planet Index database,CBD Global Biodiversity Framework (GBF),Enabling,Nature & Biodiversity,Complementary,Annual increase in species and population time-series records in ZSL Living Planet Index database,Global,GBF Target 21 (complementary). Data richness growth in LPI monitoring programme.,"CBD/COP/16/L.26/Rev.1 (26 February 2025). Monitoring framework for the KM-GBF – Annex II (component/complementary indicators). COP-16 resumed session, Rome. https://www.cbd.int/doc/c/1e13/f20d/81cd8447744640bbd21e008f/cop-16-l-26-rev1-en.pdf",Zoological Society of London (ZSL) Living Planet Index database,0,0 – None,Database coverage statistics from ZSL; no climate data.,CBD Secretariat / multiple custodians,GBF-T21,[INT-L-004]; [INT-P-006]
GBF-192,21.CY.2 Growth in species occurrence records accessible through GBIF,CBD Global Biodiversity Framework (GBF),Enabling,Nature & Biodiversity,Complementary,Cumulative species occurrence records in GBIF; annual additions,Global,GBF Target 21 (complementary). Biodiversity data infrastructure growth.,"CBD/COP/16/L.26/Rev.1 (26 February 2025). Monitoring framework for the KM-GBF – Annex II (component/complementary indicators). COP-16 resumed session, Rome. https://www.cbd.int/doc/c/1e13/f20d/81cd8447744640bbd21e008f/cop-16-l-26-rev1-en.pdf",GBIF species occurrence database (https://www.gbif.org); digitised natural history collections,0,0 – None,Record counts from GBIF portal statistics; no climate data.,CBD Secretariat / multiple custodians,GBF-T21,[INT-L-004]; [INT-P-006]
GBF-193,21.CY.3 Growth in marine species occurrence records accessible through OBIS,CBD Global Biodiversity Framework (GBF),Enabling,Nature & Biodiversity | Marine & Fisheries,Complementary,Cumulative marine species occurrence records in OBIS; annual additions,Global,GBF Target 21 (complementary). Marine biodiversity data infrastructure growth.,"CBD/COP/16/L.26/Rev.1 (26 February 2025). Monitoring framework for the KM-GBF – Annex II (component/complementary indicators). COP-16 resumed session, Rome. https://www.cbd.int/doc/c/1e13/f20d/81cd8447744640bbd21e008f/cop-16-l-26-rev1-en.pdf",Ocean Biodiversity Information System (OBIS; https://obis.org); IOC-UNESCO,0,0 – None,Marine record counts from OBIS database statistics; no climate data.,CBD Secretariat / multiple custodians,GBF-T21,[INT-L-004]; [INT-P-006]
GBF-194,21.CY.4 Proportion of known species assessed through the IUCN Red List,CBD Global Biodiversity Framework (GBF),Enabling,Nature & Biodiversity,Complementary,% of estimated known species with an IUCN Red List assessment; by major taxonomic group,Global,GBF Target 21 (complementary). Coverage of the primary global species status monitoring tool.,"CBD/COP/16/L.26/Rev.1 (26 February 2025). Monitoring framework for the KM-GBF – Annex II (component/complementary indicators). COP-16 resumed session, Rome. https://www.cbd.int/doc/c/1e13/f20d/81cd8447744640bbd21e008f/cop-16-l-26-rev1-en.pdf",IUCN Red List of Threatened Species (https://www.iucnredlist.org); Butchart et al. 2010,0,0 – None,Assessment coverage from IUCN statistics; no climate data.,CBD Secretariat / multiple custodians,GBF-T21,[INT-L-004]; [INT-P-006]
GBF-195,21.CY.5 Number of assessments on the IUCN Red List of Threatened Species,CBD Global Biodiversity Framework (GBF),Enabling,Nature & Biodiversity,Complementary,Cumulative count of species assessments published on IUCN Red List; annual additions by taxon group,Global,GBF Target 21 (complementary). Total IUCN Red List assessment coverage as a data completeness indicator.,"CBD/COP/16/L.26/Rev.1 (26 February 2025). Monitoring framework for the KM-GBF – Annex II (component/complementary indicators). COP-16 resumed session, Rome. https://www.cbd.int/doc/c/1e13/f20d/81cd8447744640bbd21e008f/cop-16-l-26-rev1-en.pdf",IUCN Red List statistics (https://www.iucnredlist.org/statistics),0,0 – None,Assessment counts from IUCN records; no climate data.,CBD Secretariat / multiple custodians,GBF-T21,[INT-L-004]; [INT-P-006]
GBF-196,21.CY.6 World Association of Zoos and Aquariums bioliteracy survey (biodiversity literacy in zoo and aquarium visitors),CBD Global Biodiversity Framework (GBF),Enabling,"Nature & Biodiversity | Governance, Society & Data",Complementary,% increase in biodiversity literacy score among zoo/aquarium visitors before and after visit,Global,GBF Target 21 (complementary). Biodiversity awareness through formal non-formal education at zoos/aquaria.,"CBD/COP/16/L.26/Rev.1 (26 February 2025). Monitoring framework for the KM-GBF – Annex II (component/complementary indicators). COP-16 resumed session, Rome. https://www.cbd.int/doc/c/1e13/f20d/81cd8447744640bbd21e008f/cop-16-l-26-rev1-en.pdf",WAZA (World Association of Zoos and Aquariums); Chester Zoo bioliteracy survey programme,0,0 – None,Zoo visitor surveys; no climate data.,CBD Secretariat / multiple custodians,GBF-T21,[INT-L-004]; [INT-P-006]
GBF-197,"22.CY.1 Proportions of positions in national and local institutions held by IPLCs, women, youth and persons with disabilities",CBD Global Biodiversity Framework (GBF),Enabling,"Health | Governance, Society & Data",Complementary,% of seats in (a) legislatures; (b) public service; (c) judiciary held by equity groups; disaggregated by type,Global,GBF Target 22 / T23 (complementary). Inclusive governance representation as proxy for equitable decision-making.,"CBD/COP/16/L.26/Rev.1 (26 February 2025). Monitoring framework for the KM-GBF – Annex II (component/complementary indicators). COP-16 resumed session, Rome. https://www.cbd.int/doc/c/1e13/f20d/81cd8447744640bbd21e008f/cop-16-l-26-rev1-en.pdf",Inter-Parliamentary Union; UN Women; national civil service records; UNDP governance data,0,0 – None,Representation data from institutional records; no climate data.,CBD Secretariat / multiple custodians,GBF-T22; GBF-T23,[INT-L-004]; [INT-P-006]
GBF-198,22.CY.2 Proportion of countries with systems to track allocations for gender equality and women's empowerment,CBD Global Biodiversity Framework (GBF),Enabling,"Finance | Governance, Society & Data",Complementary,% of countries with gender-responsive budget tracking systems; SDG 5.c.1,Global,GBF Target 22 (complementary). Gender-responsive fiscal governance for biodiversity finance. Official SDG 5.c.1.,"CBD/COP/16/L.26/Rev.1 (26 February 2025). Monitoring framework for the KM-GBF – Annex II (component/complementary indicators). COP-16 resumed session, Rome. https://www.cbd.int/doc/c/1e13/f20d/81cd8447744640bbd21e008f/cop-16-l-26-rev1-en.pdf",UNDP; UN Women; national finance ministry data; SDG 5.c.1 monitoring,0,0 – None,Gender budgeting from national finance records; no climate data.,CBD Secretariat / multiple custodians,GBF-T22,[INT-L-004]; [INT-P-006]
GBF-199,"22.CY.3 Proportion of agricultural population with secure land rights over agricultural land, by sex",CBD Global Biodiversity Framework (GBF),Enabling,"Land Use & Agriculture | Governance, Society & Data",Complementary,"% with ownership or secure rights over agricultural land, disaggregated by sex; SDG 5.a.1",Global,GBF Target 22 / T23 (complementary). Women's land rights as a foundation for biodiversity stewardship. Official SDG 5.a.1.,"CBD/COP/16/L.26/Rev.1 (26 February 2025). Monitoring framework for the KM-GBF – Annex II (component/complementary indicators). COP-16 resumed session, Rome. https://www.cbd.int/doc/c/1e13/f20d/81cd8447744640bbd21e008f/cop-16-l-26-rev1-en.pdf",FAO Gender and Land Rights database; national land tenure surveys; World Bank LSMS,0,0 – None,Land rights from survey and cadastral data; no climate data.,CBD Secretariat / multiple custodians,GBF-T22; GBF-T23,[INT-L-004]; [INT-P-006]
GBF-200,22.CY.4 Proportion of countries where legal framework guarantees women's equal rights to land ownership and control,CBD Global Biodiversity Framework (GBF),Enabling,"Governance, Society & Data",Complementary,% of countries with legal guarantees of women's equal land rights (including customary law); SDG 5.a.2,Global,GBF Target 22 / T23 (complementary). Legal gender equality for land as prerequisite for governance. Official SDG 5.a.2.,"CBD/COP/16/L.26/Rev.1 (26 February 2025). Monitoring framework for the KM-GBF – Annex II (component/complementary indicators). COP-16 resumed session, Rome. https://www.cbd.int/doc/c/1e13/f20d/81cd8447744640bbd21e008f/cop-16-l-26-rev1-en.pdf",FAO Gender and Land Rights database; UN Women legal assessments; OECD gender indicators,0,0 – None,Legal framework data from legislation reviews; no climate data.,CBD Secretariat / multiple custodians,GBF-T22; GBF-T23,[INT-L-004]; [INT-P-006]
GBF-201,"22.CY.5 Proportion of population who believe decision-making is inclusive and responsive, by sex/age/disability/IPLC",CBD Global Biodiversity Framework (GBF),Enabling,"Health | Governance, Society & Data",Complementary,"% of population satisfied with inclusivity of governance processes, by equity group; SDG 16.7.2",Global,GBF Target 22 / T23 (complementary). Perceived governance quality and inclusion. Official SDG 16.7.2.,"CBD/COP/16/L.26/Rev.1 (26 February 2025). Monitoring framework for the KM-GBF – Annex II (component/complementary indicators). COP-16 resumed session, Rome. https://www.cbd.int/doc/c/1e13/f20d/81cd8447744640bbd21e008f/cop-16-l-26-rev1-en.pdf",Gallup World Poll; national governance surveys; UNDP perception surveys,0,0 – None,Governance perception from surveys; no climate data.,CBD Secretariat / multiple custodians,GBF-T22; GBF-T23,[INT-L-004]; [INT-P-006]
GBF-202,22.CY.6 Area covered by territories governed and managed by custodian IPLCs (ICCAs – territories of life),CBD Global Biodiversity Framework (GBF),State – Habitats,"Governance, Society & Data",Complementary,Total area (km²) of land under IPLC governance and management (territories of life / ICCAs); trend,Global,GBF Target 22 (complementary). IPLC-managed territories as biodiversity conservation outcome and rights recognition.,"CBD/COP/16/L.26/Rev.1 (26 February 2025). Monitoring framework for the KM-GBF – Annex II (component/complementary indicators). COP-16 resumed session, Rome. https://www.cbd.int/doc/c/1e13/f20d/81cd8447744640bbd21e008f/cop-16-l-26-rev1-en.pdf",ICCA Consortium territories of life database; UNEP-WCMC; LandMark platform; national IPLC territory cadastres,1,1 – Low,IPLC territory extent from governance records; climate change threatens territory integrity but area is not climate-derived.,CBD Secretariat / multiple custodians,GBF-T22; GBF-T3,[INT-L-004]; [INT-P-006]
