Record_ID,Indicator_Name,Source_Framework,NCF_Category,Policy_Sector,Indicator_Type,Units_Measure,Scope,Policy_Goal,Source_Reference,Data_Source,Climate_Score,Climate_Dependency,Climate_Rationale,Sector,Framework_Classification,GBF_Targets_Clean,Policy_Links,Source_URL
IND-C-001,Total UK territorial GHG emissions,CCC Mitigation Monitoring Framework,Pressure,Climate,Overarching target,MtCO₂e/year,UK,UK Climate Change Act 2008 carbon budgets; Carbon Budget Delivery Plan 2023; Minimise climate change impacts on biodiversity,"Climate Change Act 2008, s.1 & s.4; Carbon Budgets 4–7",DESNZ UK GHG Inventory (provisional and final),1,1 – Low,"UK GHG inventory uses activity data × emission factors; temperature marginally affects heating demand and agricultural CH4/N2O, but inventory is not formally weather-adjusted at source.",Cross-Economy / Overarching,"Role: Overarching target; Benchmark: CB4: ≤1,950 MtCO₂e (2023–27); CB5: ≤1,725 MtCO₂e (2028–32); CB6: ≤965 MtCO₂e (2033–37); Net Zero by 2050; CCC key indicator: Yes",GBF-T8,[LEG-001]; [LEG-003]; [POL-004]; [INT-L-007]; [INT-L-001]; [INT-L-003]; [LEG-002],https://www.theccc.org.uk/publication/progress-in-reducing-emissions-2025-report-to-parliament/
IND-C-002,UK GHG emissions (excluding international aviation & shipping),CCC Mitigation Monitoring Framework,Pressure,Climate,Overarching target,MtCO₂e/year,UK,UK Climate Change Act 2008 carbon budgets; Carbon Budget Delivery Plan 2023; Minimise climate change impacts on biodiversity,Paris Agreement UK NDC; Climate Change Act 2008,DESNZ UK GHG Inventory,1,1 – Low,As above — same inventory methodology excluding international aviation/shipping.,Cross-Economy / Overarching,Role: Overarching target; Benchmark: NDC: −68% by 2030 vs 1990; −81% by 2035 vs 1990; CCC key indicator: No,GBF-T8,[LEG-001]; [LEG-003]; [POL-004]; [INT-L-007]; [INT-L-001]; [INT-L-003]; [LEG-002],https://www.theccc.org.uk/publication/progress-in-reducing-emissions-2025-report-to-parliament/
IND-C-003,Temperature-adjusted buildings sector emissions,CCC Mitigation Monitoring Framework,Pressure,Climate | Urban & Buildings | Energy,Emissions target,MtCO₂e/year (weather-adjusted),UK,UK Climate Change Act 2008 carbon budgets; Carbon Budget Delivery Plan 2023; Minimise climate change impacts on biodiversity,"CCC Mitigation Monitoring Framework (June 2025, updated June 2026) – Buildings; Carbon Budget and Growth Delivery Plan 2025",DESNZ UK GHG Inventory + CCC temperature adjustment,3,3 – High,"CCC explicitly applies a temperature adjustment (Heating Degree Day regression) to buildings emissions to remove weather effects before assessing policy progress; weather data are a direct, formal input.",Buildings,"Role: Emissions target; Benchmark: CCC Balanced Pathway; CBGDP buildings pathway (October 2025), which reduces buildings emissions more slowly than the CBDP 2023 it replaced; CCC key indicator: No",GBF-T8,[LEG-001]; [LEG-003]; [POL-004]; [INT-L-007]; [INT-L-001]; [INT-L-003]; [LEG-002],https://www.theccc.org.uk/publication/progress-in-reducing-emissions-2025-report-to-parliament/
IND-C-004,Consumption-based GHG emissions (imports),CCC Mitigation Monitoring Framework,Pressure,Climate,Overarching target,MtCO₂e/year,UK,UK Climate Change Act 2008 carbon budgets; Carbon Budget Delivery Plan 2023; Minimise climate change impacts on biodiversity,CCC Monitoring Framework 2025 – wider emissions monitoring,Defra consumption emissions statistics,1,1 – Low,Consumption-based emissions from MRIO input-output tables; climate is not a direct input but extreme weather events can affect production in global supply chains.,Cross-Economy / Overarching,Role: Overarching target; Benchmark: No statutory target; monitored vs historical trend; CCC key indicator: No,GBF-T8,[LEG-001]; [LEG-003]; [POL-004]; [INT-L-007]; [INT-L-001]; [INT-L-003]; [LEG-002],https://www.theccc.org.uk/publication/progress-in-reducing-emissions-2025-report-to-parliament/
IND-C-005,Share of electricity from renewable & low-carbon sources,CCC Mitigation Monitoring Framework,Enabling,Climate | Energy,Deployment / uptake,% of generation / TWh,GB,UK Climate Change Act 2008 carbon budgets; Carbon Budget Delivery Plan 2023; Minimise climate change impacts on biodiversity,CCC Monitoring Framework 2025 – Electricity supply; Clean Power 2030 Action Plan; Net Zero Strategy,National Energy System Operator (NESO) / Elexon / DESNZ,2,2 – Medium,"Renewable and low-carbon share of generation is moved strongly by wind, solar and rainfall, a known significant confounder, but it is metered generation and weather is not an input (Legend 2, rule D).",Electricity Supply,Role: Deployment / uptake; Benchmark: Clean power by 2030 (GB); 50 GW offshore wind by 2030; 70 GW solar by 2035; CCC key indicator: Yes,GBF-T8,[LEG-001]; [LEG-003]; [POL-004]; [INT-L-007]; [INT-L-001]; [INT-L-003]; [LEG-002],https://www.theccc.org.uk/publication/progress-in-reducing-emissions-2025-report-to-parliament/
IND-C-006,Installed offshore wind capacity,CCC Mitigation Monitoring Framework,Enabling,Climate | Energy,Deployment / uptake,GW installed,GB,UK Climate Change Act 2008 carbon budgets; Carbon Budget Delivery Plan 2023; Minimise climate change impacts on biodiversity,CCC Progress in reducing emissions 2026 report to Parliament (24 June 2026) §3.2.7; Clean Power 2030 Action Plan; Carbon Budget and Growth Delivery Plan 2025,DESNZ Energy Trends; Renewable UK,0,0 – None,Installed offshore wind capacity from DESNZ/RenewableUK records; capacity is a static installed figure unaffected by weather.,Electricity Supply,"Role: Deployment / uptake; Benchmark: Clean Power 2030 Action Plan: 43-50 GW of offshore wind by 2030. 16.6 GW installed at end-2025 (0.7 GW added in the year); the CCC assesses the current pipeline as delivering about 32 GW by 2030, so 5.3-6.7 GW average annual deployment is needed to close the gap. AR7 contracted a record 8.2 GW fixed and 0.2 GW floating.; CCC key indicator: Yes",GBF-T8,[LEG-001]; [LEG-003]; [POL-004]; [INT-L-007]; [INT-L-001]; [INT-L-003]; [LEG-002],https://www.theccc.org.uk/publication/progress-in-reducing-emissions-2025-report-to-parliament/
IND-C-007,Installed onshore wind capacity,CCC Mitigation Monitoring Framework,Enabling,Climate | Energy,Deployment / uptake,GW installed,GB,UK Climate Change Act 2008 carbon budgets; Carbon Budget Delivery Plan 2023; Minimise climate change impacts on biodiversity,CCC Balanced Pathway / Seventh Carbon Budget,DESNZ Energy Trends; Renewable UK,0,0 – None,Installed onshore wind capacity — as above.,Electricity Supply,Role: Deployment / uptake; Benchmark: 27–29 GW by 2030 (CCC Balanced Pathway); CCC key indicator: No,GBF-T8,[LEG-001]; [LEG-003]; [POL-004]; [INT-L-007]; [INT-L-001]; [INT-L-003]; [LEG-002],https://www.theccc.org.uk/publication/progress-in-reducing-emissions-2025-report-to-parliament/
IND-C-008,Installed solar PV capacity,CCC Mitigation Monitoring Framework,Enabling,Climate | Energy,Deployment / uptake,GW installed,GB,UK Climate Change Act 2008 carbon budgets; Carbon Budget Delivery Plan 2023; Minimise climate change impacts on biodiversity,CCC Progress in reducing emissions 2026 report to Parliament (24 June 2026) §3.2.7; Clean Power 2030 Action Plan; Carbon Budget and Growth Delivery Plan 2025,DESNZ Energy Trends; Solar Energy UK,0,0 – None,"Installed solar PV capacity — installed panel area, not generation; no climate data.",Electricity Supply,"Role: Deployment / uptake; Benchmark: Clean Power 2030 Action Plan: 45-47 GW of solar PV by 2030 - a GOVERNMENT ambition, not a CCC pathway figure as this row previously recorded. 21.7 GW installed at end-2025, with 2.8 GW added in 2025, the highest annual deployment since 2015. The 70 GW by 2035 figure came from the earlier Net Zero Strategy and is not the current benchmark.; CCC key indicator: Yes",GBF-T8,[LEG-001]; [LEG-003]; [POL-004]; [INT-L-007]; [INT-L-001]; [INT-L-003]; [LEG-002],https://www.theccc.org.uk/publication/progress-in-reducing-emissions-2025-report-to-parliament/
IND-C-009,Nuclear generation capacity (operational),CCC Mitigation Monitoring Framework,Enabling,Climate | Energy,Deployment / uptake,GW operational,GB,UK Climate Change Act 2008 carbon budgets; Carbon Budget Delivery Plan 2023; Minimise climate change impacts on biodiversity,British Energy Security Strategy 2022; Net Zero Strategy,DESNZ Energy Trends; EDF / NNB data,0,0 – None,Operational nuclear capacity from EDF/NNB operational records; no climate data.,Electricity Supply,Role: Deployment / uptake; Benchmark: 24 GW by 2050 (Government ambition); at least 3 GW large-scale new nuclear; CCC key indicator: No,GBF-T8,[LEG-001]; [LEG-003]; [POL-004]; [INT-L-007]; [INT-L-001]; [INT-L-003]; [LEG-002],https://www.theccc.org.uk/publication/progress-in-reducing-emissions-2025-report-to-parliament/
IND-C-010,Gas-fired power generation (unabated),CCC Mitigation Monitoring Framework,Pressure,Climate | Energy,Demand / activity,TWh/year,GB,UK Climate Change Act 2008 carbon budgets; Carbon Budget Delivery Plan 2023; Minimise climate change impacts on biodiversity,Clean Power 2030 Action Plan; CCC Monitoring Framework,DESNZ Energy Trends,2,2 – Medium,"Unabated gas generation fills the gap left by wind and solar, so weather moves it materially; generation is metered and weather is not an input (Legend 2, rule D).",Electricity Supply,Role: Demand / activity; Benchmark: Phase-out of unabated gas power by 2030 (UK Government commitment); CCC key indicator: No,GBF-T8,[LEG-001]; [LEG-003]; [POL-004]; [INT-L-007]; [INT-L-001]; [INT-L-003]; [LEG-002],https://www.theccc.org.uk/publication/progress-in-reducing-emissions-2025-report-to-parliament/
IND-C-011,Battery storage and long-duration energy storage capacity,CCC Mitigation Monitoring Framework,Enabling,Climate | Energy,Deployment / uptake,GW / GWh capacity,GB,UK Climate Change Act 2008 carbon budgets; Carbon Budget Delivery Plan 2023; Minimise climate change impacts on biodiversity,CCC Monitoring Framework 2025 – Electricity; Seventh Carbon Budget,DESNZ; National Grid ESO / NESO,0,0 – None,"Installed battery/LDES capacity from DESNZ registration data; static installed capacity, no climate data.",Electricity Supply,Role: Deployment / uptake; Benchmark: CCC Balanced Pathway: significant scale-up required; no fixed statutory target; CCC key indicator: No,GBF-T8,[LEG-001]; [LEG-003]; [POL-004]; [INT-L-007]; [INT-L-001]; [INT-L-003]; [LEG-002],https://www.theccc.org.uk/publication/progress-in-reducing-emissions-2025-report-to-parliament/
IND-C-012,Contracts for Difference (CfD) auction capacity secured,CCC Mitigation Monitoring Framework,Enabling,Climate | Energy,Deployment / uptake,GW awarded per allocation round,GB,UK Climate Change Act 2008 carbon budgets; Carbon Budget Delivery Plan 2023; Minimise climate change impacts on biodiversity,CCC Progress in reducing emissions 2026 report to Parliament (24 June 2026) §3.2.7; Clean Power 2030 Action Plan; Carbon Budget and Growth Delivery Plan 2025,DESNZ / LCCC CfD register,0,0 – None,"CfD auction capacity from LCCC records; administrative measure of contracted capacity, no climate data.",Electricity Supply,"Role: Deployment / uptake; Benchmark: Annual Contracts for Difference allocation rounds sized to deliver the Clean Power 2030 trajectory. Allocation Round 7 contracted a record 8.2 GW of fixed and 0.2 GW of floating offshore wind; AR8 must secure substantial further capacity if the 43-50 GW 2030 ambition is to be met, given four-to-eight-year delivery times. (The previous benchmark cited AR4 and 11 GW.); CCC key indicator: No",GBF-T8,[LEG-001]; [LEG-003]; [POL-004]; [INT-L-007]; [INT-L-001]; [INT-L-003]; [LEG-002],https://www.theccc.org.uk/publication/progress-in-reducing-emissions-2025-report-to-parliament/
IND-C-013,Electricity sector GHG emissions,CCC Mitigation Monitoring Framework,Pressure,Climate | Energy,Emissions target,MtCO₂e/year,GB,UK Climate Change Act 2008 carbon budgets; Carbon Budget Delivery Plan 2023; Minimise climate change impacts on biodiversity,CCC Balanced Pathway; Sixth & Seventh Carbon Budgets,DESNZ UK GHG Inventory,1,1 – Low,"Electricity sector GHG emissions from DESNZ inventory; temperature affects heating demand that influences gas generation, but the inventory is not temperature-adjusted at source.",Electricity Supply,Role: Emissions target; Benchmark: Near-zero unabated emissions by 2030; Net Zero by 2035; CCC key indicator: No,GBF-T8,[LEG-001]; [LEG-003]; [POL-004]; [INT-L-007]; [INT-L-001]; [INT-L-003]; [LEG-002],https://www.theccc.org.uk/publication/progress-in-reducing-emissions-2025-report-to-parliament/
IND-C-014,New battery electric vehicle (BEV) car sales share,CCC Mitigation Monitoring Framework,Enabling,Climate | Transport,Deployment / uptake,% of new car registrations,UK,UK Climate Change Act 2008 carbon budgets; Carbon Budget Delivery Plan 2023; Minimise climate change impacts on biodiversity,CCC Monitoring Framework 2025 – Surface transport; Zero Emission Vehicle (ZEV) Mandate; Net Zero Strategy,SMMT new car registration data; DESNZ,0,0 – None,EV car sales share from SMMT registration data; no climate data.,Surface Transport,"Role: Deployment / uptake; Benchmark: ZEV mandate: 22% in 2024, rising to 80% by 2030, 100% by 2035; phase-out of new petrol and diesel CARS in 2030 (2035 applies to vans, not cars); CCC key indicator: Yes",GBF-T8,[LEG-001]; [LEG-003]; [POL-004]; [INT-L-007]; [INT-L-001]; [INT-L-003]; [LEG-002],https://www.theccc.org.uk/publication/progress-in-reducing-emissions-2025-report-to-parliament/
IND-C-015,Cumulative electric car stock,CCC Mitigation Monitoring Framework,Enabling,Climate | Transport,Deployment / uptake,number of vehicles (millions),UK,UK Climate Change Act 2008 carbon budgets; Carbon Budget Delivery Plan 2023; Minimise climate change impacts on biodiversity,CCC Monitoring Framework 2025 – Surface transport,DVLA / DfT vehicle licensing statistics,0,0 – None,Cumulative EV stock from DVLA licensing data; no climate data.,Surface Transport,Role: Deployment / uptake; Benchmark: CCC Balanced Pathway: ~11 million EVs by 2030; CCC key indicator: Yes,GBF-T8,[LEG-001]; [LEG-003]; [POL-004]; [INT-L-007]; [INT-L-001]; [INT-L-003]; [LEG-002],https://www.theccc.org.uk/publication/progress-in-reducing-emissions-2025-report-to-parliament/
IND-C-016,New electric van sales share,CCC Mitigation Monitoring Framework,Enabling,Climate | Transport,Deployment / uptake,% of new van registrations,UK,UK Climate Change Act 2008 carbon budgets; Carbon Budget Delivery Plan 2023; Minimise climate change impacts on biodiversity,"CCC Progress in reducing emissions 2026 report to Parliament (24 June 2026) §3.2.2, §4.3.2; ZEV Mandate; Carbon Budget and Growth Delivery Plan 2025",SMMT / DfT,0,0 – None,Electric van sales share from SMMT data; no climate data.,Surface Transport,"Role: Deployment / uptake; Benchmark: CBGDP van uptake assumptions and the ZEV mandate van trajectory. Uptake is behind the CBGDP: electric vans were 9.5% of new van sales in 2025, up from 6.3% in 2024.; CCC key indicator: No",GBF-T8,[LEG-001]; [LEG-003]; [POL-004]; [INT-L-007]; [INT-L-001]; [INT-L-003]; [LEG-002],https://www.theccc.org.uk/publication/progress-in-reducing-emissions-2025-report-to-parliament/
IND-C-017,Zero-emission HGV and freight vehicles on the road,CCC Mitigation Monitoring Framework,Enabling,Climate | Transport,Deployment / uptake,number / % of HGV fleet,UK,UK Climate Change Act 2008 carbon budgets; Carbon Budget Delivery Plan 2023; Minimise climate change impacts on biodiversity,Net Zero Strategy 2021; ZEV Mandate consultation,DfT / DVLA statistics,0,0 – None,Zero-emission HGV fleet from DVLA data; no climate data.,Surface Transport,Role: Deployment / uptake; Benchmark: All new HGVs zero emission by 2040; pilot targets under development; CCC key indicator: No,GBF-T8,[LEG-001]; [LEG-003]; [POL-004]; [INT-L-007]; [INT-L-001]; [INT-L-003]; [LEG-002],https://www.theccc.org.uk/publication/progress-in-reducing-emissions-2025-report-to-parliament/
IND-C-018,Public EV charging infrastructure (public chargepoints),CCC Mitigation Monitoring Framework,Enabling,Climate | Transport,Enabling / enabler,number of public chargepoints,UK,UK Climate Change Act 2008 carbon budgets; Carbon Budget Delivery Plan 2023; Minimise climate change impacts on biodiversity,CCC Progress in reducing emissions 2026 report to Parliament (24 June 2026) §3.2.2; EV Infrastructure Strategy 2022; Carbon Budget and Growth Delivery Plan 2025,Zap-Map / DfT EV charging statistics,0,0 – None,Public chargepoint count from Zap-Map/DfT; no climate data.,Surface Transport,"Role: Enabling / enabler; Benchmark: 300,000 public charge points by 2030 (Government target, unchanged). CCC assesses roll-out on track: 88,000 devices in 2025, up 19% from 74,000 in 2024, though growth slowed from 37% the previous year.; CCC key indicator: No",GBF-T8,[LEG-001]; [LEG-003]; [POL-004]; [INT-L-007]; [INT-L-001]; [INT-L-003]; [LEG-002],https://www.theccc.org.uk/publication/progress-in-reducing-emissions-2025-report-to-parliament/
IND-C-019,Surface transport sector GHG emissions,CCC Mitigation Monitoring Framework,Pressure,Climate | Transport,Emissions target,MtCO₂e/year,UK,UK Climate Change Act 2008 carbon budgets; Carbon Budget Delivery Plan 2023; Minimise climate change impacts on biodiversity,"CCC Mitigation Monitoring Framework (June 2025, updated June 2026) – Surface transport; Carbon Budget and Growth Delivery Plan 2025",DESNZ UK GHG Inventory,1,1 – Low,Surface transport GHG emissions from inventory; cold winters marginally increase fuel use but inventory is not weather-adjusted.,Surface Transport,"Role: Emissions target; Benchmark: CCC Balanced Pathway; CBGDP surface transport pathway (October 2025), which reduces surface transport emissions more slowly than the CBDP 2023 it replaced; CCC key indicator: No",GBF-T8,[LEG-001]; [LEG-003]; [POL-004]; [INT-L-007]; [INT-L-001]; [INT-L-003]; [LEG-002],https://www.theccc.org.uk/publication/progress-in-reducing-emissions-2025-report-to-parliament/
IND-C-020,Annual vehicle kilometres travelled (total road traffic),CCC Mitigation Monitoring Framework,Pressure,Climate | Transport,Demand / activity,billion vehicle-km/year,UK,UK Climate Change Act 2008 carbon budgets; Carbon Budget Delivery Plan 2023; Minimise climate change impacts on biodiversity,CCC Monitoring Framework 2025 – Surface transport,DfT Road Traffic Statistics,1,1 – Low,Vehicle-km from DfT road traffic statistics; severe weather reduces traffic temporarily but annual totals are not weather-adjusted.,Surface Transport,Role: Demand / activity; Benchmark: No statutory demand target; monitored vs CCC pathway; CCC key indicator: No,GBF-T8,[LEG-001]; [LEG-003]; [POL-004]; [INT-L-007]; [INT-L-001]; [INT-L-003]; [LEG-002],https://www.theccc.org.uk/publication/progress-in-reducing-emissions-2025-report-to-parliament/
IND-C-021,Annual heat pump installations (residential),CCC Mitigation Monitoring Framework,Enabling,Climate | Urban & Buildings | Energy,Deployment / uptake,number of installations/year,UK,UK Climate Change Act 2008 carbon budgets; Carbon Budget Delivery Plan 2023; Minimise climate change impacts on biodiversity,"CCC Progress in reducing emissions 2026 report to Parliament (24 June 2026) §3.2.3, §4.3.3; Warm Homes Plan 2025; Carbon Budget and Growth Delivery Plan 2025",MCS certification data; DESNZ Boiler Upgrade Scheme statistics,0,0 – None,"Heat pump installations from MCS certification data; no climate data. (Heat pump performance varies with outdoor temperature, but the indicator counts installations.)",Buildings,"Role: Deployment / uptake; Benchmark: Warm Homes Plan: 450,000 heat pump installations per year UK-wide by 2030, of which ~250,000 retrofit; the CCC states installation rates must exceed this to deliver the CBGDP emissions reductions. CCC Balanced Pathway: retrofit at roughly twice the Warm Homes Plan level, reaching ~1.4 million/year by 2035. (Superseded: the Heat and Buildings Strategy aim of 600,000/year by 2028.); CCC key indicator: Yes",GBF-T8,[LEG-001]; [LEG-003]; [POL-004]; [INT-L-007]; [INT-L-001]; [INT-L-003]; [LEG-002],https://www.theccc.org.uk/publication/progress-in-reducing-emissions-2025-report-to-parliament/
IND-C-022,Homes upgraded to EPC band C or above,CCC Mitigation Monitoring Framework,Enabling,Climate | Urban & Buildings | Energy,Deployment / uptake,number of homes / % of stock,UK,UK Climate Change Act 2008 carbon budgets; Carbon Budget Delivery Plan 2023; Minimise climate change impacts on biodiversity,CCC Progress in reducing emissions 2026 report to Parliament (24 June 2026) §4.3.3; Warm Homes Plan 2025; planned MEES legislation (not yet enacted),MHCLG / Valuation Office EPC register,0,0 – None,"EPC ratings from VOA/MHCLG register; static rating, no climate data.",Buildings,"Role: Deployment / uptake; Benchmark: Planned Minimum Energy Efficiency Standards: private rented homes to EPC C on two EPC metrics by 2030 (~1.8 million homes); social rented homes to EPC C on one metric by 2030 and two metrics by 2039 (~1.1 million by 2030, ~2.9 million by 2039). The Heat and Buildings Strategy aim of all homes EPC C by 2035 is no longer government policy.; CCC key indicator: Yes",GBF-T8,[LEG-001]; [LEG-003]; [POL-004]; [INT-L-007]; [INT-L-001]; [INT-L-003]; [LEG-002],https://www.theccc.org.uk/publication/progress-in-reducing-emissions-2025-report-to-parliament/
IND-C-023,"Number of properties insulated (loft, cavity wall, solid wall)",CCC Mitigation Monitoring Framework,Enabling,Climate | Urban & Buildings | Energy,Deployment / uptake,number of properties/year,UK,UK Climate Change Act 2008 carbon budgets; Carbon Budget Delivery Plan 2023; Minimise climate change impacts on biodiversity,"CCC Progress in reducing emissions 2026 report to Parliament (24 June 2026) §3.2.3, §4.3.3; Warm Homes Plan 2025. ECO4 closed — the scheme cited in the previous benchmark no longer exists",DESNZ Energy Company Obligation (ECO) statistics,0,0 – None,Insulation installations from ECO scheme records; no climate data.,Buildings,"Role: Deployment / uptake; Benchmark: No quantified government insulation target. The CCC tracks the proportion of homes with cavity wall insulation and assesses it on track. The Energy Company Obligation, which delivered about a third of the retrofit market over three years, has closed with no replacement; planned MEES are expected to drive efficiency improvements in ~1.8 million private rented and ~1.1 million social rented homes by 2030.; CCC key indicator: No",GBF-T8,[LEG-001]; [LEG-003]; [POL-004]; [INT-L-007]; [INT-L-001]; [INT-L-003]; [LEG-002],https://www.theccc.org.uk/publication/progress-in-reducing-emissions-2025-report-to-parliament/
IND-C-024,Boiler Upgrade Scheme applications / installations,CCC Mitigation Monitoring Framework,Enabling,Climate | Urban & Buildings | Energy,Deployment / uptake,number of vouchers/year,UK,UK Climate Change Act 2008 carbon budgets; Carbon Budget Delivery Plan 2023; Minimise climate change impacts on biodiversity,Heat and Buildings Strategy 2021; BUS scheme framework,DESNZ Boiler Upgrade Scheme statistics,0,0 – None,"BUS voucher applications from DESNZ; administrative count, no climate data.",Buildings,"Role: Deployment / uptake; Benchmark: Scheme target supporting 600,000 heat pumps/year by 2028; CCC key indicator: No",GBF-T8,[LEG-001]; [LEG-003]; [POL-004]; [INT-L-007]; [INT-L-001]; [INT-L-003]; [LEG-002],https://www.theccc.org.uk/publication/progress-in-reducing-emissions-2025-report-to-parliament/
IND-C-025,Buildings sector GHG emissions (residential),CCC Mitigation Monitoring Framework,Pressure,Climate | Urban & Buildings | Energy,Emissions target,MtCO₂e/year,UK,UK Climate Change Act 2008 carbon budgets; Carbon Budget Delivery Plan 2023; Minimise climate change impacts on biodiversity,"CCC Mitigation Monitoring Framework (June 2025, updated June 2026) – Buildings; Carbon Budget and Growth Delivery Plan 2025",DESNZ UK GHG Inventory,1,1 – Low,"Unadjusted residential emissions from the DESNZ inventory; cold winters move heating emissions but weather is not an input to this series. The temperature-adjusted series is held separately at [IND-C-003] (Legend 1, rule C).",Buildings,"Role: Emissions target; Benchmark: CCC Balanced Pathway; CBGDP buildings pathway (October 2025), which reduces buildings emissions more slowly than the CBDP 2023 it replaced; CCC key indicator: No",GBF-T8,[LEG-001]; [LEG-003]; [POL-004]; [INT-L-007]; [INT-L-001]; [INT-L-003]; [LEG-002],https://www.theccc.org.uk/publication/progress-in-reducing-emissions-2025-report-to-parliament/
IND-C-026,Average home Energy Performance Certificate (EPC) rating,CCC Mitigation Monitoring Framework,Enabling,Climate | Urban & Buildings | Energy,Energy efficiency,EPC band (A–G) / SAP score,UK,UK Climate Change Act 2008 carbon budgets; Carbon Budget Delivery Plan 2023; Minimise climate change impacts on biodiversity,Heat and Buildings Strategy 2021,MHCLG / VOA EPC register,0,0 – None,EPC rating from SAP assessment methodology; SAP uses standard heating assumptions not actual weather.,Buildings,Role: Energy efficiency; Benchmark: All homes EPC C by 2035; SAP improvement benchmarks; CCC key indicator: No,GBF-T8,[LEG-001]; [LEG-003]; [POL-004]; [INT-L-007]; [INT-L-001]; [INT-L-003]; [LEG-002],https://www.theccc.org.uk/publication/progress-in-reducing-emissions-2025-report-to-parliament/
IND-C-027,Non-residential buildings energy intensity,CCC Mitigation Monitoring Framework,Enabling,Climate | Urban & Buildings | Energy,Energy efficiency,kWh/m²/year,UK,UK Climate Change Act 2008 carbon budgets; Carbon Budget Delivery Plan 2023; Minimise climate change impacts on biodiversity,"CCC Progress in reducing emissions 2026 report to Parliament (24 June 2026) §3.2.3, §4.3.3; CCC Mitigation Monitoring Framework (June 2025, updated June 2026) – Buildings; Carbon Budget and Growth Delivery Plan 2025",DESNZ Energy Consumption in the UK (ECUK),1,1 – Low,Non-residential building energy intensity from ECUK; energy use is affected by weather (heating/cooling) but ECUK does not formally weather-adjust this indicator.,Buildings,"Role: Energy efficiency; Benchmark: CCC Balanced Pathway; CBGDP buildings pathway (October 2025). No dedicated funding for the public estate since the Public Sector Decarbonisation Scheme closed, and the non-residential MEES uplift from EPC E to EPC B by 2030, first consulted on in 2019, remains unconfirmed.; CCC key indicator: No",GBF-T8,[LEG-001]; [LEG-003]; [POL-004]; [INT-L-007]; [INT-L-001]; [INT-L-003]; [LEG-002],https://www.theccc.org.uk/publication/progress-in-reducing-emissions-2025-report-to-parliament/
IND-C-028,Industrial energy consumption per unit output (energy intensity),CCC Mitigation Monitoring Framework,Enabling,Climate | Trade & Industry,Energy efficiency,index (energy per unit GVA),UK,UK Climate Change Act 2008 carbon budgets; Carbon Budget Delivery Plan 2023; Minimise climate change impacts on biodiversity,"CCC Progress in reducing emissions 2026 report to Parliament (24 June 2026) §3.2.5, §4.3.5; Carbon Budget and Growth Delivery Plan 2025",DESNZ Energy Consumption in the UK (ECUK),1,1 – Low,"Industrial energy per unit output from ECUK; process energy is largely weather-independent (Legend 1, rules C and G; aligned with [IND-C-027], [IND-C-055]).",Industry,"Role: Energy efficiency; Benchmark: The CBGDP sets no industrial energy-intensity target. It makes ELECTRIFICATION the primary route to industrial decarbonisation, with a larger role than the CBDP 2023 gave it. CCC Balanced Pathway: electricity reaches 36% of industrial energy demand by 2030, against 27% in 2024 (down from 28% in 2023). The industrial electricity-to-gas price ratio, about 4:1 against the roughly 3:1 needed for industrial heat pumps, is the binding constraint.; CCC key indicator: Yes",GBF-T8,[LEG-001]; [LEG-003]; [POL-004]; [INT-L-007]; [INT-L-001]; [INT-L-003]; [LEG-002],https://www.theccc.org.uk/publication/progress-in-reducing-emissions-2025-report-to-parliament/
IND-C-029,Industrial GHG emissions,CCC Mitigation Monitoring Framework,Pressure,Climate | Trade & Industry,Emissions target,MtCO₂e/year,UK,UK Climate Change Act 2008 carbon budgets; Carbon Budget Delivery Plan 2023; Minimise climate change impacts on biodiversity,CCC Monitoring Framework 2025 – Industry; Industrial Decarbonisation Strategy 2021,DESNZ UK GHG Inventory,1,1 – Low,Industrial GHG emissions from inventory; temperature marginally affects fuel use in some sectors but inventory is not formally weather-adjusted.,Industry,Role: Emissions target; Benchmark: CCC Balanced Pathway; ~71% reduction by 2035 vs 2019; CCC key indicator: No,GBF-T8,[LEG-001]; [LEG-003]; [POL-004]; [INT-L-007]; [INT-L-001]; [INT-L-003]; [LEG-002],https://www.theccc.org.uk/publication/progress-in-reducing-emissions-2025-report-to-parliament/
IND-C-030,Carbon capture and storage (CCS) capacity operational (industrial CCUS),CCC Mitigation Monitoring Framework,Enabling,Climate | Trade & Industry,Deployment / uptake,MtCO₂/year captured,UK,UK Climate Change Act 2008 carbon budgets; Carbon Budget Delivery Plan 2023; Minimise climate change impacts on biodiversity,"CBGDP Section 14 Report (DESNZ, 29 October 2025, updated 23 June 2026); CBGDP technical annex; CCC Progress in reducing emissions 2026 report to Parliament §4.3.5",DESNZ / CCUS programme reports,0,0 – None,Industrial CCS capacity from DESNZ project pipeline; operational capture statistics may vary with plant output (some weather-sensitive) but the indicator tracks installed capacity.,Industry,"Role: Deployment / uptake; Benchmark: CBGDP: the Track-1 clusters enable storage capacity of up to 4 MtCO2/year at the East Coast Cluster and 4.5 MtCO2/year at HyNet at full network utilisation, about 8.5 MtCO2/year combined, with £9.4 billion of capital allocated at Spending Review 2025 to fill it. East Coast reached financial close in December 2024 and HyNet transport and storage in April 2025; Protos and Padeswood capture projects reached FID in September 2025. Track-2 (Acorn, Viking) has development funding with a final investment decision due later this Parliament, and gas-terminal CCUS savings are expected from 2034. The CBGDP sets NO economy-wide CCUS capacity target for 2030: the 20-30 MtCO2/year figure in the previous benchmark came from the Net Zero Strategy 2021 and is not restated.; CCC key indicator: Yes",GBF-T8,[LEG-001]; [LEG-003]; [POL-004]; [INT-L-007]; [INT-L-001]; [INT-L-003]; [LEG-002],https://www.theccc.org.uk/publication/progress-in-reducing-emissions-2025-report-to-parliament/
IND-C-031,Low-carbon hydrogen production capacity,CCC Mitigation Monitoring Framework,Enabling,Climate | Energy,Deployment / uptake,GW electrolyser capacity / TWh/year,UK,UK Climate Change Act 2008 carbon budgets; Carbon Budget Delivery Plan 2023; Minimise climate change impacts on biodiversity,"CBGDP Section 14 Report (DESNZ, 29 October 2025, updated 23 June 2026) paras 26, 88; CBGDP technical annex paras 86-91; UK Hydrogen Strategy 2021 (superseded figure)",DESNZ Hydrogen production statistics,0,0 – None,Hydrogen production capacity from DESNZ statistics; installed electrolyser capacity is not weather-dependent.,Fuel Supply / Hydrogen,"Role: Deployment / uptake; Benchmark: The CBGDP sets NO hydrogen production capacity target. Capacity is derived from modelled demand in the industry, power and transport sectors on the assumption that supply always equals demand, with CCUS-enabled (blue) plants at a 90% load factor and electrolytic (green) at 60%. Delivery runs through allocation rounds: HAR1 (11 projects funded), HAR2 (27 projects shortlisted April 2025), HAR3 to launch by 2026 and HAR4 from 2028; two CCUS-enabled projects in the East Coast and HyNet clusters could add up to 1 GW. A new Hydrogen Strategy is in preparation to set out the scale government envisages. The 10 GW by 2030 in the previous benchmark comes from the UK Hydrogen Strategy 2021 and is not restated in the CBGDP.; CCC key indicator: Yes",GBF-T8,[LEG-001]; [LEG-003]; [POL-004]; [INT-L-007]; [INT-L-001]; [INT-L-003]; [LEG-002],https://www.theccc.org.uk/publication/progress-in-reducing-emissions-2025-report-to-parliament/
IND-C-032,Industrial fuel switching to low-carbon alternatives,CCC Mitigation Monitoring Framework,Enabling,Climate | Trade & Industry,Deployment / uptake,% of industrial energy from low-carbon fuels,UK,UK Climate Change Act 2008 carbon budgets; Carbon Budget Delivery Plan 2023; Minimise climate change impacts on biodiversity,Industrial Decarbonisation Strategy 2021; CCC Monitoring Framework,DESNZ Energy Consumption in the UK (ECUK),0,0 – None,Industrial fuel switching share from ECUK; no direct climate data.,Industry,Role: Deployment / uptake; Benchmark: CCC Balanced Pathway: significant electrification and hydrogen by 2030s; CCC key indicator: No,GBF-T8,[LEG-001]; [LEG-003]; [POL-004]; [INT-L-007]; [INT-L-001]; [INT-L-003]; [LEG-002],https://www.theccc.org.uk/publication/progress-in-reducing-emissions-2025-report-to-parliament/
IND-C-033,Livestock numbers (cattle and sheep),CCC Mitigation Monitoring Framework,Pressure,Climate | Land Use & Agriculture,Demand / activity,millions of animals (head count),UK,UK Climate Change Act 2008 carbon budgets; Carbon Budget Delivery Plan 2023; Minimise climate change impacts on biodiversity,CCC Monitoring Framework 2025 – Agriculture; Sixth & Seventh Carbon Budgets,Defra June Survey of Agriculture and Horticulture,1,1 – Low,Livestock numbers from June Agricultural Survey; numbers are not directly weather-driven but drought/flooding affect fodder availability and may affect herd management.,Agriculture & Land Use,Role: Demand / activity; Benchmark: CCC Balanced Pathway: ~20% reduction by 2035 vs 2019 baseline; CCC key indicator: Yes,GBF-T8,[LEG-001]; [LEG-003]; [POL-004]; [INT-L-007]; [INT-L-001]; [INT-L-003]; [LEG-002],https://www.theccc.org.uk/publication/progress-in-reducing-emissions-2025-report-to-parliament/
IND-C-034,Agricultural GHG emissions,CCC Mitigation Monitoring Framework,Pressure,Climate | Land Use & Agriculture,Emissions target,MtCO₂e/year,UK,UK Climate Change Act 2008 carbon budgets; Carbon Budget Delivery Plan 2023; Minimise climate change impacts on biodiversity,CCC Progress in reducing emissions 2026 report to Parliament (24 June 2026) §3.2.4; Carbon Budget and Growth Delivery Plan 2025,DESNZ UK GHG Inventory,2,2 – Medium,Agricultural GHG emissions include N2O from soils and CH4 from enteric fermentation; soil N2O is strongly temperature and moisture dependent; IPCC methodology uses climate-informed emission factors.,Agriculture & Land Use,"Role: Emissions target; Benchmark: CCC Balanced Pathway; CBGDP agriculture and land use pathway (October 2025). The Government has set no pathway or target for cattle and sheep numbers or for meat consumption. Both are currently running AHEAD of the Balanced Pathway without direct policy: cattle and sheep numbers fell about 1% and 2% in 2025 to their lowest since 1990, and household beef and lamb purchases fell 5%.; CCC key indicator: No",GBF-T8,[LEG-001]; [LEG-003]; [POL-004]; [INT-L-007]; [INT-L-001]; [INT-L-003]; [LEG-002],https://www.theccc.org.uk/publication/progress-in-reducing-emissions-2025-report-to-parliament/
IND-C-035,Peatland restoration area (upland and lowland),CCC Mitigation Monitoring Framework,Enabling,Climate | Land Use & Agriculture,Deployment / uptake,hectares restored/year,UK,UK Climate Change Act 2008 carbon budgets; Carbon Budget Delivery Plan 2023; Minimise climate change impacts on biodiversity,CCC Progress in reducing emissions 2026 report to Parliament (24 June 2026) §3.2.4; UK and devolved administration peatland commitments; Carbon Budget and Growth Delivery Plan 2025,Natural England / Defra peatland monitoring,0,0 – None,Peatland restoration area from scheme records; no climate data in the area metric (though peat carbon flux monitoring uses temperature/rainfall data).,Agriculture & Land Use,"Role: Deployment / uptake; Benchmark: Combined peatland restoration ambition of the UK Government, the Northern Ireland Executive, the Scottish Government and the Welsh Government. 21,400 hectares restored across the UK in 2025, up 26% and surpassing the combined 2026 ambition; rates have more than tripled since 2020, with Scotland delivering 70% of the total. England, Wales and Northern Ireland figures are likely underestimates - England counts only the Nature for Climate Peatland Grant Scheme.; CCC key indicator: Yes",GBF-T8,[LEG-001]; [LEG-003]; [POL-004]; [INT-L-007]; [INT-L-001]; [INT-L-003]; [LEG-002],https://www.theccc.org.uk/publication/progress-in-reducing-emissions-2025-report-to-parliament/
IND-C-036,Tree planting rate (new woodland creation),CCC Mitigation Monitoring Framework,Enabling,Climate | Land Use & Agriculture,Deployment / uptake,thousand hectares/year,UK,UK Climate Change Act 2008 carbon budgets; Carbon Budget Delivery Plan 2023; Minimise climate change impacts on biodiversity,CCC Progress in reducing emissions 2026 report to Parliament (24 June 2026) §3.2.4; Forestry Statistics 2025; devolved planting targets; Carbon Budget and Growth Delivery Plan 2025,Forestry Commission woodland statistics,0,0 – None,Tree planting area from Forestry Commission records; no climate data.,Agriculture & Land Use,"Role: Deployment / uptake; Benchmark: Combined UK woodland creation ambition, which requires reaching annual rates last seen in the late 1980s by 2030. 15,600 hectares planted UK-wide in 2024/25, DOWN 25% on the previous year, driven by a 44% fall in Scotland following funding cuts; Scotland still delivered 54% of UK planting and has a new target of 18,000 ha/year by 2030. England reached 5,770 hectares, its highest since 2003.; CCC key indicator: Yes",GBF-T8,[LEG-001]; [LEG-003]; [POL-004]; [INT-L-007]; [INT-L-001]; [INT-L-003]; [LEG-002],https://www.theccc.org.uk/publication/progress-in-reducing-emissions-2025-report-to-parliament/
IND-C-037,Land use change (net change in woodland and peatland cover),CCC Mitigation Monitoring Framework,Enabling,Climate | Land Use & Agriculture,Enabling / enabler,hectares net change/year,UK,UK Climate Change Act 2008 carbon budgets; Carbon Budget Delivery Plan 2023; Minimise climate change impacts on biodiversity,CCC Monitoring Framework 2025 – Agriculture & land use,Forest Research / Natural England / Defra LULUCF statistics,1,1 – Low,"Net change in woodland and peatland cover from inventory mapping; climate is a long-run driver but no climate data enter the area calculation (Legend 1, rule B).",Agriculture & Land Use,Role: Enabling / enabler; Benchmark: CCC Balanced Pathway for LULUCF sink growth; CCC key indicator: No,GBF-T8,[LEG-001]; [LEG-003]; [POL-004]; [INT-L-007]; [INT-L-001]; [INT-L-003]; [LEG-002],https://www.theccc.org.uk/publication/progress-in-reducing-emissions-2025-report-to-parliament/
IND-C-038,Agricultural nitrogen use efficiency,CCC Mitigation Monitoring Framework,Enabling,Climate | Land Use & Agriculture,Energy efficiency,kg N applied per tonne output (index),UK,UK Climate Change Act 2008 carbon budgets; Carbon Budget Delivery Plan 2023; Minimise climate change impacts on biodiversity,"CBGDP Section 14 Report (DESNZ, 29 October 2025, updated 23 June 2026) Nutrient Management and Advice & Guidance policy lines; CBGDP technical annex; CCC Progress in reducing emissions 2026 report to Parliament (no corresponding indicator)",Defra British Survey of Fertiliser Practice (BSFP),1,1 – Low,Agricultural nitrogen efficiency from BSFP; fertiliser application varies with growing conditions (weather-driven) but the indicator uses survey data without formal weather adjustment.,Agriculture & Land Use,"Role: Energy efficiency; Benchmark: The CBGDP sets NO quantified fertiliser or nitrogen-use-efficiency target. It addresses agricultural nitrous oxide through named advice-and-guidance policies with market-led uptake: agronomist-led nutrient management plans to avoid nitrogen applied in excess, precision farming using machine guidance and variable-rate nitrogen application technology, grass and herbal leys in arable rotations, clover at 20% or more of mixed grassland, and analysis of slurry nitrogen content before application. The technical annex carries no fertiliser or nitrogen quantification, and the CCC 2026 progress report has no corresponding indicator.; CCC key indicator: No",GBF-T8,[LEG-001]; [LEG-003]; [POL-004]; [INT-L-007]; [INT-L-001]; [INT-L-003]; [LEG-002],https://www.theccc.org.uk/publication/progress-in-reducing-emissions-2025-report-to-parliament/
IND-C-039,Uptake of sustainable farming practices (SFI / agri-environment scheme area),CCC Mitigation Monitoring Framework,Enabling,Climate | Land Use & Agriculture,Deployment / uptake,hectares under scheme,UK,UK Climate Change Act 2008 carbon budgets; Carbon Budget Delivery Plan 2023; Minimise climate change impacts on biodiversity,"CCC Progress in reducing emissions 2026 report to Parliament (24 June 2026) §3.2.4, §4.3.4; Carbon Budget and Growth Delivery Plan 2025",Defra agri-environment statistics,0,0 – None,SFI/agri-environment scheme area from administrative records; no climate data.,Agriculture & Land Use,Role: Deployment / uptake; Benchmark: No quantified uptake target. England’s Sustainable Farming Incentive is to reopen in June 2026 and a 25-year Farming Roadmap is expected during 2026; all four UK nations now have successor agri-environment schemes in place following the Common Agricultural Policy. The CCC notes these present the opportunity to incentivise emissions-reducing practices but that long-term funding and policy certainty are required.; CCC key indicator: No,GBF-T8,[LEG-001]; [LEG-003]; [POL-004]; [INT-L-007]; [INT-L-001]; [INT-L-003]; [LEG-002],https://www.theccc.org.uk/publication/progress-in-reducing-emissions-2025-report-to-parliament/
IND-C-040,Aviation passenger demand,CCC Mitigation Monitoring Framework,Pressure,Climate | Transport,Demand / activity,billion passenger-km/year / million passengers,UK,UK Climate Change Act 2008 carbon budgets; Carbon Budget Delivery Plan 2023; Minimise climate change impacts on biodiversity,CCC Monitoring Framework 2025 – Aviation; Jet Zero Strategy 2022,Civil Aviation Authority (CAA) statistics,1,1 – Low,Aviation passenger demand from CAA statistics; extreme weather causes temporary flight disruptions but annual demand figures are not weather-adjusted.,Aviation,Role: Demand / activity; Benchmark: CCC Balanced Pathway: demand not to exceed ~2019 levels significantly; CCC key indicator: Yes,GBF-T8,[LEG-001]; [LEG-003]; [POL-004]; [INT-L-007]; [INT-L-001]; [INT-L-003]; [LEG-002],https://www.theccc.org.uk/publication/progress-in-reducing-emissions-2025-report-to-parliament/
IND-C-041,Sustainable aviation fuel (SAF) blend rate,CCC Mitigation Monitoring Framework,Enabling,Climate | Transport,Deployment / uptake,% of jet fuel by volume,UK,UK Climate Change Act 2008 carbon budgets; Carbon Budget Delivery Plan 2023; Minimise climate change impacts on biodiversity,CCC Progress in reducing emissions 2026 report to Parliament (24 June 2026) §3.2.6; SAF mandate; Jet Zero Strategy 2022; Carbon Budget and Growth Delivery Plan 2025,DESNZ / CAA fuel statistics,0,0 – None,SAF blend rate from DESNZ/CAA fuel statistics; no climate data.,Aviation,"Role: Deployment / uptake; Benchmark: SAF mandate main obligation: 2% of jet fuel supply in 2025, rising to 10% by 2030 and 22% by 2040, with a HEFA cap from 2027 limiting first-generation SAF to 71% of supply in 2030 and 35% in 2040, and a separate power-to-liquid obligation from 2028 starting at 0.2% and reaching 3.5% by 2040. 2.5% achieved in 2025, above the mandate; 3.6% required in 2026.; CCC key indicator: Yes",GBF-T8,[LEG-001]; [LEG-003]; [POL-004]; [INT-L-007]; [INT-L-001]; [INT-L-003]; [LEG-002],https://www.theccc.org.uk/publication/progress-in-reducing-emissions-2025-report-to-parliament/
IND-C-042,Aviation sector GHG emissions (UK share),CCC Mitigation Monitoring Framework,Pressure,Climate | Transport,Emissions target,MtCO₂e/year (domestic + UK share international),UK,UK Climate Change Act 2008 carbon budgets; Carbon Budget Delivery Plan 2023; Minimise climate change impacts on biodiversity,CCC Monitoring Framework 2025 – Aviation; Jet Zero Strategy 2022,DESNZ UK GHG Inventory; CAA,1,1 – Low,Aviation GHG emissions from inventory; contrail warming is temperature-dependent but the inventory uses fuel consumption × emission factors.,Aviation,Role: Emissions target; Benchmark: Net Zero by 2050; Jet Zero Strategy pathway; CCC key indicator: No,GBF-T8,[LEG-001]; [LEG-003]; [POL-004]; [INT-L-007]; [INT-L-001]; [INT-L-003]; [LEG-002],https://www.theccc.org.uk/publication/progress-in-reducing-emissions-2025-report-to-parliament/
IND-C-043,Zero-emission vessel deployments (domestic shipping),CCC Mitigation Monitoring Framework,Enabling,Climate | Transport | Marine & Fisheries,Deployment / uptake,number / % of domestic fleet,UK,UK Climate Change Act 2008 carbon budgets; Carbon Budget Delivery Plan 2023; Minimise climate change impacts on biodiversity,CCC Monitoring Framework 2025 – Shipping; Clean Maritime Plan 2019,Maritime & Coastguard Agency (MCA) / DfT,0,0 – None,Zero-emission vessel count from MCA/DfT fleet records; no climate data.,Shipping,Role: Deployment / uptake; Benchmark: CCC Balanced Pathway: phase-out of unabated fossil fuels in domestic shipping by 2040s; CCC key indicator: No,GBF-T8,[LEG-001]; [LEG-003]; [POL-004]; [INT-L-007]; [INT-L-001]; [INT-L-003]; [LEG-002],https://www.theccc.org.uk/publication/progress-in-reducing-emissions-2025-report-to-parliament/
IND-C-044,Shipping sector GHG emissions (domestic + UK share international),CCC Mitigation Monitoring Framework,Pressure,Climate | Transport | Marine & Fisheries,Emissions target,MtCO₂e/year,UK,UK Climate Change Act 2008 carbon budgets; Carbon Budget Delivery Plan 2023; Minimise climate change impacts on biodiversity,CCC Monitoring Framework 2025 – Shipping,DESNZ UK GHG Inventory; DfT maritime statistics,1,1 – Low,Shipping GHG emissions from inventory; severe weather affects voyage fuel consumption but inventory uses average activity data.,Shipping,Role: Emissions target; Benchmark: IMO 2023 strategy: Net Zero by 2050; CCC Balanced Pathway; CCC key indicator: No,GBF-T8,[LEG-001]; [LEG-003]; [POL-004]; [INT-L-007]; [INT-L-001]; [INT-L-003]; [LEG-002],https://www.theccc.org.uk/publication/progress-in-reducing-emissions-2025-report-to-parliament/
IND-C-045,Waste sector GHG emissions (landfill + other),CCC Mitigation Monitoring Framework,Pressure,Climate | Pollution & Waste,Emissions target,MtCO₂e/year,UK,UK Climate Change Act 2008 carbon budgets; Carbon Budget Delivery Plan 2023; Minimise climate change impacts on biodiversity,"CCC Progress in reducing emissions 2026 report to Parliament (24 June 2026) §3.2.5, §4.3.8; Carbon Budget and Growth Delivery Plan 2025",DESNZ UK GHG Inventory,1,1 – Low,"Waste sector GHG emissions dominated by landfill CH4; temperature affects anaerobic decomposition rates and hence CH4 generation, but IPCC inventory methodology does not formally temperature-adjust.",Waste & F-gases,"Role: Emissions target; Benchmark: CCC Balanced Pathway; CBGDP waste pathway (October 2025). Landfill emissions are falling largely through diversion to energy from waste rather than reduced arisings or better recycling, so the gains are partly offset by rising EfW emissions. Landfill gas capture subsidies under the Renewables Obligation end from 2027 with no announced replacement, which the CCC judges insufficient for the Sixth Carbon Budget period.; CCC key indicator: No",GBF-T8,[LEG-001]; [LEG-003]; [POL-004]; [INT-L-007]; [INT-L-001]; [INT-L-003]; [LEG-002],https://www.theccc.org.uk/publication/progress-in-reducing-emissions-2025-report-to-parliament/
IND-C-046,F-gas emissions (fluorinated greenhouse gases),CCC Mitigation Monitoring Framework,Pressure,Climate | Pollution & Waste,Emissions target,MtCO₂e/year,UK,UK Climate Change Act 2008 carbon budgets; Carbon Budget Delivery Plan 2023; Minimise climate change impacts on biodiversity,UK F-Gas Regulation; CCC Monitoring Framework 2025,DESNZ UK GHG Inventory,0,0 – None,F-gas emissions from industry reports and refrigerant sales data; no climate data.,Waste & F-gases,Role: Emissions target; Benchmark: Phase-down under UK F-gas Regulation; CCC Balanced Pathway; CCC key indicator: No,GBF-T8,[LEG-001]; [LEG-003]; [POL-004]; [INT-L-007]; [INT-L-001]; [INT-L-003]; [LEG-002],https://www.theccc.org.uk/publication/progress-in-reducing-emissions-2025-report-to-parliament/
IND-C-047,Municipal solid waste landfill diversion rate,CCC Mitigation Monitoring Framework,Enabling,Climate | Pollution & Waste,Deployment / uptake,% of MSW diverted from landfill,UK,UK Climate Change Act 2008 carbon budgets; Carbon Budget Delivery Plan 2023; Minimise climate change impacts on biodiversity,"CCC Progress in reducing emissions 2026 report to Parliament (24 June 2026) §3.2.5, §4.3.8; Carbon Budget and Growth Delivery Plan 2025",DESNZ / Defra waste statistics,0,0 – None,Waste landfill diversion rate from EA statistics; no climate data.,Waste & F-gases,"Role: Deployment / uptake; Benchmark: Near-zero biodegradable municipal waste to landfill by 2030 (Government ambition, retained). The CBGDP sets NO recycling-rate target; the UK household recycling rate has sat at 44-46% for over a decade against 57% by 2035 in the CCC Balanced Pathway. Extended Producer Responsibility and Simpler Recycling are now implemented; the Deposit Return Scheme is delayed to 2027.; CCC key indicator: No",GBF-T8,[LEG-001]; [LEG-003]; [POL-004]; [INT-L-007]; [INT-L-001]; [INT-L-003]; [LEG-002],https://www.theccc.org.uk/publication/progress-in-reducing-emissions-2025-report-to-parliament/
IND-C-048,Direct air carbon capture and storage (DACCS) capacity,CCC Mitigation Monitoring Framework,Benefit,Climate,Carbon removal,MtCO₂/year,UK,UK Climate Change Act 2008 carbon budgets; Carbon Budget Delivery Plan 2023; Minimise climate change impacts on biodiversity,CCC Monitoring Framework 2025 – Engineered removals; Seventh Carbon Budget,DESNZ / CCUS programme reports,0,0 – None,DACCS capacity from project pipeline data; no climate data (though DACCS efficiency varies marginally with temperature/humidity).,Engineered Removals,Role: Carbon removal; Benchmark: CCC Balanced Pathway: ~5 MtCO₂/year by 2035; scale-up to 2050; CCC key indicator: No,GBF-T8,[LEG-001]; [LEG-003]; [POL-004]; [INT-L-007]; [INT-L-001]; [INT-L-003]; [LEG-002],https://www.theccc.org.uk/publication/progress-in-reducing-emissions-2025-report-to-parliament/
IND-C-049,Bioenergy with carbon capture and storage (BECCS) capacity,CCC Mitigation Monitoring Framework,Benefit,Climate,Carbon removal,MtCO₂/year,UK,UK Climate Change Act 2008 carbon budgets; Carbon Budget Delivery Plan 2023; Minimise climate change impacts on biodiversity,Sixth & Seventh Carbon Budgets; Net Zero Strategy 2021,DESNZ / BECCS project pipeline data,0,0 – None,BECCS capacity from project pipeline; no climate data.,Engineered Removals,Role: Carbon removal; Benchmark: CCC Balanced Pathway: up to 50 MtCO₂/year by 2050 (with strict sustainability criteria); CCC key indicator: No,GBF-T8,[LEG-001]; [LEG-003]; [POL-004]; [INT-L-007]; [INT-L-001]; [INT-L-003]; [LEG-002],https://www.theccc.org.uk/publication/progress-in-reducing-emissions-2025-report-to-parliament/
IND-C-050,Greenhouse gas removal (GGR) portfolio (all engineered methods),CCC Mitigation Monitoring Framework,Benefit,Climate,Carbon removal,MtCO₂/year (total removals),UK,UK Climate Change Act 2008 carbon budgets; Carbon Budget Delivery Plan 2023; Minimise climate change impacts on biodiversity,CCC Monitoring Framework 2025 – Engineered removals; Seventh Carbon Budget,DESNZ; Carbon budget accounting,0,0 – None,Total GGR portfolio capacity from project data; no climate data.,Engineered Removals,Role: Carbon removal; Benchmark: CCC Balanced Pathway: growing contribution to offset residual emissions post-2040; CCC key indicator: No,GBF-T8,[LEG-001]; [LEG-003]; [POL-004]; [INT-L-007]; [INT-L-001]; [INT-L-003]; [LEG-002],https://www.theccc.org.uk/publication/progress-in-reducing-emissions-2025-report-to-parliament/
IND-C-051,Green finance and private investment in low-carbon sectors,CCC Mitigation Monitoring Framework,Enabling,Climate | Finance,Enabling / enabler,£ billion/year private low-carbon investment,UK,UK Climate Change Act 2008 carbon budgets; Carbon Budget Delivery Plan 2023; Minimise climate change impacts on biodiversity,CCC Monitoring Framework 2025 – Enabling conditions; Green Finance Strategy 2023,ONS / HM Treasury / DESNZ investment statistics,0,0 – None,Green finance flows from investment statistics; no climate data.,Enabling / Finance,Role: Enabling / enabler; Benchmark: £50–60 billion/year private investment needed by 2030 (CCC estimate); CCC key indicator: No,GBF-T8,[LEG-001]; [LEG-003]; [POL-004]; [INT-L-007]; [INT-L-001]; [INT-L-003]; [LEG-002],https://www.theccc.org.uk/publication/progress-in-reducing-emissions-2025-report-to-parliament/
IND-C-052,Clean energy jobs and green workforce size,CCC Mitigation Monitoring Framework,Enabling,Climate | Finance,Enabling / enabler,number of jobs (thousands),UK,UK Climate Change Act 2008 carbon budgets; Carbon Budget Delivery Plan 2023; Minimise climate change impacts on biodiversity,Net Zero Strategy 2021; Green Jobs Taskforce 2021,ONS / DESNZ green jobs estimates,0,0 – None,Green jobs from ONS/DESNZ estimates; no climate data.,Enabling / Finance,Role: Enabling / enabler; Benchmark: Green Jobs Taskforce: 2 million green jobs by 2030; CCC key indicator: No,GBF-T8,[LEG-001]; [LEG-003]; [POL-004]; [INT-L-007]; [INT-L-001]; [INT-L-003]; [LEG-002],https://www.theccc.org.uk/publication/progress-in-reducing-emissions-2025-report-to-parliament/
IND-C-053,Public awareness and support for net zero policies,CCC Mitigation Monitoring Framework,Enabling,Climate | Finance,Enabling / enabler,% of public supportive (survey),UK,UK Climate Change Act 2008 carbon budgets; Carbon Budget Delivery Plan 2023; Minimise climate change impacts on biodiversity,CCC Monitoring Framework 2025 – Enabling conditions,DESNZ Public Attitudes Tracker; BEIS survey,0,0 – None,Public support for net zero from survey data; no climate data.,Enabling / Finance,Role: Enabling / enabler; Benchmark: No statutory target; monitored as enabler; CCC key indicator: No,GBF-T8,[LEG-001]; [LEG-003]; [POL-004]; [INT-L-007]; [INT-L-001]; [INT-L-003]; [LEG-002],https://www.theccc.org.uk/publication/progress-in-reducing-emissions-2025-report-to-parliament/
IND-C-054,Carbon price (UK ETS auction clearing price),CCC Mitigation Monitoring Framework,Enabling,Climate,Enabling / enabler,£/tonne CO₂e,UK,UK Climate Change Act 2008 carbon budgets; Carbon Budget Delivery Plan 2023; Minimise climate change impacts on biodiversity,UK ETS Authority; Energy Act 2023; CCC monitoring,ICE / DESNZ UK ETS auction results,1,1 – Low,"UK ETS carbon price from auction/market data; cold winters increase gas demand and indirectly push up carbon price, but the indicator records market prices, not weather-adjusted.",Cross-Economy / Overarching,Role: Enabling / enabler; Benchmark: No fixed statutory carbon price target; UK ETS cap declines in line with carbon budgets; CCC key indicator: No,GBF-T8,[LEG-001]; [LEG-003]; [POL-004]; [INT-L-007]; [INT-L-001]; [INT-L-003]; [LEG-002],https://www.theccc.org.uk/publication/progress-in-reducing-emissions-2025-report-to-parliament/
IND-C-055,Energy productivity (GDP per unit of energy consumed),CCC Mitigation Monitoring Framework,Enabling,Climate,Energy efficiency,£ GDP per MWh,UK,UK Climate Change Act 2008 carbon budgets; Carbon Budget Delivery Plan 2023; Minimise climate change impacts on biodiversity,"CBGDP Section 14 Report (DESNZ, 29 October 2025, updated 23 June 2026); CBGDP technical annex para 120; CCC Progress in reducing emissions 2026 report to Parliament (no corresponding indicator)",DESNZ Energy Consumption in the UK (ECUK); ONS,1,1 – Low,Energy productivity (GDP/energy) from ECUK and ONS; energy demand is weather-affected (heating/cooling) but ECUK does not formally weather-adjust the headline productivity ratio.,Cross-Economy / Overarching,"Role: Energy efficiency; Benchmark: No current government target identified. The National Energy Efficiency Target of a 15% reduction in final energy demand by 2030 against 2021, cited in the previous benchmark, appears in neither the CBGDP Section 14 Report nor its technical annex, and the CCC 2026 progress report carries no energy-productivity indicator. The CBGDP addresses energy demand through sectoral policy lines - industrial energy efficiency (policy 108) and domestic energy efficiency - rather than an economy-wide demand or productivity target.; CCC key indicator: No",GBF-T8,[LEG-001]; [LEG-003]; [POL-004]; [INT-L-007]; [INT-L-001]; [INT-L-003]; [LEG-002],https://www.theccc.org.uk/publication/progress-in-reducing-emissions-2025-report-to-parliament/
IND-C-056,Energy from offshore wind and solar as % of electricity mix,CCC Mitigation Monitoring Framework,Enabling,Climate | Energy,Deployment / uptake,% of electricity generation,GB,UK Climate Change Act 2008 carbon budgets; Carbon Budget Delivery Plan 2023; Minimise climate change impacts on biodiversity,Clean Power 2030 Action Plan; CCC Monitoring Framework,DESNZ Energy Trends / National Grid ESO,2,2 – Medium,"Offshore wind and solar share of generation is moved strongly by wind speed and irradiance but is metered output, not calculated from weather data (Legend 2, rule D).",Electricity Supply,Role: Deployment / uptake; Benchmark: Majority of electricity from offshore wind and solar by 2030 (Clean Power 2030); CCC key indicator: No,GBF-T8,[LEG-001]; [LEG-003]; [POL-004]; [INT-L-007]; [INT-L-001]; [INT-L-003]; [LEG-002],https://www.theccc.org.uk/publication/progress-in-reducing-emissions-2025-report-to-parliament/
IND-C-057,UK carbon budget (cumulative emissions against legislated budget),CCC Mitigation Monitoring Framework,Pressure,Climate,Overarching target,MtCO₂e (5-year cumulative),UK,UK Climate Change Act 2008 carbon budgets; Carbon Budget Delivery Plan 2023; Minimise climate change impacts on biodiversity,"Climate Change Act 2008, s.4–10; Carbon Budget Orders; Seventh Carbon Budget (CCC advice, 2025)",DESNZ UK GHG Inventory; CCC carbon budget accounting,1,1 – Low,Carbon budget cumulative sum from GHG inventory; as for row 2 — minor temperature effects on individual inventory categories.,Cross-Economy / Overarching,"Role: Overarching target; Benchmark: CB4 (2023–27): 1,950 MtCO₂e; CB5 (2028–32): 1,725 MtCO₂e; CB6 (2033–37): 965 MtCO₂e; CB7 (2038–42): ~535 MtCO₂e (advised); CCC key indicator: No",GBF-T8,[LEG-001]; [LEG-003]; [POL-004]; [INT-L-007]; [INT-L-001]; [INT-L-003]; [LEG-002],https://www.theccc.org.uk/publication/progress-in-reducing-emissions-2025-report-to-parliament/
IND-C-058,Annual emissions reduction rate (year-on-year % change),CCC Mitigation Monitoring Framework,Pressure,Climate,Overarching target,% change in MtCO₂e vs prior year,UK,UK Climate Change Act 2008 carbon budgets; Carbon Budget Delivery Plan 2023; Minimise climate change impacts on biodiversity,CCC Monitoring Framework 2025; Seventh Carbon Budget,DESNZ UK GHG Inventory,1,1 – Low,Year-on-year emissions change from GHG inventory; as above.,Cross-Economy / Overarching,Role: Overarching target; Benchmark: Roughly −4% to −6%/year required through 2030s to stay on budget trajectory; CCC key indicator: No,GBF-T8,[LEG-001]; [LEG-003]; [POL-004]; [INT-L-007]; [INT-L-001]; [INT-L-003]; [LEG-002],https://www.theccc.org.uk/publication/progress-in-reducing-emissions-2025-report-to-parliament/
IND-C-059,Proportion of emissions covered by carbon pricing,CCC Mitigation Monitoring Framework,Pressure,Climate,Overarching target,% of total UK GHG emissions covered by UK ETS or CCL,UK,UK Climate Change Act 2008 carbon budgets; Carbon Budget Delivery Plan 2023; Minimise climate change impacts on biodiversity,UK ETS Authority; Energy Act 2023; CCC monitoring,DESNZ / UK ETS Authority,0,0 – None,"UK ETS emissions coverage from ETS authority records; administrative coverage percentage, no climate data.",Cross-Economy / Overarching,Role: Overarching target; Benchmark: UK ETS covers ~30% of UK emissions; expansion under review; CCC key indicator: No,GBF-T8,[LEG-001]; [LEG-003]; [POL-004]; [INT-L-007]; [INT-L-001]; [INT-L-003]; [LEG-002],https://www.theccc.org.uk/publication/progress-in-reducing-emissions-2025-report-to-parliament/
IND-C-073,Methane emissions from agriculture,CCC Mitigation Monitoring Framework,Pressure,Climate | Land Use & Agriculture,Emissions target,MtCO₂e/year,UK,UK Climate Change Act 2008 carbon budgets; Carbon Budget Delivery Plan 2023; Minimise climate change impacts on biodiversity,CCC Monitoring Framework 2025 – Agriculture & Land Use sector,NAEI (DESNZ),2,2 – Medium,"Enteric fermentation and manure management CH₄ are directly influenced by livestock numbers and housing conditions; temperature and precipitation affect seasonal grazing patterns and anaerobic conditions in manure storage, moderately influencing annual emissions.",Agriculture & Land Use,Role: Emissions target; Benchmark: CB4–CB7 pathway; UK Ag Methane Action Plan; CCC key indicator: Yes,GBF-T8; GBF-T10,[LEG-001]; [LEG-003]; [POL-004]; [INT-L-007]; [INT-L-001]; [INT-L-003]; [LEG-002],https://www.theccc.org.uk/publication/progress-in-reducing-emissions-2025-report-to-parliament/
IND-C-074,Nitrous oxide emissions from agriculture,CCC Mitigation Monitoring Framework,Pressure,Climate | Land Use & Agriculture,Emissions target,MtCO₂e/year,UK,UK Climate Change Act 2008 carbon budgets; Carbon Budget Delivery Plan 2023; Minimise climate change impacts on biodiversity,CCC Monitoring Framework 2025 – Agriculture & Land Use sector,NAEI (DESNZ),2,2 – Medium,"N₂O from soils is highly sensitive to soil moisture and temperature via nitrification/denitrification; wetter and warmer conditions increase emissions. However, the dominant driver is fertiliser application rate, placing this at medium climate dependence.",Agriculture & Land Use,Role: Emissions target; Benchmark: CB4–CB7 pathway; Fertiliser Regulation review; CCC key indicator: Yes,GBF-T8; GBF-T10,[LEG-001]; [LEG-003]; [POL-004]; [INT-L-007]; [INT-L-001]; [INT-L-003]; [LEG-002],https://www.theccc.org.uk/publication/progress-in-reducing-emissions-2025-report-to-parliament/
IND-C-075,GHG emissions from agricultural machinery and buildings,CCC Mitigation Monitoring Framework,Pressure,Climate | Land Use & Agriculture,Emissions target,MtCO₂e/year,UK,UK Climate Change Act 2008 carbon budgets; Carbon Budget Delivery Plan 2023; Minimise climate change impacts on biodiversity,CCC Monitoring Framework 2025 – Agriculture & Land Use sector,NAEI (DESNZ),1,1 – Low,Combustion emissions from farm machinery and on-farm buildings are primarily driven by fuel use and livestock housing; climate is a minor secondary factor via heating demand variability.,Agriculture & Land Use,Role: Emissions target; Benchmark: CB4–CB7 pathway; CCC key indicator: No,GBF-T8; GBF-T10,[LEG-001]; [LEG-003]; [POL-004]; [INT-L-007]; [INT-L-001]; [INT-L-003]; [LEG-002],https://www.theccc.org.uk/publication/progress-in-reducing-emissions-2025-report-to-parliament/
IND-C-076,Peatland emissions (UK),CCC Mitigation Monitoring Framework,Pressure,Climate | Land Use & Agriculture,Emissions target,MtCO₂e/year,UK,UK Climate Change Act 2008 carbon budgets; Carbon Budget Delivery Plan 2023; Minimise climate change impacts on biodiversity,CCC Monitoring Framework 2025 – Agriculture & Land Use sector,NAEI / UKCEH peatland carbon balance,2,2 – Medium,"Peatland emissions in the inventory are estimated from condition-class emission factors and modelled fluxes; water table and temperature act through the underlying models rather than as an explicit annual input (Legend 2, rule C).",Agriculture & Land Use,Role: Emissions target; Benchmark: CB4–CB7 pathway; England Peat Action Plan; CCC key indicator: Yes,GBF-T8; GBF-T10; GBF-T2,[LEG-001]; [LEG-003]; [POL-004]; [INT-L-007]; [INT-L-001]; [INT-L-003]; [LEG-002],https://www.theccc.org.uk/publication/progress-in-reducing-emissions-2025-report-to-parliament/
IND-C-077,Woodland carbon sequestration (UK),CCC Mitigation Monitoring Framework,Pressure,Climate | Land Use & Agriculture,Carbon removal,MtCO₂e/year,UK,UK Climate Change Act 2008 carbon budgets; Carbon Budget Delivery Plan 2023; Minimise climate change impacts on biodiversity,CCC Monitoring Framework 2025 – Agriculture & Land Use sector,Forestry Commission National Forest Inventory / NAEI,2,2 – Medium,"Woodland sequestration is modelled (CARBINE) from inventory and growth data; weather affects growth indirectly within the model (Legend 2, rules C and G; aligned with [IND-J-044]).",Agriculture & Land Use,Role: Carbon removal; Benchmark: CB4–CB7 pathway; England Trees Action Plan 2021–2024; CCC key indicator: Yes,GBF-T8; GBF-T10; GBF-T2,[LEG-001]; [LEG-003]; [POL-004]; [INT-L-007]; [INT-L-001]; [INT-L-003]; [LEG-002],https://www.theccc.org.uk/publication/progress-in-reducing-emissions-2025-report-to-parliament/
IND-C-078,New hedgerow planting (England),CCC Mitigation Monitoring Framework,Enabling,Climate | Land Use & Agriculture,Enabling / enabler,km/year,England,UK Climate Change Act 2008 carbon budgets; Carbon Budget Delivery Plan 2023; Minimise climate change impacts on biodiversity,CCC Monitoring Framework 2025 – Agriculture & Land Use sector,Defra / EA hedgerow surveys,0,0 – None,"Length of hedgerow planted, from scheme records. no climate or weather data enter the calculation and weather does not move the value. Climate relevance of the subject is carried by Policy_Sector, not by this score (rule A).",Agriculture & Land Use,Role: Enabling / enabler; Benchmark: Hedgerow target: 10% increase by 2037 (ELMS/SFI); CCC key indicator: No,GBF-T8; GBF-T10; GBF-T2,[LEG-001]; [LEG-003]; [POL-004]; [INT-L-007]; [INT-L-001]; [INT-L-003]; [LEG-002],https://www.theccc.org.uk/publication/progress-in-reducing-emissions-2025-report-to-parliament/
IND-C-079,Woodland under sustainable management (England),CCC Mitigation Monitoring Framework,Enabling,Climate | Land Use & Agriculture,Enabling / enabler,% of woodland area,England,UK Climate Change Act 2008 carbon budgets; Carbon Budget Delivery Plan 2023; Minimise climate change impacts on biodiversity,CCC Monitoring Framework 2025 – Agriculture & Land Use sector,Forestry Commission,0,0 – None,"Area of woodland under a management plan, from administrative records. no climate or weather data enter the calculation and weather does not move the value. Climate relevance of the subject is carried by Policy_Sector, not by this score (rule A).",Agriculture & Land Use,Role: Enabling / enabler; Benchmark: England Trees Action Plan: increase woodland under active management; CCC key indicator: No,GBF-T8; GBF-T10; GBF-T2,[LEG-001]; [LEG-003]; [POL-004]; [INT-L-007]; [INT-L-001]; [INT-L-003]; [LEG-002],https://www.theccc.org.uk/publication/progress-in-reducing-emissions-2025-report-to-parliament/
IND-C-080,Land area used for crops (UK),CCC Mitigation Monitoring Framework,Enabling,Climate | Land Use & Agriculture,Demand / activity,M ha,UK,UK Climate Change Act 2008 carbon budgets; Carbon Budget Delivery Plan 2023; Minimise climate change impacts on biodiversity,CCC Monitoring Framework 2025 – Agriculture & Land Use sector,Defra June Survey of Agriculture,1,1 – Low,"Cropped area from the June survey; driven by economics and policy, with weather a background factor (e.g. wet autumns reduce winter-crop area) but not an input (Legend 1, rule B).",Agriculture & Land Use,Role: Demand / activity; Benchmark: No statutory target; monitored for food security and land use balance; CCC key indicator: No,GBF-T8; GBF-T10; GBF-T16,[LEG-001]; [LEG-003]; [POL-004]; [INT-L-007]; [INT-L-001]; [INT-L-003]; [LEG-002],https://www.theccc.org.uk/publication/progress-in-reducing-emissions-2025-report-to-parliament/
IND-C-081,Land area used for livestock (UK),CCC Mitigation Monitoring Framework,Enabling,Climate | Land Use & Agriculture,Demand / activity,M ha,UK,UK Climate Change Act 2008 carbon budgets; Carbon Budget Delivery Plan 2023; Minimise climate change impacts on biodiversity,CCC Monitoring Framework 2025 – Agriculture & Land Use sector,Defra June Survey of Agriculture,1,1 – Low,"Grassland area for livestock from the June survey; economics and policy drive it, weather is a background factor (Legend 1, rule B).",Agriculture & Land Use,Role: Demand / activity; Benchmark: No statutory target; CCC key indicator: No,GBF-T8; GBF-T10; GBF-T16,[LEG-001]; [LEG-003]; [POL-004]; [INT-L-007]; [INT-L-001]; [INT-L-003]; [LEG-002],https://www.theccc.org.uk/publication/progress-in-reducing-emissions-2025-report-to-parliament/
IND-C-082,Land area used for energy crops (England),CCC Mitigation Monitoring Framework,Enabling,Climate | Land Use & Agriculture,Deployment / uptake,kha,England,UK Climate Change Act 2008 carbon budgets; Carbon Budget Delivery Plan 2023; Minimise climate change impacts on biodiversity,CCC Monitoring Framework 2025 – Agriculture & Land Use sector,Defra / NNFCC,1,1 – Low,"Area of energy crops from survey data; weather affects yields, not the area measured (Legend 1, rule B).",Agriculture & Land Use,Role: Deployment / uptake; Benchmark: No statutory target; CCC pathway requires significant BECCS feedstock area; CCC key indicator: No,GBF-T8; GBF-T10,[LEG-001]; [LEG-003]; [POL-004]; [INT-L-007]; [INT-L-001]; [INT-L-003]; [LEG-002],https://www.theccc.org.uk/publication/progress-in-reducing-emissions-2025-report-to-parliament/
IND-C-083,Fertiliser use (nitrogen) (GB),CCC Mitigation Monitoring Framework,Pressure,Climate | Land Use & Agriculture,Demand / activity,kt N/year,GB,UK Climate Change Act 2008 carbon budgets; Carbon Budget Delivery Plan 2023; Minimise climate change impacts on biodiversity,CCC Monitoring Framework 2025 – Agriculture & Land Use sector,AHDB / Defra Fertiliser Usage Survey,0,0 – None,"Nitrogen fertiliser use from the British Survey of Fertiliser Practice; no climate or weather data enter the calculation and weather does not move the value. Climate relevance of the subject is carried by Policy_Sector, not by this score (rule A). Aligned with other agricultural-input records ([IND-E-035], [IPBES-D-018]).",Agriculture & Land Use,Role: Demand / activity; Benchmark: No statutory cap; reductions targeted via SFI and nutrient management plans; CCC key indicator: No,GBF-T8; GBF-T10,[LEG-001]; [LEG-003]; [POL-004]; [INT-L-007]; [INT-L-001]; [INT-L-003]; [LEG-002],https://www.theccc.org.uk/publication/progress-in-reducing-emissions-2025-report-to-parliament/
IND-C-084,Beef emissions intensity (UK),CCC Mitigation Monitoring Framework,Pressure,Climate | Land Use & Agriculture,Emissions / deployment metric,ktCO₂e per kt meat,UK,UK Climate Change Act 2008 carbon budgets; Carbon Budget Delivery Plan 2023; Minimise climate change impacts on biodiversity,CCC Monitoring Framework 2025 – Agriculture & Land Use sector,NAEI / AHDB,1,1 – Low,"Beef emissions intensity from inventory emissions over output; weather affects grass growth only in the background (Legend 1, rule C).",Agriculture & Land Use,Role: Emissions / deployment metric; Benchmark: No statutory target; aligned to voluntary industry net zero commitments; CCC key indicator: No,GBF-T8; GBF-T10,[LEG-001]; [LEG-003]; [POL-004]; [INT-L-007]; [INT-L-001]; [INT-L-003]; [LEG-002],https://www.theccc.org.uk/publication/progress-in-reducing-emissions-2025-report-to-parliament/
IND-C-085,Milk emissions intensity (UK),CCC Mitigation Monitoring Framework,Pressure,Climate | Land Use & Agriculture,Emissions / deployment metric,MtCO₂e per M litres,UK,UK Climate Change Act 2008 carbon budgets; Carbon Budget Delivery Plan 2023; Minimise climate change impacts on biodiversity,CCC Monitoring Framework 2025 – Agriculture & Land Use sector,NAEI / AHDB,1,1 – Low,"Milk emissions intensity from inventory emissions over output; weather is a background factor (Legend 1, rule C).",Agriculture & Land Use,Role: Emissions / deployment metric; Benchmark: No statutory target; industry roadmap targets; CCC key indicator: No,GBF-T8; GBF-T10,[LEG-001]; [LEG-003]; [POL-004]; [INT-L-007]; [INT-L-001]; [INT-L-003]; [LEG-002],https://www.theccc.org.uk/publication/progress-in-reducing-emissions-2025-report-to-parliament/
IND-C-086,Farmers undertaking measures to reduce on-farm GHG emissions (England),CCC Mitigation Monitoring Framework,Enabling,Climate | Land Use & Agriculture,Enabling / enabler,% of farmers,England,UK Climate Change Act 2008 carbon budgets; Carbon Budget Delivery Plan 2023; Minimise climate change impacts on biodiversity,CCC Monitoring Framework 2025 – Agriculture & Land Use sector,Defra Farm Practices Survey,0,0 – None,"Share of farmers undertaking GHG-reduction measures, from survey. no climate or weather data enter the calculation and weather does not move the value. Climate relevance of the subject is carried by Policy_Sector, not by this score (rule A).",Agriculture & Land Use,Role: Enabling / enabler; Benchmark: SFI targets; Farm Net Zero programme; CCC key indicator: No,GBF-T8; GBF-T10,[LEG-001]; [LEG-003]; [POL-004]; [INT-L-007]; [INT-L-001]; [INT-L-003]; [LEG-002],https://www.theccc.org.uk/publication/progress-in-reducing-emissions-2025-report-to-parliament/
IND-C-087,Holdings with a nutrient management plan (England),CCC Mitigation Monitoring Framework,Enabling,Climate | Land Use & Agriculture,Enabling / enabler,% of holdings,England,UK Climate Change Act 2008 carbon budgets; Carbon Budget Delivery Plan 2023; Minimise climate change impacts on biodiversity,CCC Monitoring Framework 2025 – Agriculture & Land Use sector,Defra Farm Practices Survey,0,0 – None,"Holdings with a nutrient management plan, from survey. no climate or weather data enter the calculation and weather does not move the value. Climate relevance of the subject is carried by Policy_Sector, not by this score (rule A).",Agriculture & Land Use,Role: Enabling / enabler; Benchmark: SFI / Farming Rules for Water; CCC key indicator: No,GBF-T8; GBF-T10,[LEG-001]; [LEG-003]; [POL-004]; [INT-L-007]; [INT-L-001]; [INT-L-003]; [LEG-002],https://www.theccc.org.uk/publication/progress-in-reducing-emissions-2025-report-to-parliament/
IND-C-088,On-farm uptake of anaerobic digestion (UK),CCC Mitigation Monitoring Framework,Enabling,Climate | Land Use & Agriculture,Deployment / uptake,AD plants,UK,UK Climate Change Act 2008 carbon budgets; Carbon Budget Delivery Plan 2023; Minimise climate change impacts on biodiversity,CCC Monitoring Framework 2025 – Agriculture & Land Use sector,NNFCC / ADBA,0,0 – None,"Count of on-farm anaerobic digestion installations. no climate or weather data enter the calculation and weather does not move the value. Climate relevance of the subject is carried by Policy_Sector, not by this score (rule A).",Agriculture & Land Use,Role: Deployment / uptake; Benchmark: No statutory target; CCC key indicator: No,GBF-T8; GBF-T10,[LEG-001]; [LEG-003]; [POL-004]; [INT-L-007]; [INT-L-001]; [INT-L-003]; [LEG-002],https://www.theccc.org.uk/publication/progress-in-reducing-emissions-2025-report-to-parliament/
IND-C-089,UK crop import ratio: cereals,CCC Mitigation Monitoring Framework,Enabling,Climate | Land Use & Agriculture,Demand / activity,imports/production ratio,UK,UK Climate Change Act 2008 carbon budgets; Carbon Budget Delivery Plan 2023; Minimise climate change impacts on biodiversity,CCC Monitoring Framework 2025 – Agriculture & Land Use sector,Defra UK Food Security Report / HMRC trade statistics,2,2 – Medium,Import ratio reflects domestic harvest variability (weather-sensitive) and trade patterns; climate moderately influences cereal yields and hence import requirements.,Agriculture & Land Use,Role: Demand / activity; Benchmark: UK Food Security Report 2021: maintain self-sufficiency levels; CCC key indicator: No,GBF-T8; GBF-T16; GBF-T10,[LEG-001]; [LEG-003]; [POL-004]; [INT-L-007]; [INT-L-001]; [INT-L-003]; [LEG-002],https://www.theccc.org.uk/publication/progress-in-reducing-emissions-2025-report-to-parliament/
IND-C-090,Total food waste (UK),CCC Mitigation Monitoring Framework,Pressure,Climate | Land Use & Agriculture,Demand / activity,kt/year,UK,UK Climate Change Act 2008 carbon budgets; Carbon Budget Delivery Plan 2023; Minimise climate change impacts on biodiversity,CCC Monitoring Framework 2025 – Agriculture & Land Use sector,WRAP Food Waste Report,0,0 – None,"Food waste tonnage from WRAP estimates; no climate or weather data enter the calculation and weather does not move the value. Climate relevance of the subject is carried by Policy_Sector, not by this score (rule A). Aligned with [GBF-081].",Agriculture & Land Use,Role: Demand / activity; Benchmark: Government commitment to halve food waste by 2030 (SDG 12.3); CCC key indicator: No,GBF-T8; GBF-T16; GBF-T10,[LEG-001]; [LEG-003]; [POL-004]; [INT-L-007]; [INT-L-001]; [INT-L-003]; [LEG-002],https://www.theccc.org.uk/publication/progress-in-reducing-emissions-2025-report-to-parliament/
IND-C-091,Private finance schemes: peatland code (UK),CCC Mitigation Monitoring Framework,Enabling,Climate | Land Use & Agriculture,Enabling / enabler,kha,UK,UK Climate Change Act 2008 carbon budgets; Carbon Budget Delivery Plan 2023; Minimise climate change impacts on biodiversity,CCC Monitoring Framework 2025 – Agriculture & Land Use sector,IUCN UK Peatland Programme / Peatland Code,0,0 – None,"Validated units and projects registered under the Peatland Code. no climate or weather data enter the calculation and weather does not move the value. Climate relevance of the subject is carried by Policy_Sector, not by this score (rule A).",Agriculture & Land Use,Role: Enabling / enabler; Benchmark: England Peat Action Plan; Scotland Peatland Action Programme; CCC key indicator: No,GBF-T8; GBF-T10; GBF-T2,[LEG-001]; [LEG-003]; [POL-004]; [INT-L-007]; [INT-L-001]; [INT-L-003]; [LEG-002],https://www.theccc.org.uk/publication/progress-in-reducing-emissions-2025-report-to-parliament/
IND-C-092,Private finance schemes: woodland code (UK),CCC Mitigation Monitoring Framework,Enabling,Climate | Land Use & Agriculture,Enabling / enabler,kha,UK,UK Climate Change Act 2008 carbon budgets; Carbon Budget Delivery Plan 2023; Minimise climate change impacts on biodiversity,CCC Monitoring Framework 2025 – Agriculture & Land Use sector,Forestry Commission / Woodland Carbon Code,0,0 – None,"Validated units and projects registered under the Woodland Carbon Code; sequestration is projected from standard growth tables, not weather. no climate or weather data enter the calculation and weather does not move the value. Climate relevance of the subject is carried by Policy_Sector, not by this score (rule A).",Agriculture & Land Use,Role: Enabling / enabler; Benchmark: England Trees Action Plan; UK Nature Finance commitments; CCC key indicator: No,GBF-T8; GBF-T10; GBF-T2,[LEG-001]; [LEG-003]; [POL-004]; [INT-L-007]; [INT-L-001]; [INT-L-003]; [LEG-002],https://www.theccc.org.uk/publication/progress-in-reducing-emissions-2025-report-to-parliament/
IND-C-100,Extent of protected and conserved areas (terrestrial and freshwater) (UK),CCC Adaptation Monitoring Framework 2023–2025,State – Habitats,Climate | Nature & Biodiversity,Adaptation outcome indicator,% / M ha,UK,UK Climate Change Act 2008 (s.58 National Adaptation Programmes); Third National Adaptation Programme (NAP3) 2023; Minimise climate change impacts on biodiversity,CCC Progress in Adapting to Climate Change 2023 Report to Parliament,JNCC / Natural England SSSI / Protected Planet,0,0 – None,"Protected-area extent is a GIS measure of designated boundaries. Its role in resilience is policy relevance, not data dependency. no climate or weather data enter the calculation and weather does not move the value. Climate relevance of the subject is carried by Policy_Sector, not by this score (rule A). Aligned with [IND-J-003], [BIP-042], [GBF-013].",Nature (Adaptation),Role: Adaptation outcome indicator; Benchmark: GBF Target 3: 30×30; Environment Act biodiversity net gain targets; CCC key indicator: No,GBF-T2; GBF-T3; GBF-T8; GBF-T10; GBF-T11,[LEG-001]; [LEG-003]; [POL-004]; [INT-L-007]; [INT-L-001]; [INT-L-003]; [LEG-002]; [POL-002],https://www.theccc.org.uk/publication/progress-in-adapting-to-climate-change-2025/
IND-C-101,Condition of SSSIs and other protected habitats (England),CCC Adaptation Monitoring Framework 2023–2025,State – Habitats,Climate | Nature & Biodiversity,Adaptation outcome indicator,% in favourable condition,England,UK Climate Change Act 2008 (s.58 National Adaptation Programmes); Third National Adaptation Programme (NAP3) 2023; Minimise climate change impacts on biodiversity,CCC Progress in Adapting to Climate Change 2023 Report to Parliament,Natural England SSSI condition monitoring,1,1 – Low,"SSSI and protected-habitat condition from field assessment; climate stress is a background driver but no climate data enter (Legend 1, rules B and G; aligned with [IND-J-005]).",Nature (Adaptation),Role: Adaptation outcome indicator; Benchmark: Environment Act s.1 target: 75% SSSI in favourable condition by 2042; CCC key indicator: No,GBF-T2; GBF-T3; GBF-T8; GBF-T10; GBF-T11,[LEG-001]; [LEG-003]; [POL-004]; [INT-L-007]; [INT-L-001]; [INT-L-003]; [LEG-002]; [POL-002],https://www.theccc.org.uk/publication/progress-in-adapting-to-climate-change-2025/
IND-C-102,Species abundance index (terrestrial and freshwater) (UK),CCC Adaptation Monitoring Framework 2023–2025,State – Species,Climate | Nature & Biodiversity,Adaptation outcome indicator,Index (base year = 1970 or 2000),UK,UK Climate Change Act 2008 (s.58 National Adaptation Programmes); Third National Adaptation Programme (NAP3) 2023; Minimise climate change impacts on biodiversity,CCC Progress in Adapting to Climate Change 2023 Report to Parliament,JNCC/Defra UK Biodiversity Indicators,2,2 – Medium,"Multi-taxon species abundance index built from monitoring schemes whose counts are weather-confounded (Legend 2, rules D and G; aligned with [IND-S-001], [IND-J-024]).",Nature (Adaptation),Role: Adaptation outcome indicator; Benchmark: Environment Act biodiversity targets; GBF Target 4; CCC key indicator: No,GBF-T2; GBF-T3; GBF-T8; GBF-T10; GBF-T11,[LEG-001]; [LEG-003]; [POL-004]; [INT-L-007]; [INT-L-001]; [INT-L-003]; [LEG-002]; [POL-002],https://www.theccc.org.uk/publication/progress-in-adapting-to-climate-change-2025/
IND-C-103,Marine and coastal habitat extent and condition (UK),CCC Adaptation Monitoring Framework 2023–2025,State – Habitats,Climate | Nature & Biodiversity,Adaptation outcome indicator,ha / condition score,UK,UK Climate Change Act 2008 (s.58 National Adaptation Programmes); Third National Adaptation Programme (NAP3) 2023; Minimise climate change impacts on biodiversity,CCC Progress in Adapting to Climate Change 2023 Report to Parliament,JNCC / MMO Marine Protected Areas monitoring,1,1 – Low,"Extent and condition of marine and coastal habitats from mapping and survey; warming and acidification are drivers, but no climate data enter (Legend 1, rule B).",Nature (Adaptation),Role: Adaptation outcome indicator; Benchmark: GBF Target 3 (30×30 ocean); OSPAR MPAs; Highly Protected Marine Areas; CCC key indicator: No,GBF-T2; GBF-T3; GBF-T8; GBF-T10; GBF-T11,[LEG-001]; [LEG-003]; [POL-004]; [INT-L-007]; [INT-L-001]; [INT-L-003]; [LEG-002]; [POL-002],https://www.theccc.org.uk/publication/progress-in-adapting-to-climate-change-2025/
IND-C-104,Extent of ecological connectivity (habitat networks and corridors) (UK),CCC Adaptation Monitoring Framework 2023–2025,State – Habitats,Climate | Nature & Biodiversity,Adaptation outcome indicator,Connectivity index / ha,UK,UK Climate Change Act 2008 (s.58 National Adaptation Programmes); Third National Adaptation Programme (NAP3) 2023; Minimise climate change impacts on biodiversity,CCC Progress in Adapting to Climate Change 2023 Report to Parliament,JNCC / Natural England landscape connectivity mapping,1,1 – Low,"Habitat-network connectivity derived from land-cover and habitat maps; enabling range shifts is the policy purpose, not a data input (Legend 1, rules B and H).",Nature (Adaptation),Role: Adaptation outcome indicator; Benchmark: Environment Act 2021 Nature Recovery Networks; Local Nature Recovery Strategies; CCC key indicator: No,GBF-T2; GBF-T3; GBF-T8; GBF-T10; GBF-T11,[LEG-001]; [LEG-003]; [POL-004]; [INT-L-007]; [INT-L-001]; [INT-L-003]; [LEG-002]; [POL-002],https://www.theccc.org.uk/publication/progress-in-adapting-to-climate-change-2025/
IND-C-105,Freshwater quality and quantity (river flows and ecological status) (UK),CCC Adaptation Monitoring Framework 2023–2025,State – Habitats,Climate | Nature & Biodiversity,Adaptation outcome indicator,% Good Ecological Status / m³/s,UK,UK Climate Change Act 2008 (s.58 National Adaptation Programmes); Third National Adaptation Programme (NAP3) 2023; Minimise climate change impacts on biodiversity,CCC Progress in Adapting to Climate Change 2023 Report to Parliament,EA/NRW/SEPA Water Framework Directive reporting,3,3 – High,"Low flows, elevated temperatures and altered flood regimes are direct climate impacts that degrade freshwater ecological status; this indicator directly captures climate stress on freshwater ecosystems.",Nature (Adaptation),Role: Adaptation outcome indicator; Benchmark: Water Framework Directive / Environment Act WFD targets; CCC key indicator: No,GBF-T2; GBF-T3; GBF-T8; GBF-T10; GBF-T11,[LEG-001]; [LEG-003]; [POL-004]; [INT-L-007]; [INT-L-001]; [INT-L-003]; [LEG-002]; [POL-002],https://www.theccc.org.uk/publication/progress-in-adapting-to-climate-change-2025/
IND-C-106,Area of priority habitat created or restored (UK),CCC Adaptation Monitoring Framework 2023–2025,State – Habitats,Climate | Nature & Biodiversity,Adaptation outcome indicator,kha/year,UK,UK Climate Change Act 2008 (s.58 National Adaptation Programmes); Third National Adaptation Programme (NAP3) 2023; Minimise climate change impacts on biodiversity,CCC Progress in Adapting to Climate Change 2023 Report to Parliament,Defra/JNCC priority habitat creation monitoring,0,0 – None,"Area of priority habitat created or restored, from project records. no climate or weather data enter the calculation and weather does not move the value. Climate relevance of the subject is carried by Policy_Sector, not by this score (rule A). Aligned with [IND-B-133], [GBF-012].",Nature (Adaptation),Role: Adaptation outcome indicator; Benchmark: Environment Act 2021: halt and reverse species decline by 2030; 30×30 land; CCC key indicator: No,GBF-T2; GBF-T3; GBF-T8; GBF-T10; GBF-T11,[LEG-001]; [LEG-003]; [POL-004]; [INT-L-007]; [INT-L-001]; [INT-L-003]; [LEG-002]; [POL-002],https://www.theccc.org.uk/publication/progress-in-adapting-to-climate-change-2025/
IND-C-107,Invasive non-native species (number of new establishments) (UK),CCC Adaptation Monitoring Framework 2023–2025,Pressure,Climate | Nature & Biodiversity,Adaptation contextual indicator,Number of new IAS establishments/year,UK,UK Climate Change Act 2008 (s.58 National Adaptation Programmes); Third National Adaptation Programme (NAP3) 2023; Minimise climate change impacts on biodiversity,CCC Progress in Adapting to Climate Change 2023 Report to Parliament,GBIF / NNSS / GB Non-native Species Information Portal,1,1 – Low,"Count of new INNS establishments from species databases; warming facilitates establishment but no climate data enter (Legend 1, rules B and G; aligned with [IND-J-042], [IND-E-052]).",Nature (Adaptation),Role: Adaptation contextual indicator; Benchmark: GBF Target 6 (IAS); UK IAS Strategy; CCC key indicator: No,GBF-T2; GBF-T3; GBF-T8; GBF-T10; GBF-T11,[LEG-001]; [LEG-003]; [POL-004]; [INT-L-007]; [INT-L-001]; [INT-L-003]; [LEG-002]; [POL-002],https://www.theccc.org.uk/publication/progress-in-adapting-to-climate-change-2025/
IND-C-110,"Agricultural crop yield variability (wheat, oilseed rape) (UK)",CCC Adaptation Monitoring Framework 2023–2025,Benefit,Climate | Land Use & Agriculture | Marine & Fisheries,Adaptation outcome indicator,t/ha (annual; 5-year variance),UK,UK Climate Change Act 2008 (s.58 National Adaptation Programmes); Third National Adaptation Programme (NAP3) 2023; Minimise climate change impacts on biodiversity,CCC Progress in Adapting to Climate Change 2023 Report to Parliament,AHDB / Defra Cereal and Oilseed Rape Survey,3,3 – High,"Crop yield variability is a direct measure of climate sensitivity in agriculture; drought, heat stress and late frosts directly affect yields. CCC uses this to assess agricultural exposure and vulnerability.",Working Lands & Seas (Adaptation),Role: Adaptation outcome indicator; Benchmark: No statutory target; NAP3 food security and agriculture resilience; CCC key indicator: Yes,GBF-T8; GBF-T10; GBF-T16,[LEG-001]; [LEG-003]; [POL-004]; [INT-L-007]; [INT-L-001]; [INT-L-003]; [LEG-002]; [POL-002],https://www.theccc.org.uk/publication/progress-in-adapting-to-climate-change-2025/
IND-C-111,Soil organic carbon content (agricultural and semi-natural land) (UK),CCC Adaptation Monitoring Framework 2023–2025,State – Habitats,Climate | Land Use & Agriculture | Marine & Fisheries,Adaptation outcome indicator,%SOC / t C/ha,UK,UK Climate Change Act 2008 (s.58 National Adaptation Programmes); Third National Adaptation Programme (NAP3) 2023; Minimise climate change impacts on biodiversity,CCC Progress in Adapting to Climate Change 2023 Report to Parliament,Countryside Survey / NSRI / UKCEH,2,2 – Medium,"Soil organic carbon from repeat survey and models; temperature and moisture act through decomposition within the underlying models (Legend 2, rules C and G; aligned with [IND-B-186], [GBF-173]).",Working Lands & Seas (Adaptation),Role: Adaptation outcome indicator; Benchmark: Environment Act soil health targets; Sustainable Farming Incentive (SFI); CCC key indicator: No,GBF-T8; GBF-T10; GBF-T16,[LEG-001]; [LEG-003]; [POL-004]; [INT-L-007]; [INT-L-001]; [INT-L-003]; [LEG-002]; [POL-002],https://www.theccc.org.uk/publication/progress-in-adapting-to-climate-change-2025/
IND-C-112,"Soil health (physical, biological, and chemical condition) (England)",CCC Adaptation Monitoring Framework 2023–2025,State – Habitats,Climate | Land Use & Agriculture | Marine & Fisheries,Adaptation outcome indicator,Index / condition classification,England,UK Climate Change Act 2008 (s.58 National Adaptation Programmes); Third National Adaptation Programme (NAP3) 2023; Minimise climate change impacts on biodiversity,CCC Progress in Adapting to Climate Change 2023 Report to Parliament,Defra / UKCEH Countryside Survey soils,1,1 – Low,"Soil health from survey data; weather affects soil structure and biology in the background but is not an input (Legend 1, rules B and G; aligned with [IND-E-039]).",Working Lands & Seas (Adaptation),Role: Adaptation outcome indicator; Benchmark: Soil Health Indicator targets (Environment Act / Defra Soil Health Action Plan); CCC key indicator: No,GBF-T8; GBF-T10; GBF-T16,[LEG-001]; [LEG-003]; [POL-004]; [INT-L-007]; [INT-L-001]; [INT-L-003]; [LEG-002]; [POL-002],https://www.theccc.org.uk/publication/progress-in-adapting-to-climate-change-2025/
IND-C-113,Incidence of crop and livestock pests and diseases (UK),CCC Adaptation Monitoring Framework 2023–2025,Pressure,Climate | Land Use & Agriculture | Marine & Fisheries,Adaptation contextual indicator,Number of incidents / area affected,UK,UK Climate Change Act 2008 (s.58 National Adaptation Programmes); Third National Adaptation Programme (NAP3) 2023; Minimise climate change impacts on biodiversity,CCC Progress in Adapting to Climate Change 2023 Report to Parliament,APHA / FERA / UKPHS crop health monitoring,2,2 – Medium,"Incidence of crop and livestock pests and diseases from surveillance records; weather strongly moves annual incidence (e.g. bluetongue vector seasons) but is not an input (Legend 2, rule D).",Working Lands & Seas (Adaptation),Role: Adaptation contextual indicator; Benchmark: UK Plant Health Strategy; UK Animal Health and Welfare Pathway; CCC key indicator: No,GBF-T8; GBF-T10; GBF-T16,[LEG-001]; [LEG-003]; [POL-004]; [INT-L-007]; [INT-L-001]; [INT-L-003]; [LEG-002]; [POL-002],https://www.theccc.org.uk/publication/progress-in-adapting-to-climate-change-2025/
IND-C-114,"Forest and woodland resilience to climate change (drought, disease, wind) (UK)",CCC Adaptation Monitoring Framework 2023–2025,State – Habitats,Climate | Land Use & Agriculture | Marine & Fisheries,Adaptation outcome indicator,Condition index / area affected,UK,UK Climate Change Act 2008 (s.58 National Adaptation Programmes); Third National Adaptation Programme (NAP3) 2023; Minimise climate change impacts on biodiversity,CCC Progress in Adapting to Climate Change 2023 Report to Parliament,Forestry Commission / UKCEH Forest Resilience Indicator,3,3 – High,"Woodland resilience is directly shaped by climate: drought stress, windthrow risk and pest outbreaks (e.g. Ips typographus, Phytophthora) all increase with projected climate change.",Working Lands & Seas (Adaptation),Role: Adaptation outcome indicator; Benchmark: England Trees Action Plan; Forestry Commission Climate Change Adaptation Plan; CCC key indicator: No,GBF-T8; GBF-T10; GBF-T16,[LEG-001]; [LEG-003]; [POL-004]; [INT-L-007]; [INT-L-001]; [INT-L-003]; [LEG-002]; [POL-002],https://www.theccc.org.uk/publication/progress-in-adapting-to-climate-change-2025/
IND-C-115,Fish stock status and catches in UK waters,CCC Adaptation Monitoring Framework 2023–2025,Benefit,Climate | Land Use & Agriculture | Marine & Fisheries,Adaptation outcome indicator,Index of stock status / kt landed,UK,UK Climate Change Act 2008 (s.58 National Adaptation Programmes); Third National Adaptation Programme (NAP3) 2023; Minimise climate change impacts on biodiversity,CCC Progress in Adapting to Climate Change 2023 Report to Parliament,ICES / Marine Management Organisation (MMO),2,2 – Medium,"Fish stock status from ICES assessments, with SST in recruitment and productivity models (Legend 2, rules D and G; aligned with [IND-J-028], [IND-E-024]).",Working Lands & Seas (Adaptation),Role: Adaptation outcome indicator; Benchmark: Fisheries Act 2020; Joint Fisheries Statement; CCC key indicator: No,GBF-T8; GBF-T10; GBF-T16,[LEG-001]; [LEG-003]; [POL-004]; [INT-L-007]; [INT-L-001]; [INT-L-003]; [LEG-002]; [POL-002],https://www.theccc.org.uk/publication/progress-in-adapting-to-climate-change-2025/
IND-C-116,Irrigation water use in agriculture and abstraction pressure (England),CCC Adaptation Monitoring Framework 2023–2025,Pressure,Climate | Land Use & Agriculture | Marine & Fisheries,Adaptation outcome indicator,M m³/year,England,UK Climate Change Act 2008 (s.58 National Adaptation Programmes); Third National Adaptation Programme (NAP3) 2023; Minimise climate change impacts on biodiversity,CCC Progress in Adapting to Climate Change 2023 Report to Parliament,Environment Agency irrigation water use survey,2,2 – Medium,"Irrigation abstraction from licence returns; hot, dry summers raise it materially, but weather is not an input (Legend 2, rule D).",Working Lands & Seas (Adaptation),Role: Adaptation outcome indicator; Benchmark: WRMP 2024 drought resilience targets; Defra water abstraction reform; CCC key indicator: Yes,GBF-T8; GBF-T10; GBF-T16,[LEG-001]; [LEG-003]; [POL-004]; [INT-L-007]; [INT-L-001]; [INT-L-003]; [LEG-002]; [POL-002],https://www.theccc.org.uk/publication/progress-in-adapting-to-climate-change-2025/
IND-C-120,"UK food self-sufficiency ratio (production to consumption, by food type)",CCC Adaptation Monitoring Framework 2023–2025,Benefit,Climate | Land Use & Agriculture,Adaptation outcome indicator,Production/consumption ratio,UK,UK Climate Change Act 2008 (s.58 National Adaptation Programmes); Third National Adaptation Programme (NAP3) 2023; Minimise climate change impacts on biodiversity,CCC Progress in Adapting to Climate Change 2023 Report to Parliament,Defra UK Food Security Report (biennial),2,2 – Medium,"Self-sufficiency ratio from production and consumption statistics; harvest weather moves domestic production (Legend 2, rules D and G; same quantity and score as [IND-C-170]).",Food Security (Adaptation),Role: Adaptation outcome indicator; Benchmark: UK Food Security Report targets; NAP3 food security chapter; CCC key indicator: Yes,GBF-T8; GBF-T16; GBF-T10,[LEG-001]; [LEG-003]; [POL-004]; [INT-L-007]; [INT-L-001]; [INT-L-003]; [LEG-002]; [POL-002],https://www.theccc.org.uk/publication/progress-in-adapting-to-climate-change-2025/
IND-C-121,Household food insecurity prevalence (UK),CCC Adaptation Monitoring Framework 2023–2025,Benefit,Climate | Land Use & Agriculture,Adaptation outcome indicator,% of households,UK,UK Climate Change Act 2008 (s.58 National Adaptation Programmes); Third National Adaptation Programme (NAP3) 2023; Minimise climate change impacts on biodiversity,CCC Progress in Adapting to Climate Change 2023 Report to Parliament,FSA/Food Foundation Food Insecurity Tracker; ONS HBAI,1,1 – Low,"UK household food insecurity from survey data; climate-driven price shocks are a background driver, and weather does not materially move the UK annual value (Legend 1, rule B).",Food Security (Adaptation),Role: Adaptation outcome indicator; Benchmark: National Food Strategy (2021); NAP3 food security and health chapter; CCC key indicator: No,GBF-T8; GBF-T16; GBF-T10,[LEG-001]; [LEG-003]; [POL-004]; [INT-L-007]; [INT-L-001]; [INT-L-003]; [LEG-002]; [POL-002],https://www.theccc.org.uk/publication/progress-in-adapting-to-climate-change-2025/
IND-C-122,Food price volatility (UK Consumer Price Index – food),CCC Adaptation Monitoring Framework 2023–2025,Benefit,Climate | Land Use & Agriculture,Adaptation contextual indicator,CPI food index (annual % change),UK,UK Climate Change Act 2008 (s.58 National Adaptation Programmes); Third National Adaptation Programme (NAP3) 2023; Minimise climate change impacts on biodiversity,CCC Progress in Adapting to Climate Change 2023 Report to Parliament,ONS Consumer Prices Index,2,2 – Medium,Food price volatility is partly driven by climate extremes in global producing regions; provides a contextual indicator of climate-related supply chain vulnerability.,Food Security (Adaptation),Role: Adaptation contextual indicator; Benchmark: No statutory target; monitored for food security resilience assessment; CCC key indicator: No,GBF-T8; GBF-T16; GBF-T10,[LEG-001]; [LEG-003]; [POL-004]; [INT-L-007]; [INT-L-001]; [INT-L-003]; [LEG-002]; [POL-002],https://www.theccc.org.uk/publication/progress-in-adapting-to-climate-change-2025/
IND-C-123,Disruption to domestic food supply chains from weather events (UK),CCC Adaptation Monitoring Framework 2023–2025,Benefit,Climate | Land Use & Agriculture,Adaptation outcome indicator,Number of events / supply disruption index,UK,UK Climate Change Act 2008 (s.58 National Adaptation Programmes); Third National Adaptation Programme (NAP3) 2023; Minimise climate change impacts on biodiversity,CCC Progress in Adapting to Climate Change 2023 Report to Parliament,Defra / Cabinet Office Resilience; CCRA3,3,3 – High,"Domestic supply chain disruptions from flooding, drought and extreme heat are directly climate-driven. The CCC identifies absence of tracking data as a key gap.",Food Security (Adaptation),Role: Adaptation outcome indicator; Benchmark: NAP3 food security chapter; Adaptation Reporting Power ARP4 (food supply chains); CCC key indicator: Yes,GBF-T8; GBF-T16; GBF-T10,[LEG-001]; [LEG-003]; [POL-004]; [INT-L-007]; [INT-L-001]; [INT-L-003]; [LEG-002]; [POL-002],https://www.theccc.org.uk/publication/progress-in-adapting-to-climate-change-2025/
IND-C-124,Corporate reporting on climate risk in food supply chains (UK),CCC Adaptation Monitoring Framework 2023–2025,Enabling,Climate | Land Use & Agriculture,Enabling / enabler,% of major food companies disclosing,UK,UK Climate Change Act 2008 (s.58 National Adaptation Programmes); Third National Adaptation Programme (NAP3) 2023; Minimise climate change impacts on biodiversity,CCC Progress in Adapting to Climate Change 2023 Report to Parliament,TCFD / ISSB disclosure data; GFI reporting survey,0,0 – None,"Rate of corporate reporting on climate risk, from disclosures. no climate or weather data enter the calculation and weather does not move the value. Climate relevance of the subject is carried by Policy_Sector, not by this score (rule A).",Food Security (Adaptation),Role: Enabling / enabler; Benchmark: TCFD mandatory disclosure (large companies); UK SDR sustainability disclosure; CCC key indicator: No,GBF-T8; GBF-T16; GBF-T10,[LEG-001]; [LEG-003]; [POL-004]; [INT-L-007]; [INT-L-001]; [INT-L-003]; [LEG-002]; [POL-002],https://www.theccc.org.uk/publication/progress-in-adapting-to-climate-change-2025/
IND-C-130,Heat-related mortality and morbidity (England and Wales),CCC Adaptation Monitoring Framework 2023–2025,Benefit,Climate | Health,Adaptation outcome indicator,Excess deaths / heat-attributable mortality rate,England and Wales,UK Climate Change Act 2008 (s.58 National Adaptation Programmes); Third National Adaptation Programme (NAP3) 2023; Minimise climate change impacts on biodiversity,CCC Progress in Adapting to Climate Change 2023 Report to Parliament,UKHSA / ONS Excess Mortality Statistics; NPHET,3,3 – High,Heat-related mortality is directly and causally driven by temperature extremes; UK record heat-related deaths in 2022 illustrate acute climate sensitivity. Directly tracks health impact of climate change.,Health (Adaptation),Role: Adaptation outcome indicator; Benchmark: UKHSA Heat-Health Alert system; NAP3 health chapter; NHS Net Zero & Sustainability strategy; CCC key indicator: Yes,GBF-T8,[LEG-001]; [LEG-003]; [POL-004]; [INT-L-007]; [INT-L-001]; [INT-L-003]; [LEG-002]; [POL-002],https://www.theccc.org.uk/publication/progress-in-adapting-to-climate-change-2025/
IND-C-131,"Incidence of climate-sensitive vector-borne diseases (Lyme disease, tick-borne encephalitis, West Nile virus) (UK)",CCC Adaptation Monitoring Framework 2023–2025,Benefit,Climate | Health,Adaptation outcome indicator,Number of confirmed cases/year,UK,UK Climate Change Act 2008 (s.58 National Adaptation Programmes); Third National Adaptation Programme (NAP3) 2023; Minimise climate change impacts on biodiversity,CCC Progress in Adapting to Climate Change 2023 Report to Parliament,UKHSA/PHW/PHS surveillance data,2,2 – Medium,"Case counts of Lyme disease and other vector-borne infections from surveillance; temperature moves vector activity and annual incidence but is not an input (Legend 2, rule D).",Health (Adaptation),Role: Adaptation outcome indicator; Benchmark: UKHSA Centre for Climate and Health Security; UK Health Security Strategy; CCC key indicator: Yes,GBF-T8,[LEG-001]; [LEG-003]; [POL-004]; [INT-L-007]; [INT-L-001]; [INT-L-003]; [LEG-002]; [POL-002],https://www.theccc.org.uk/publication/progress-in-adapting-to-climate-change-2025/
IND-C-132,Overheating in hospitals and care homes (England),CCC Adaptation Monitoring Framework 2023–2025,Benefit,Climate | Health,Adaptation outcome indicator,Number of overheating incidents/year,England,UK Climate Change Act 2008 (s.58 National Adaptation Programmes); Third National Adaptation Programme (NAP3) 2023; Minimise climate change impacts on biodiversity,CCC Progress in Adapting to Climate Change 2023 Report to Parliament,CQC / NHS England estates and facilities data,3,3 – High,Overheating in health and social care settings is directly driven by increasing heatwave frequency and intensity. The CCC identifies monitoring in care homes as a critical gap.,Health (Adaptation),Role: Adaptation outcome indicator; Benchmark: NHS Net Zero strategy; DHSC Warm Homes Healthy People; NAP3 health chapter; CCC key indicator: Yes,GBF-T8,[LEG-001]; [LEG-003]; [POL-004]; [INT-L-007]; [INT-L-001]; [INT-L-003]; [LEG-002]; [POL-002],https://www.theccc.org.uk/publication/progress-in-adapting-to-climate-change-2025/
IND-C-133,Cold-related mortality (excess winter deaths) (England and Wales),CCC Adaptation Monitoring Framework 2023–2025,Benefit,Climate | Health,Adaptation contextual indicator,Excess winter deaths per year,England and Wales,UK Climate Change Act 2008 (s.58 National Adaptation Programmes); Third National Adaptation Programme (NAP3) 2023; Minimise climate change impacts on biodiversity,CCC Progress in Adapting to Climate Change 2023 Report to Parliament,ONS Excess Winter Mortality Statistics,3,3 – High,Cold-related mortality tracks the balance of climate benefits (reduced cold deaths) against health costs; warmer winters reduce cold mortality but net mortality changes reflect both heat and cold effects.,Health (Adaptation),Role: Adaptation contextual indicator; Benchmark: Warm Homes scheme; Cold Weather Plan for England; CCC key indicator: No,GBF-T8,[LEG-001]; [LEG-003]; [POL-004]; [INT-L-007]; [INT-L-001]; [INT-L-003]; [LEG-002]; [POL-002],https://www.theccc.org.uk/publication/progress-in-adapting-to-climate-change-2025/
IND-C-134,NHS and public health sector adaptation planning coverage (England),CCC Adaptation Monitoring Framework 2023–2025,Enabling,Climate | Health,Enabling / enabler,% of NHS Trusts/ICSs with adaptation plans,England,UK Climate Change Act 2008 (s.58 National Adaptation Programmes); Third National Adaptation Programme (NAP3) 2023; Minimise climate change impacts on biodiversity,CCC Progress in Adapting to Climate Change 2023 Report to Parliament,NHSE Greener NHS / Sustainability and Transformation Plans data,0,0 – None,"Coverage of adaptation plans across NHS and public-health bodies. no climate or weather data enter the calculation and weather does not move the value. Climate relevance of the subject is carried by Policy_Sector, not by this score (rule A).",Health (Adaptation),Role: Enabling / enabler; Benchmark: NHS Net Zero and Adaptation Plan; UKHSA Centre for Climate and Health Security; CCC key indicator: No,GBF-T8,[LEG-001]; [LEG-003]; [POL-004]; [INT-L-007]; [INT-L-001]; [INT-L-003]; [LEG-002]; [POL-002],https://www.theccc.org.uk/publication/progress-in-adapting-to-climate-change-2025/
IND-C-140,Per capita household water consumption (England and Wales),CCC Adaptation Monitoring Framework 2023–2025,Benefit,Climate | Water,Adaptation outcome indicator,litres/person/day,England and Wales,UK Climate Change Act 2008 (s.58 National Adaptation Programmes); Third National Adaptation Programme (NAP3) 2023; Minimise climate change impacts on biodiversity,CCC Progress in Adapting to Climate Change 2023 Report to Parliament,Ofwat / water company Water Resource Management Plans,2,2 – Medium,"Per-capita household consumption from water-company returns; hot, dry summers raise demand materially (e.g. 2018, 2022), but weather is not an input (Legend 2, rule D). Its role as an adaptation lever is policy relevance, not data dependency.",Water Supply (Adaptation),Role: Adaptation outcome indicator; Benchmark: Statutory demand reduction target: 110 l/p/d by 2050 (Environment Act); CCC key indicator: Yes,GBF-T8; GBF-T11,[LEG-001]; [LEG-003]; [POL-004]; [INT-L-007]; [INT-L-001]; [INT-L-003]; [LEG-002]; [POL-002],https://www.theccc.org.uk/publication/progress-in-adapting-to-climate-change-2025/
IND-C-141,Water leakage from public supply networks (England and Wales),CCC Adaptation Monitoring Framework 2023–2025,Enabling,Climate | Water,Adaptation outcome indicator,Ml/day,England and Wales,UK Climate Change Act 2008 (s.58 National Adaptation Programmes); Third National Adaptation Programme (NAP3) 2023; Minimise climate change impacts on biodiversity,CCC Progress in Adapting to Climate Change 2023 Report to Parliament,Ofwat annual leakage return,2,2 – Medium,Leakage levels affect climate resilience of supply during drought; pipe failures can be influenced by soil shrink-swell under dry summers. Statutory target.,Water Supply (Adaptation),Role: Adaptation outcome indicator; Benchmark: Statutory leakage reduction target (Water Industry Act / Ofwat PR24); CCC key indicator: Yes,GBF-T8; GBF-T11,[LEG-001]; [LEG-003]; [POL-004]; [INT-L-007]; [INT-L-001]; [INT-L-003]; [LEG-002]; [POL-002],https://www.theccc.org.uk/publication/progress-in-adapting-to-climate-change-2025/
IND-C-142,Reservoir storage levels (proportion of capacity) (England and Wales),CCC Adaptation Monitoring Framework 2023–2025,Benefit,Climate | Water,Adaptation outcome indicator,% storage capacity,England and Wales,UK Climate Change Act 2008 (s.58 National Adaptation Programmes); Third National Adaptation Programme (NAP3) 2023; Minimise climate change impacts on biodiversity,CCC Progress in Adapting to Climate Change 2023 Report to Parliament,Environment Agency Hydrology (Hydrological Outlook),3,3 – High,Reservoir storage is a direct measure of climate vulnerability (drought exposure); summer 2022 near-record low levels directly triggered water use restrictions.,Water Supply (Adaptation),Role: Adaptation outcome indicator; Benchmark: Water Resource Management Plans; Environment Act 2021 water targets; CCC key indicator: Yes,GBF-T8; GBF-T11,[LEG-001]; [LEG-003]; [POL-004]; [INT-L-007]; [INT-L-001]; [INT-L-003]; [LEG-002]; [POL-002],https://www.theccc.org.uk/publication/progress-in-adapting-to-climate-change-2025/
IND-C-143,River flow (low-flow frequency and severity) (UK),CCC Adaptation Monitoring Framework 2023–2025,State – Habitats,Climate | Water,Adaptation contextual indicator,Q95 / Q70 flow exceedance percentiles,UK,UK Climate Change Act 2008 (s.58 National Adaptation Programmes); Third National Adaptation Programme (NAP3) 2023; Minimise climate change impacts on biodiversity,CCC Progress in Adapting to Climate Change 2023 Report to Parliament,NRFA (National River Flow Archive) / CEH,3,3 – High,Low-flow conditions are directly driven by precipitation deficits and high evapotranspiration under warming; a key indicator of climate-driven water stress.,Water Supply (Adaptation),Role: Adaptation contextual indicator; Benchmark: Water Framework Directive ecological flows; WRMP drought planning; CCC key indicator: No,GBF-T8; GBF-T11,[LEG-001]; [LEG-003]; [POL-004]; [INT-L-007]; [INT-L-001]; [INT-L-003]; [LEG-002]; [POL-002],https://www.theccc.org.uk/publication/progress-in-adapting-to-climate-change-2025/
IND-C-144,"New strategic water supply infrastructure capacity (reservoirs, water transfers) (England)",CCC Adaptation Monitoring Framework 2023–2025,Enabling,Climate | Water,Deployment / uptake,Ml/day additional capacity,England,UK Climate Change Act 2008 (s.58 National Adaptation Programmes); Third National Adaptation Programme (NAP3) 2023; Minimise climate change impacts on biodiversity,CCC Progress in Adapting to Climate Change 2023 Report to Parliament,NHSE / Ofwat National Water Resources Framework,0,0 – None,"Capacity of new strategic supply infrastructure delivered, from project records. no climate or weather data enter the calculation and weather does not move the value. Climate relevance of the subject is carried by Policy_Sector, not by this score (rule A).",Water Supply (Adaptation),"Role: Deployment / uptake; Benchmark: National Framework for Water Resources; WRMP 2024 targets (e.g. +4,000 Ml/d by 2050); CCC key indicator: Yes",GBF-T8; GBF-T11,[LEG-001]; [LEG-003]; [POL-004]; [INT-L-007]; [INT-L-001]; [INT-L-003]; [LEG-002]; [POL-002],https://www.theccc.org.uk/publication/progress-in-adapting-to-climate-change-2025/
IND-C-145,Drought plan trigger levels and water restrictions incidence (England and Wales),CCC Adaptation Monitoring Framework 2023–2025,Benefit,Climate | Water,Adaptation outcome indicator,Number of drought orders / TUB events,England and Wales,UK Climate Change Act 2008 (s.58 National Adaptation Programmes); Third National Adaptation Programme (NAP3) 2023; Minimise climate change impacts on biodiversity,CCC Progress in Adapting to Climate Change 2023 Report to Parliament,EA / water company drought plan reporting,3,3 – High,Drought plan triggers and water use restriction events are direct manifestations of climate-driven water stress; frequency tracks adaptation adequacy.,Water Supply (Adaptation),Role: Adaptation outcome indicator; Benchmark: Water Industry Act 1991; EA drought management plans; CCC key indicator: No,GBF-T8; GBF-T11,[LEG-001]; [LEG-003]; [POL-004]; [INT-L-007]; [INT-L-001]; [INT-L-003]; [LEG-002]; [POL-002],https://www.theccc.org.uk/publication/progress-in-adapting-to-climate-change-2025/
IND-C-146,Groundwater level trends (aquifer storage) (England),CCC Adaptation Monitoring Framework 2023–2025,State – Habitats,Climate | Water,Adaptation contextual indicator,Groundwater level index (relative to historical),England,UK Climate Change Act 2008 (s.58 National Adaptation Programmes); Third National Adaptation Programme (NAP3) 2023; Minimise climate change impacts on biodiversity,CCC Progress in Adapting to Climate Change 2023 Report to Parliament,BGS National Groundwater Level Archive / EA,3,3 – High,"Groundwater recharge is sensitive to precipitation timing and intensity, and evapotranspiration under warming; declining groundwater trends are a key climate adaptation risk indicator.",Water Supply (Adaptation),Role: Adaptation contextual indicator; Benchmark: WRMP 2024 groundwater protection; Environment Act water targets; CCC key indicator: No,GBF-T8; GBF-T11,[LEG-001]; [LEG-003]; [POL-004]; [INT-L-007]; [INT-L-001]; [INT-L-003]; [LEG-002]; [POL-002],https://www.theccc.org.uk/publication/progress-in-adapting-to-climate-change-2025/
IND-C-147,Excess heat-related mortality,CCC Adaptation Monitoring Framework,Benefit,Health | Climate,Adaptation target,Excess deaths per year,UK,"Climate Change Act 2008 s.58 (National Adaptation Programmes); NAP3 2023–2028; CCC adaptation objective for the health system, from A Well-Adapted UK (CCRA4-IA, 2026)",CCC Adaptation Monitoring Framework (20 May 2026); A Well-Adapted UK — CCRA4-IA (20 May 2026),"To be confirmed — the CCC selects indicators against these targets in each adaptation progress report; the framework itself publishes objectives, targets, actions, enablers and policies rather than a data series",3,3 – High,"Excess heat-related mortality is a directly climate-defined quantity: it is estimated by attributing mortality to observed temperature above a threshold, so temperature data are an explicit input to the calculation.",Health (Adaptation),"Role: Adaptation target; Benchmark: Proposed target — by 2050, excess heat-related mortality should be no greater, and ideally lower, than today’s annual average.; CCC key indicator: No",,[LEG-001]; [POL-002]; [POL-017],https://www.theccc.org.uk/publications/monitoring-frameworks/well-adapted-health-system/
IND-C-148,Healthcare buildings maintaining safe temperatures and at low flood risk,CCC Adaptation Monitoring Framework,Enabling,Health | Urban & Buildings,Adaptation target,% of assets,UK,"Climate Change Act 2008 s.58 (National Adaptation Programmes); NAP3 2023–2028; CCC adaptation objective for the health system, from A Well-Adapted UK (CCRA4-IA, 2026)",CCC Adaptation Monitoring Framework (20 May 2026); A Well-Adapted UK — CCRA4-IA (20 May 2026),"To be confirmed — the CCC selects indicators against these targets in each adaptation progress report; the framework itself publishes objectives, targets, actions, enablers and policies rather than a data series",3,3 – High,"Combines an indoor-temperature criterion and a flood-probability threshold (less than 1% annual chance), both defined directly in climate and hydrological terms.",Health (Adaptation),"Role: Adaptation target; Benchmark: Proposed target — by 2035, all healthcare buildings and other essential assets should maintain safe and appropriate temperatures and should be at low risk (less than 1% chance for any given year) of flooding.; CCC key indicator: No",,[LEG-001]; [POL-002]; [POL-017]; [POL-045],https://www.theccc.org.uk/publications/monitoring-frameworks/well-adapted-health-system/
IND-C-149,Residential care homes maintaining indoor temperatures 16–26°C,CCC Adaptation Monitoring Framework,Benefit,Health | Urban & Buildings,Adaptation target,% of care homes,UK,"Climate Change Act 2008 s.58 (National Adaptation Programmes); NAP3 2023–2028; CCC adaptation objective for the health system, from A Well-Adapted UK (CCRA4-IA, 2026)",CCC Adaptation Monitoring Framework (20 May 2026); A Well-Adapted UK — CCRA4-IA (20 May 2026),"To be confirmed — the CCC selects indicators against these targets in each adaptation progress report; the framework itself publishes objectives, targets, actions, enablers and policies rather than a data series",3,3 – High,"The measured quantity is an indoor temperature range, which depends directly on outdoor climate and building response.",Health (Adaptation),"Role: Adaptation target; Benchmark: Proposed target — by 2040, all residential care homes should be able to maintain indoor temperatures between 16–26ºC.; CCC key indicator: No",,[LEG-001]; [POL-002]; [POL-017],https://www.theccc.org.uk/publications/monitoring-frameworks/well-adapted-health-system/
IND-C-150,Homes protected from overheating,CCC Adaptation Monitoring Framework,Benefit,Urban & Buildings | Health,Adaptation target,% of homes / vulnerable population,UK,"Climate Change Act 2008 s.58 (National Adaptation Programmes); NAP3 2023–2028; CCC adaptation objective for the built environment and communities system, from A Well-Adapted UK (CCRA4-IA, 2026)",CCC Adaptation Monitoring Framework (20 May 2026); A Well-Adapted UK — CCRA4-IA (20 May 2026),"To be confirmed — the CCC selects indicators against these targets in each adaptation progress report; the framework itself publishes objectives, targets, actions, enablers and policies rather than a data series",3,3 – High,Overheating is defined against indoor temperature thresholds driven by outdoor climate; assessment uses weather and climate projection data.,Built Environment & Communities (Adaptation),"Role: Adaptation target; Benchmark: Proposed target — by 2050, the most vulnerable populations should be protected from overheating and most homes in the UK should not overheat.; CCC key indicator: No",,[LEG-001]; [POL-002]; [POL-017],https://www.theccc.org.uk/publications/monitoring-frameworks/well-adapted-built-enviornment-and-communities-system/
IND-C-151,Residential properties impacted by flooding,CCC Adaptation Monitoring Framework,Pressure,Urban & Buildings | Water,Adaptation target,Number of properties,UK,"Climate Change Act 2008 s.58 (National Adaptation Programmes); NAP3 2023–2028; CCC adaptation objective for the built environment and communities system, from A Well-Adapted UK (CCRA4-IA, 2026)",CCC Adaptation Monitoring Framework (20 May 2026); A Well-Adapted UK — CCRA4-IA (20 May 2026),"To be confirmed — the CCC selects indicators against these targets in each adaptation progress report; the framework itself publishes objectives, targets, actions, enablers and policies rather than a data series",3,3 – High,"Counts properties impacted by flooding from all sources; flood risk is computed from rainfall, river flow, surge and sea level.",Built Environment & Communities (Adaptation),"Role: Adaptation target; Benchmark: Proposed target — by 2050, the total number of residential properties impacted by flooding (from all sources) in the UK should remain no greater than today’s level. Levels of risk should be below today’s level in all parts of the UK where this is technically feasible and cost-effective.; CCC key indicator: No",,[LEG-001]; [POL-002]; [POL-017]; [POL-045],https://www.theccc.org.uk/publications/monitoring-frameworks/well-adapted-built-enviornment-and-communities-system/
IND-C-152,Learning environments at safe temperatures and low flood risk,CCC Adaptation Monitoring Framework,Enabling,"Urban & Buildings | Governance, Society & Data",Adaptation target,% of school sites,UK,"Climate Change Act 2008 s.58 (National Adaptation Programmes); NAP3 2023–2028; CCC adaptation objective for the public services system, from A Well-Adapted UK (CCRA4-IA, 2026)",CCC Adaptation Monitoring Framework (20 May 2026); A Well-Adapted UK — CCRA4-IA (20 May 2026),"To be confirmed — the CCC selects indicators against these targets in each adaptation progress report; the framework itself publishes objectives, targets, actions, enablers and policies rather than a data series",3,3 – High,"Indoor temperature range plus a flood-probability threshold, both climate-defined.",Public Services (Adaptation),"Role: Adaptation target; Benchmark: Proposed target — by 2050, internal temperatures of learning environments should remain between 16°C–25°C and school sites should be at low risk (less than 1% chance for any given year) of flooding.; CCC key indicator: No",,[LEG-001]; [POL-002]; [POL-017]; [POL-045],https://www.theccc.org.uk/publications/monitoring-frameworks/well-adapted-public-services-system/
IND-C-153,Prison and justice facilities at safe temperatures and low flood risk,CCC Adaptation Monitoring Framework,Enabling,"Urban & Buildings | Governance, Society & Data",Adaptation target,% of sites,UK,"Climate Change Act 2008 s.58 (National Adaptation Programmes); NAP3 2023–2028; CCC adaptation objective for the public services system, from A Well-Adapted UK (CCRA4-IA, 2026)",CCC Adaptation Monitoring Framework (20 May 2026); A Well-Adapted UK — CCRA4-IA (20 May 2026),"To be confirmed — the CCC selects indicators against these targets in each adaptation progress report; the framework itself publishes objectives, targets, actions, enablers and policies rather than a data series",3,3 – High,"Indoor temperature range plus a flood-probability threshold, both climate-defined.",Public Services (Adaptation),"Role: Adaptation target; Benchmark: Proposed target — by 2050, internal temperatures of prison and justice facilities should remain between 16°C–26°C and sites should be at low risk (less than 1% chance for any given year) of flooding.; CCC key indicator: No",,[LEG-001]; [POL-002]; [POL-017]; [POL-045],https://www.theccc.org.uk/publications/monitoring-frameworks/well-adapted-public-services-system/
IND-C-154,Emergency service response times under all weather events,CCC Adaptation Monitoring Framework,Enabling,"Governance, Society & Data",Adaptation target,% meeting target response time,UK,"Climate Change Act 2008 s.58 (National Adaptation Programmes); NAP3 2023–2028; CCC adaptation objective for the public services system, from A Well-Adapted UK (CCRA4-IA, 2026)",CCC Adaptation Monitoring Framework (20 May 2026); A Well-Adapted UK — CCRA4-IA (20 May 2026),"To be confirmed — the CCC selects indicators against these targets in each adaptation progress report; the framework itself publishes objectives, targets, actions, enablers and policies rather than a data series",3,3 – High,"The target is conditioned explicitly on weather events: performance is assessed under adverse weather, so weather is part of the measurement condition.",Public Services (Adaptation),"Role: Adaptation target; Benchmark: Proposed target — by 2030, all emergency services and incident responders should be equipped and resourced to meet emergency services’ target response times under all weather events.; CCC key indicator: No",,[LEG-001]; [POL-002]; [POL-017],https://www.theccc.org.uk/publications/monitoring-frameworks/well-adapted-public-services-system/
IND-C-155,At-risk cultural heritage assets with a long-term adaptation plan,CCC Adaptation Monitoring Framework,Enabling,"Governance, Society & Data",Adaptation target,% of at-risk assets,UK,"Climate Change Act 2008 s.58 (National Adaptation Programmes); NAP3 2023–2028; CCC adaptation objective for the cultural heritage system, from A Well-Adapted UK (CCRA4-IA, 2026)",CCC Adaptation Monitoring Framework (20 May 2026); A Well-Adapted UK — CCRA4-IA (20 May 2026),"To be confirmed — the CCC selects indicators against these targets in each adaptation progress report; the framework itself publishes objectives, targets, actions, enablers and policies rather than a data series",0,0 – None,"Count of at-risk heritage assets holding an adaptation plan. no climate or weather data enter the calculation and weather does not move the value. Climate relevance of the subject is carried by Policy_Sector, not by this score (rule A).",Cultural Heritage (Adaptation),"Role: Adaptation target; Benchmark: Proposed target — by 2035, all cultural heritage assets managed for public good that are deemed ‘at risk’ should have a long term adaptation plan.; CCC key indicator: No",,[LEG-001]; [POL-002]; [POL-017],https://www.theccc.org.uk/publications/monitoring-frameworks/well-adapted-cultural-heritage-system/
IND-C-156,Climate risks managed for at-risk cultural heritage assets,CCC Adaptation Monitoring Framework,Enabling,"Governance, Society & Data",Adaptation target,% of at-risk assets,UK,"Climate Change Act 2008 s.58 (National Adaptation Programmes); NAP3 2023–2028; CCC adaptation objective for the cultural heritage system, from A Well-Adapted UK (CCRA4-IA, 2026)",CCC Adaptation Monitoring Framework (20 May 2026); A Well-Adapted UK — CCRA4-IA (20 May 2026),"To be confirmed — the CCC selects indicators against these targets in each adaptation progress report; the framework itself publishes objectives, targets, actions, enablers and policies rather than a data series",0,0 – None,"Share of at-risk heritage assets whose climate risk is managed: a management status, not a hazard quantity. no climate or weather data enter the calculation and weather does not move the value. Climate relevance of the subject is carried by Policy_Sector, not by this score (rule A).",Cultural Heritage (Adaptation),"Role: Adaptation target; Benchmark: Proposed target — by 2050, climate risks for all at-risk cultural heritage assets should be managed.; CCC key indicator: No",,[LEG-001]; [POL-002]; [POL-017],https://www.theccc.org.uk/publications/monitoring-frameworks/well-adapted-cultural-heritage-system/
IND-C-157,Water supply resilience to a 1 in 500-year drought,CCC Adaptation Monitoring Framework,Benefit,Water | Climate,Adaptation target,Return period (years),UK,"Climate Change Act 2008 s.58 (National Adaptation Programmes); NAP3 2023–2028; CCC adaptation objective for the water and wastewater system, from A Well-Adapted UK (CCRA4-IA, 2026)",CCC Adaptation Monitoring Framework (20 May 2026); A Well-Adapted UK — CCRA4-IA (20 May 2026),"To be confirmed — the CCC selects indicators against these targets in each adaptation progress report; the framework itself publishes objectives, targets, actions, enablers and policies rather than a data series",3,3 – High,A drought return period is a hydro-climatic quantity derived directly from rainfall and flow records.,Water & Wastewater (Adaptation),"Role: Adaptation target; Benchmark: Proposed target — by 2040, water supply should be resilient to a 1 in 500-year drought.; CCC key indicator: No",,[LEG-001]; [POL-002]; [POL-017],https://www.theccc.org.uk/publications/monitoring-frameworks/well-adapted-water-and-wastewater-system/
IND-C-158,Water bodies achieving sustainable abstraction criteria,CCC Adaptation Monitoring Framework,State – Habitats,Water | Nature & Biodiversity,Adaptation target,% of water bodies,UK,"Climate Change Act 2008 s.58 (National Adaptation Programmes); NAP3 2023–2028; CCC adaptation objective for the water and wastewater system, from A Well-Adapted UK (CCRA4-IA, 2026)",CCC Adaptation Monitoring Framework (20 May 2026); A Well-Adapted UK — CCRA4-IA (20 May 2026),"To be confirmed — the CCC selects indicators against these targets in each adaptation progress report; the framework itself publishes objectives, targets, actions, enablers and policies rather than a data series",2,2 – Medium,"Compliance is assessed against flow thresholds derived from natural flow regimes, and drought years move the proportion meeting criteria; hydrological data enter indirectly (Legend 2, rules D and G; same score as [IND-E-012]).",Water & Wastewater (Adaptation),"Role: Adaptation target; Benchmark: Proposed target — by 2050, all water bodies should achieve sustainable abstraction criteria.; CCC key indicator: No",,[LEG-001]; [POL-002]; [POL-017],https://www.theccc.org.uk/publications/monitoring-frameworks/well-adapted-water-and-wastewater-system/
IND-C-159,Properties at risk of sewer flooding in a 1 in 50-year storm,CCC Adaptation Monitoring Framework,Pressure,Water | Urban & Buildings,Adaptation target,Number of properties,UK,"Climate Change Act 2008 s.58 (National Adaptation Programmes); NAP3 2023–2028; CCC adaptation objective for the water and wastewater system, from A Well-Adapted UK (CCRA4-IA, 2026)",CCC Adaptation Monitoring Framework (20 May 2026); A Well-Adapted UK — CCRA4-IA (20 May 2026),"To be confirmed — the CCC selects indicators against these targets in each adaptation progress report; the framework itself publishes objectives, targets, actions, enablers and policies rather than a data series",3,3 – High,"The measured quantity is defined against a storm return period, a directly meteorological benchmark.",Water & Wastewater (Adaptation),"Role: Adaptation target; Benchmark: Proposed target — by 2050, properties at risk of internal and external sewer flooding in a 1 in 50-year storm event should have decreased.; CCC key indicator: No",,[LEG-001]; [POL-002]; [POL-017]; [POL-045],https://www.theccc.org.uk/publications/monitoring-frameworks/well-adapted-water-and-wastewater-system/
IND-C-160,Electricity system resilience maintained at or above current service levels,CCC Adaptation Monitoring Framework,Enabling,Energy | Climate,Adaptation target,Service level / interruptions,UK,"Climate Change Act 2008 s.58 (National Adaptation Programmes); NAP3 2023–2028; CCC adaptation objective for the energy system, from A Well-Adapted UK (CCRA4-IA, 2026)",CCC Adaptation Monitoring Framework (20 May 2026); A Well-Adapted UK — CCRA4-IA (20 May 2026),"To be confirmed — the CCC selects indicators against these targets in each adaptation progress report; the framework itself publishes objectives, targets, actions, enablers and policies rather than a data series",2,2 – Medium,"Service resilience is measured as interruptions, of which weather is the dominant cause; weather data are used in attribution but not in the headline count.",Energy (Adaptation),"Role: Adaptation target; Benchmark: Proposed target — from now through to 2050, the electricity system should maintain service levels at current levels of resilience or higher.; CCC key indicator: No",,[LEG-001]; [POL-002]; [POL-017],https://www.theccc.org.uk/publications/monitoring-frameworks/well-adapted-energy-system/
IND-C-161,Restoration of supply to priority customers after climate-related outage,CCC Adaptation Monitoring Framework,Enabling,"Energy | Governance, Society & Data",Adaptation target,Hours to restoration / % restored,UK,"Climate Change Act 2008 s.58 (National Adaptation Programmes); NAP3 2023–2028; CCC adaptation objective for the energy system, from A Well-Adapted UK (CCRA4-IA, 2026)",CCC Adaptation Monitoring Framework (20 May 2026); A Well-Adapted UK — CCRA4-IA (20 May 2026),"To be confirmed — the CCC selects indicators against these targets in each adaptation progress report; the framework itself publishes objectives, targets, actions, enablers and policies rather than a data series",3,3 – High,"The measured quantity is restoration time following a climate-related loss of supply, so the triggering event is defined meteorologically.",Energy (Adaptation),"Role: Adaptation target; Benchmark: Proposed target — from now through to 2050, following a climate-related reduction or loss of electricity supply, the supply needs of priority customers should be met within a defined number of hours, with 100% of customers restored within a defined timeframe thereafter.; CCC key indicator: No",,[LEG-001]; [POL-002]; [POL-017],https://www.theccc.org.uk/publications/monitoring-frameworks/well-adapted-energy-system/
IND-C-162,Trunk road accident rates under a changing climate,CCC Adaptation Monitoring Framework,Enabling,Transport,Adaptation target,Accidents per vehicle-km,UK,"Climate Change Act 2008 s.58 (National Adaptation Programmes); NAP3 2023–2028; CCC adaptation objective for the transport system, from A Well-Adapted UK (CCRA4-IA, 2026)",CCC Adaptation Monitoring Framework (20 May 2026); A Well-Adapted UK — CCRA4-IA (20 May 2026),"To be confirmed — the CCC selects indicators against these targets in each adaptation progress report; the framework itself publishes objectives, targets, actions, enablers and policies rather than a data series",2,2 – Medium,"Accident rates are a traffic statistic, but the target is framed as maintaining the trend despite climate change, so weather-related attribution is part of the assessment.",Transport (Adaptation),"Role: Adaptation target; Benchmark: Proposed target — from now through to 2050, trunk road accident rates should continue to decline on current trends, despite climate change.; CCC key indicator: No",,[LEG-001]; [POL-002]; [POL-017],https://www.theccc.org.uk/publications/monitoring-frameworks/well-adapted-transport-system/
IND-C-163,High-risk rail accidents associated with extreme weather,CCC Adaptation Monitoring Framework,Pressure,Transport,Adaptation target,Number of incidents,UK,"Climate Change Act 2008 s.58 (National Adaptation Programmes); NAP3 2023–2028; CCC adaptation objective for the transport system, from A Well-Adapted UK (CCRA4-IA, 2026)",CCC Adaptation Monitoring Framework (20 May 2026); A Well-Adapted UK — CCRA4-IA (20 May 2026),"To be confirmed — the CCC selects indicators against these targets in each adaptation progress report; the framework itself publishes objectives, targets, actions, enablers and policies rather than a data series",3,3 – High,"The measured quantity is explicitly the subset of accidents associated with extreme weather, so weather classification defines the count.",Transport (Adaptation),"Role: Adaptation target; Benchmark: Proposed target — from now through to 2050, high risk rail accidents associated with extreme weather should be as low as is reasonably practicable.; CCC key indicator: No",,[LEG-001]; [POL-002]; [POL-017],https://www.theccc.org.uk/publications/monitoring-frameworks/well-adapted-transport-system/
IND-C-164,Disruption to high-priority road and rail routes from climate hazards,CCC Adaptation Monitoring Framework,Pressure,Transport,Adaptation target,Disruption hours / incidents,UK,"Climate Change Act 2008 s.58 (National Adaptation Programmes); NAP3 2023–2028; CCC adaptation objective for the transport system, from A Well-Adapted UK (CCRA4-IA, 2026)",CCC Adaptation Monitoring Framework (20 May 2026); A Well-Adapted UK — CCRA4-IA (20 May 2026),"To be confirmed — the CCC selects indicators against these targets in each adaptation progress report; the framework itself publishes objectives, targets, actions, enablers and policies rather than a data series",3,3 – High,"Disruption is attributed to named climate hazards, so hazard data define what is counted.",Transport (Adaptation),"Role: Adaptation target; Benchmark: Proposed target — from now through to 2050, disruption to high priority road and rail routes from climate hazards should be as low as, or lower than, today’s level.; CCC key indicator: No",,[LEG-001]; [POL-002]; [POL-017],https://www.theccc.org.uk/publications/monitoring-frameworks/well-adapted-transport-system/
IND-C-165,Mining tips assessed and highest-risk tips adapted against landslide risk,CCC Adaptation Monitoring Framework,Enabling,"Pollution & Waste | Governance, Society & Data",Adaptation target,% of tips assessed / adapted,UK,"Climate Change Act 2008 s.58 (National Adaptation Programmes); NAP3 2023–2028; CCC adaptation objective for the waste system, from A Well-Adapted UK (CCRA4-IA, 2026)",CCC Adaptation Monitoring Framework (20 May 2026); A Well-Adapted UK — CCRA4-IA (20 May 2026),"To be confirmed — the CCC selects indicators against these targets in each adaptation progress report; the framework itself publishes objectives, targets, actions, enablers and policies rather than a data series",0,0 – None,Proportion of mining tips assessed and highest-risk tips adapted: a programme-completion measure. Rainfall defines the hazard but no climate data enter the quantity (rules A and H).,Waste (Adaptation),"Role: Adaptation target; Benchmark: Proposed target — by 2035, all mining tips should have been assessed and tips in the highest risk categories should be effectively adapted to ensure they are no longer a risk to public safety from landslides.; CCC key indicator: No",,[LEG-001]; [POL-002]; [POL-017],https://www.theccc.org.uk/publications/monitoring-frameworks/well-adapted-waste-system/
IND-C-166,Waste sites assessed and high-risk sites adapted against flooding and coastal erosion,CCC Adaptation Monitoring Framework,Enabling,Pollution & Waste | Water,Adaptation target,% of sites assessed / adapted,UK,"Climate Change Act 2008 s.58 (National Adaptation Programmes); NAP3 2023–2028; CCC adaptation objective for the waste system, from A Well-Adapted UK (CCRA4-IA, 2026)",CCC Adaptation Monitoring Framework (20 May 2026); A Well-Adapted UK — CCRA4-IA (20 May 2026),"To be confirmed — the CCC selects indicators against these targets in each adaptation progress report; the framework itself publishes objectives, targets, actions, enablers and policies rather than a data series",0,0 – None,Proportion of waste sites assessed and high-risk sites adapted: a programme-completion measure (rules A and H).,Waste (Adaptation),"Role: Adaptation target; Benchmark: Proposed target — by 2030, all sites should have been assessed and categorised by risk level to identify the sites where adaptation is most needed. By 2050, all sites classified as at high risk of harm from the release of hazardous waste into the environment due to flooding, waterlogging or coastal erosion, should be effectively adapted.; CCC key indicator: No",,[LEG-001]; [POL-002]; [POL-017]; [POL-045],https://www.theccc.org.uk/publications/monitoring-frameworks/well-adapted-waste-system/
IND-C-167,Losses of critical national infrastructure service from climate hazards,CCC Adaptation Monitoring Framework,Enabling,"Governance, Society & Data",Adaptation target,Number of service losses,UK,"Climate Change Act 2008 s.58 (National Adaptation Programmes); NAP3 2023–2028; CCC adaptation objective for the digital and telecoms system, from A Well-Adapted UK (CCRA4-IA, 2026)",CCC Adaptation Monitoring Framework (20 May 2026); A Well-Adapted UK — CCRA4-IA (20 May 2026),"To be confirmed — the CCC selects indicators against these targets in each adaptation progress report; the framework itself publishes objectives, targets, actions, enablers and policies rather than a data series",3,3 – High,"The measured quantity is service loss attributed to climate-related hazards, so hazard attribution defines the count.",Digital & Telecoms (Adaptation),"Role: Adaptation target; Benchmark: Proposed target — from now through to 2050, there should be no losses of service to CNI functions, including emergency calls, due to climate-related hazards.; CCC key indicator: No",,[LEG-001]; [POL-002]; [POL-017],https://www.theccc.org.uk/publications/monitoring-frameworks/well-adapted-digital-and-telecoms-system/
IND-C-168,Land protected for nature and in good condition,CCC Adaptation Monitoring Framework,State – Habitats,Nature & Biodiversity | Land Use & Agriculture,Adaptation target,% of land area,UK,"Climate Change Act 2008 s.58 (National Adaptation Programmes); NAP3 2023–2028; CCC adaptation objective for the land system, from A Well-Adapted UK (CCRA4-IA, 2026)",CCC Adaptation Monitoring Framework (20 May 2026); A Well-Adapted UK — CCRA4-IA (20 May 2026),"To be confirmed — the CCC selects indicators against these targets in each adaptation progress report; the framework itself publishes objectives, targets, actions, enablers and policies rather than a data series",1,1 – Low,"Composite of protected-area extent (GIS, 0) and condition (field assessment, 1); the condition component governs (Legend 1, rules B and F).",Land (Adaptation),"Role: Adaptation target; Benchmark: Proposed target — by 2030, 30% of land should be protected for nature and by 2050 should be in good condition.; CCC key indicator: No",,[LEG-001]; [POL-002]; [POL-017],https://www.theccc.org.uk/publications/monitoring-frameworks/well-adapted-land-system/
IND-C-169,Habitat connectivity through good quality ecological corridors,CCC Adaptation Monitoring Framework,State – Habitats,Nature & Biodiversity,Adaptation target,Connectivity index / corridor extent,UK,"Climate Change Act 2008 s.58 (National Adaptation Programmes); NAP3 2023–2028; CCC adaptation objective for the land system, from A Well-Adapted UK (CCRA4-IA, 2026)",CCC Adaptation Monitoring Framework (20 May 2026); A Well-Adapted UK — CCRA4-IA (20 May 2026),"To be confirmed — the CCC selects indicators against these targets in each adaptation progress report; the framework itself publishes objectives, targets, actions, enablers and policies rather than a data series",1,1 – Low,"Connectivity through ecological corridors, from habitat mapping; enabling range shifts is the target's purpose, not a data input (Legend 1, rules B and H).",Land (Adaptation),"Role: Adaptation target; Benchmark: Proposed target — by 2050, habitat connectivity should be increased through the creation of a defined level of good quality ecological corridors.; CCC key indicator: No",,[LEG-001]; [POL-002]; [POL-017],https://www.theccc.org.uk/publications/monitoring-frameworks/well-adapted-land-system/
IND-C-170,Domestic food production as a share of food consumed,CCC Adaptation Monitoring Framework,Benefit,Land Use & Agriculture | Trade & Industry,Adaptation target,% of food consumed,UK,"Climate Change Act 2008 s.58 (National Adaptation Programmes); NAP3 2023–2028; CCC adaptation objective for the land system, from A Well-Adapted UK (CCRA4-IA, 2026)",CCC Adaptation Monitoring Framework (20 May 2026); A Well-Adapted UK — CCRA4-IA (20 May 2026),"To be confirmed — the CCC selects indicators against these targets in each adaptation progress report; the framework itself publishes objectives, targets, actions, enablers and policies rather than a data series",2,2 – Medium,Self-sufficiency is computed from production and consumption statistics; inter-annual weather moves domestic production and therefore the ratio.,Land (Adaptation),"Role: Adaptation target; Benchmark: Proposed target — from now through to 2050, domestic food production as a share of food consumed should be sustainably maintained at 60% at least.; CCC key indicator: No",,[LEG-001]; [POL-002]; [POL-017],https://www.theccc.org.uk/publications/monitoring-frameworks/well-adapted-land-system/
IND-C-171,Tree planting suitable for a future climate and species diversity of planting,CCC Adaptation Monitoring Framework,Enabling,Land Use & Agriculture | Nature & Biodiversity,Adaptation target,% of planted area / % single species,UK,"Climate Change Act 2008 s.58 (National Adaptation Programmes); NAP3 2023–2028; CCC adaptation objective for the land system, from A Well-Adapted UK (CCRA4-IA, 2026)",CCC Adaptation Monitoring Framework (20 May 2026); A Well-Adapted UK — CCRA4-IA (20 May 2026),"To be confirmed — the CCC selects indicators against these targets in each adaptation progress report; the framework itself publishes objectives, targets, actions, enablers and policies rather than a data series",2,2 – Medium,"Share of planted area meeting future-climate suitability, assessed with site-classification tools that use climate projections as one criterion; climate data enter indirectly through the suitability test, not as the measured quantity (Legend 2, rule H).",Land (Adaptation),"Role: Adaptation target; Benchmark: Proposed target — by 2030, all trees planted should be suitable for a future climate, and no more than 65% of an area of planting should be covered by a single species.; CCC key indicator: No",,[LEG-001]; [POL-002]; [POL-017],https://www.theccc.org.uk/publications/monitoring-frameworks/well-adapted-land-system/
IND-C-172,Marine protected areas with adaptation management plans and in favourable condition,CCC Adaptation Monitoring Framework,State – Habitats,Marine & Fisheries | Nature & Biodiversity,Adaptation target,% of MPAs,UK,"Climate Change Act 2008 s.58 (National Adaptation Programmes); NAP3 2023–2028; CCC adaptation objective for the seas system, from A Well-Adapted UK (CCRA4-IA, 2026)",CCC Adaptation Monitoring Framework (20 May 2026); A Well-Adapted UK — CCRA4-IA (20 May 2026),"To be confirmed — the CCC selects indicators against these targets in each adaptation progress report; the framework itself publishes objectives, targets, actions, enablers and policies rather than a data series",1,1 – Low,"Composite of MPAs with adaptation plans (administrative) and in favourable condition (assessment); condition governs, and no climate data enter it (Legend 1, rules B, F and H).",Sea (Adaptation),"Role: Adaptation target; Benchmark: Proposed target — by 2030, marine protected areas should have adaptation management plans in place, and by 2050, should be in favourable condition.; CCC key indicator: No",,[LEG-001]; [POL-002]; [POL-017],https://www.theccc.org.uk/publications/monitoring-frameworks/well-adapted-seas-system/
IND-C-173,Commercial fish stocks sustainable under 2°C of global warming,CCC Adaptation Monitoring Framework,State – Species,Marine & Fisheries,Adaptation target,% of stocks,UK,"Climate Change Act 2008 s.58 (National Adaptation Programmes); NAP3 2023–2028; CCC adaptation objective for the seas system, from A Well-Adapted UK (CCRA4-IA, 2026)",CCC Adaptation Monitoring Framework (20 May 2026); A Well-Adapted UK — CCRA4-IA (20 May 2026),"To be confirmed — the CCC selects indicators against these targets in each adaptation progress report; the framework itself publishes objectives, targets, actions, enablers and policies rather than a data series",3,3 – High,"The target is explicitly conditioned on a warming level, so a climate scenario is part of the benchmark; stock distribution and productivity respond directly to sea temperature.",Sea (Adaptation),"Role: Adaptation target; Benchmark: Proposed target — by 2050, commercial fish stocks should be sustainable under 2°C of global warming.; CCC key indicator: No",,[LEG-001]; [POL-002]; [POL-017],https://www.theccc.org.uk/publications/monitoring-frameworks/well-adapted-seas-system/
IND-C-174,Climate-related food shortages in nutritionally important groups,CCC Adaptation Monitoring Framework,Benefit,Trade & Industry | Health,Adaptation target,Number of shortage events,UK,"Climate Change Act 2008 s.58 (National Adaptation Programmes); NAP3 2023–2028; CCC adaptation objective for the food security system, from A Well-Adapted UK (CCRA4-IA, 2026)",CCC Adaptation Monitoring Framework (20 May 2026); A Well-Adapted UK — CCRA4-IA (20 May 2026),"To be confirmed — the CCC selects indicators against these targets in each adaptation progress report; the framework itself publishes objectives, targets, actions, enablers and policies rather than a data series",3,3 – High,"The measured quantity is shortages attributed to climate, both domestic and overseas, so climatic attribution defines what is counted.",Food Security (Adaptation),"Role: Adaptation target; Benchmark: Proposed target — from now through to 2050, there should be no climate-related food shortages across entire nutritionally important groups in the UK.; CCC key indicator: No",,[LEG-001]; [POL-002]; [POL-017],https://www.theccc.org.uk/publications/monitoring-frameworks/well-adapted-food-security-system/
IND-C-175,Impact of climate-related food price inflation on household budgets,CCC Adaptation Monitoring Framework,Pressure,Trade & Industry | Finance,Adaptation target,% of household budget / price index,UK,"Climate Change Act 2008 s.58 (National Adaptation Programmes); NAP3 2023–2028; CCC adaptation objective for the food security system, from A Well-Adapted UK (CCRA4-IA, 2026)",CCC Adaptation Monitoring Framework (20 May 2026); A Well-Adapted UK — CCRA4-IA (20 May 2026),"To be confirmed — the CCC selects indicators against these targets in each adaptation progress report; the framework itself publishes objectives, targets, actions, enablers and policies rather than a data series",3,3 – High,Isolating the climate-related component of food price inflation requires attributing price movements to weather-driven supply shocks.,Food Security (Adaptation),"Role: Adaptation target; Benchmark: Proposed target — from now through to 2050, the impact of climate-related food price inflation on household budgets should be minimised.; CCC key indicator: No",,[LEG-001]; [POL-002]; [POL-017],https://www.theccc.org.uk/publications/monitoring-frameworks/well-adapted-food-security-system/
IND-C-176,Business access to climate risk and adaptation information,CCC Adaptation Monitoring Framework,Enabling,"Finance | Governance, Society & Data",Adaptation target,% of businesses,UK,"Climate Change Act 2008 s.58 (National Adaptation Programmes); NAP3 2023–2028; CCC adaptation objective for the economy and finance system, from A Well-Adapted UK (CCRA4-IA, 2026)",CCC Adaptation Monitoring Framework (20 May 2026); A Well-Adapted UK — CCRA4-IA (20 May 2026),"To be confirmed — the CCC selects indicators against these targets in each adaptation progress report; the framework itself publishes objectives, targets, actions, enablers and policies rather than a data series",0,0 – None,"Business access to climate-risk information: an access measure. no climate or weather data enter the calculation and weather does not move the value. Climate relevance of the subject is carried by Policy_Sector, not by this score (rule A).",Economy & Finance (Adaptation),"Role: Adaptation target; Benchmark: Proposed target — by 2030, all businesses should have access to useful climate risk and adaptation information.; CCC key indicator: No",,[LEG-001]; [POL-002]; [POL-017],https://www.theccc.org.uk/publications/monitoring-frameworks/well-adapted-economy-and-finance-system/
IND-C-177,Large companies with adaptation plans integrated into core business,CCC Adaptation Monitoring Framework,Enabling,"Finance | Governance, Society & Data",Adaptation target,% of large companies,UK,"Climate Change Act 2008 s.58 (National Adaptation Programmes); NAP3 2023–2028; CCC adaptation objective for the economy and finance system, from A Well-Adapted UK (CCRA4-IA, 2026)",CCC Adaptation Monitoring Framework (20 May 2026); A Well-Adapted UK — CCRA4-IA (20 May 2026),"To be confirmed — the CCC selects indicators against these targets in each adaptation progress report; the framework itself publishes objectives, targets, actions, enablers and policies rather than a data series",0,0 – None,"Count of large companies with integrated adaptation plans. no climate or weather data enter the calculation and weather does not move the value. Climate relevance of the subject is carried by Policy_Sector, not by this score (rule A).",Economy & Finance (Adaptation),"Role: Adaptation target; Benchmark: Proposed target — by 2035, all large companies should have high-quality adaptation plans integrated into core business functions.; CCC key indicator: No",,[LEG-001]; [POL-002]; [POL-017],https://www.theccc.org.uk/publications/monitoring-frameworks/well-adapted-economy-and-finance-system/
IND-C-178,Workplace illness and accidents due to heat,CCC Adaptation Monitoring Framework,Pressure,Health | Trade & Industry,Adaptation target,"Cases per 100,000 workers",UK,"Climate Change Act 2008 s.58 (National Adaptation Programmes); NAP3 2023–2028; CCC adaptation objective for the economy and finance system, from A Well-Adapted UK (CCRA4-IA, 2026)",CCC Adaptation Monitoring Framework (20 May 2026); A Well-Adapted UK — CCRA4-IA (20 May 2026),"To be confirmed — the CCC selects indicators against these targets in each adaptation progress report; the framework itself publishes objectives, targets, actions, enablers and policies rather than a data series",3,3 – High,"The measured quantity is explicitly the heat-attributable subset of workplace illness and accidents, so temperature defines the count.",Economy & Finance (Adaptation),"Role: Adaptation target; Benchmark: Proposed target — from now through to 2050, rates of workplace illness and accidents due to heat should not rise.; CCC key indicator: No",,[LEG-001]; [POL-002]; [POL-017],https://www.theccc.org.uk/publications/monitoring-frameworks/well-adapted-economy-and-finance-system/
IND-C-179,PRA-regulated banks and insurers quantifying physical climate risk,CCC Adaptation Monitoring Framework,Enabling,Finance,Adaptation target,% of regulated firms,UK,"Climate Change Act 2008 s.58 (National Adaptation Programmes); NAP3 2023–2028; CCC adaptation objective for the economy and finance system, from A Well-Adapted UK (CCRA4-IA, 2026)",CCC Adaptation Monitoring Framework (20 May 2026); A Well-Adapted UK — CCRA4-IA (20 May 2026),"To be confirmed — the CCC selects indicators against these targets in each adaptation progress report; the framework itself publishes objectives, targets, actions, enablers and policies rather than a data series",0,0 – None,"Count of PRA-regulated firms quantifying physical climate risk; the firms use climate data, but the indicator counts firms (rules A and H).",Economy & Finance (Adaptation),"Role: Adaptation target; Benchmark: Proposed target — by 2030, all Prudential Regulation Authority regulated banks and insurers should be quantitively assessing current and future physical climate risks and how adaptation interventions can reduce these risks.; CCC key indicator: No",,[LEG-001]; [POL-002]; [POL-017],https://www.theccc.org.uk/publications/monitoring-frameworks/well-adapted-economy-and-finance-system/
IND-C-180,UK insurance protection gap under climate change,CCC Adaptation Monitoring Framework,Pressure,Finance,Adaptation target,Protection gap (£ / %),UK,"Climate Change Act 2008 s.58 (National Adaptation Programmes); NAP3 2023–2028; CCC adaptation objective for the economy and finance system, from A Well-Adapted UK (CCRA4-IA, 2026)",CCC Adaptation Monitoring Framework (20 May 2026); A Well-Adapted UK — CCRA4-IA (20 May 2026),"To be confirmed — the CCC selects indicators against these targets in each adaptation progress report; the framework itself publishes objectives, targets, actions, enablers and policies rather than a data series",3,3 – High,"The target is the climate-driven component of the protection gap, which requires attributing insured and uninsured losses to climate hazards.",Economy & Finance (Adaptation),"Role: Adaptation target; Benchmark: Proposed target — from now through to 2050, the UK insurance protection gap should not grow due to climate change.; CCC key indicator: No",,[LEG-001]; [POL-002]; [POL-017],https://www.theccc.org.uk/publications/monitoring-frameworks/well-adapted-economy-and-finance-system/
IND-C-181,Public debt and deficits under foreseeable climate impacts,CCC Adaptation Monitoring Framework,Enabling,"Finance | Governance, Society & Data",Adaptation target,% of GDP,UK,"Climate Change Act 2008 s.58 (National Adaptation Programmes); NAP3 2023–2028; CCC adaptation objective for the economy and finance system, from A Well-Adapted UK (CCRA4-IA, 2026)",CCC Adaptation Monitoring Framework (20 May 2026); A Well-Adapted UK — CCRA4-IA (20 May 2026),"To be confirmed — the CCC selects indicators against these targets in each adaptation progress report; the framework itself publishes objectives, targets, actions, enablers and policies rather than a data series",2,2 – Medium,"Fiscal aggregates are accounting quantities, but the target assesses them in the presence of modelled climate impacts, so climate scenarios enter the assessment.",Economy & Finance (Adaptation),"Role: Adaptation target; Benchmark: Proposed target — from now through to 2050, public debt and deficits should meet fiscal rules when assessed in the presence of foreseeable but unpredictable climate impacts.; CCC key indicator: No",,[LEG-001]; [POL-002]; [POL-017],https://www.theccc.org.uk/publications/monitoring-frameworks/well-adapted-economy-and-finance-system/
IND-C-182,Inflation resilience to climate conditions,CCC Adaptation Monitoring Framework,Enabling,Finance,Adaptation target,Inflation rate / deviation,UK,"Climate Change Act 2008 s.58 (National Adaptation Programmes); NAP3 2023–2028; CCC adaptation objective for the economy and finance system, from A Well-Adapted UK (CCRA4-IA, 2026)",CCC Adaptation Monitoring Framework (20 May 2026); A Well-Adapted UK — CCRA4-IA (20 May 2026),"To be confirmed — the CCC selects indicators against these targets in each adaptation progress report; the framework itself publishes objectives, targets, actions, enablers and policies rather than a data series",2,2 – Medium,"Inflation is a price statistic; the target assesses its sensitivity to climate conditions over a multi-year horizon, which requires climate attribution.",Economy & Finance (Adaptation),"Role: Adaptation target; Benchmark: Proposed target — from now through to 2050, inflation should be resilient to climate conditions and climate impacts should not prevent the Monetary Policy Committee from delivering on its remit over a multi-year horizon.; CCC key indicator: No",,[LEG-001]; [POL-002]; [POL-017],https://www.theccc.org.uk/publications/monitoring-frameworks/well-adapted-economy-and-finance-system/
IND-C-183,Global adaptive capacity,CCC Adaptation Monitoring Framework,Enabling,"Governance, Society & Data | Climate",Adaptation target,Adaptive capacity index,UK,"Climate Change Act 2008 s.58 (National Adaptation Programmes); NAP3 2023–2028; CCC adaptation objective for the national security and international engagement system, from A Well-Adapted UK (CCRA4-IA, 2026)",CCC Adaptation Monitoring Framework (20 May 2026); A Well-Adapted UK — CCRA4-IA (20 May 2026),"To be confirmed — the CCC selects indicators against these targets in each adaptation progress report; the framework itself publishes objectives, targets, actions, enablers and policies rather than a data series",2,2 – Medium,"A global measure of the ability to adapt, assessed against exposure and projected climate risk rather than computed from weather data.",National Security & International Engagement (Adaptation),"Role: Adaptation target; Benchmark: Proposed target — from now through to 2050, the ability to adapt to climate change should be increased globally.; CCC key indicator: No",,[LEG-001]; [POL-002]; [POL-017],https://www.theccc.org.uk/publications/monitoring-frameworks/well-adapted-national-security-and-international-engagement-system/
IND-C-184,UK international climate finance weighted to adaptation,CCC Adaptation Monitoring Framework,Enabling,"Finance | Governance, Society & Data",Adaptation target,£ / % of climate finance,UK,"Climate Change Act 2008 s.58 (National Adaptation Programmes); NAP3 2023–2028; CCC adaptation objective for the national security and international engagement system, from A Well-Adapted UK (CCRA4-IA, 2026)",CCC Adaptation Monitoring Framework (20 May 2026); A Well-Adapted UK — CCRA4-IA (20 May 2026),"To be confirmed — the CCC selects indicators against these targets in each adaptation progress report; the framework itself publishes objectives, targets, actions, enablers and policies rather than a data series",0,0 – None,"Share of UK international climate finance directed to adaptation. no climate or weather data enter the calculation and weather does not move the value. Climate relevance of the subject is carried by Policy_Sector, not by this score (rule A).",National Security & International Engagement (Adaptation),"Role: Adaptation target; Benchmark: Proposed target — from now through to 2050, UK-provided international finance should give sufficient weight to climate change adaptation and should be effective in building climate resilience.; CCC key indicator: No",,[LEG-001]; [POL-002]; [POL-017],https://www.theccc.org.uk/publications/monitoring-frameworks/well-adapted-national-security-and-international-engagement-system/
