Record_ID,Indicator_Name,Source_Framework,NCF_Category,Policy_Sector,Indicator_Type,Units_Measure,Scope,Policy_Goal,Source_Reference,Data_Source,Climate_Score,Climate_Dependency,Climate_Rationale,Source_Organisation,GBF_Targets_Clean,Policy_Links
IPBES-N-001,Aboveground biomass,IPBES Global Assessment,State – Habitats,Nature & Biodiversity | Climate | Energy,Habitat extent / condition,GtC (gigatonnes of carbon); trend (% per decade),Global,Kunming-Montreal GBF: Relevant to GBF Goal A (biodiversity status and trends) and GBF monitoring framework headline indicators. Informs IPBES Global Assessment chapters on status and trends of nature for SDG 15 (Life on Land) and SDG 14 (Life Below Water).,IPBES Global Assessment (2019); GA Supplementary Materials – Table 1 (Ch 2.2). 1993–2012.,https://ipbes.net/global-assessment,2,2 – Medium,Climate change alters biomass through shifting temperature and moisture regimes; remote sensing inputs include NDVI time series affected by inter-annual climate variability.,IPBES,GBF-GoalA; GBF-T2,[INT-L-004]; [INT-L-007]
IPBES-N-002,BHI – overall habitat integrity,IPBES Global Assessment,State – Habitats,Nature & Biodiversity,Habitat extent / condition,Index (0–1); ~70% of 2005 baseline (−0.11%/decade),Global,Kunming-Montreal GBF: Relevant to GBF Goal A (biodiversity status and trends) and GBF monitoring framework headline indicators. Informs IPBES Global Assessment chapters on status and trends of nature for SDG 15 (Life on Land) and SDG 14 (Life Below Water).,IPBES Global Assessment (2019); GA Supplementary Materials – Table 1 (Ch 2.2). 2005–2015.,https://ipbes.net/global-assessment,1,1 – Low,BHI uses land-use inputs with species distribution models; climate is a background driver of land-cover change but not a direct BHI input variable.,IPBES,GBF-T1; GBF-T2,[INT-L-004]; [INT-L-007]
IPBES-N-003,BHI – overall habitat integrity (Hotspots),IPBES Global Assessment,State – Habitats,Nature & Biodiversity,Habitat extent / condition,Index (0–1); ~58% of 2005 baseline in biodiversity hotspots (−0.88%/decade),Global,Kunming-Montreal GBF: Relevant to GBF Goal A (biodiversity status and trends) and GBF monitoring framework headline indicators. Informs IPBES Global Assessment chapters on status and trends of nature for SDG 15 (Life on Land) and SDG 14 (Life Below Water).,IPBES Global Assessment (2019); GA Supplementary Materials – Table 1 (Ch 2.2). 2005–2015.,https://ipbes.net/global-assessment,1,1 – Low,As BHI overall; disaggregated to biodiversity hotspots which may have distinct climate exposure.,IPBES,GBF-T1; GBF-T2,[INT-L-004]; [INT-L-007]
IPBES-N-004,Coastal carbon-rich habitat,IPBES Global Assessment,State – Habitats,Nature & Biodiversity | Marine & Fisheries | Climate,Habitat extent / condition,Area (Mha); trend −5.61%/decade (1980–2017),Global,Kunming-Montreal GBF: Relevant to GBF Goal A (biodiversity status and trends) and GBF monitoring framework headline indicators. Informs IPBES Global Assessment chapters on status and trends of nature for SDG 15 (Life on Land) and SDG 14 (Life Below Water).,IPBES Global Assessment (2019); GA Supplementary Materials – Table 1 (Ch 2.2). 1980–2017.,https://ipbes.net/global-assessment,2,2 – Medium,"Coastal carbon-rich habitats (mangrove, saltmarsh, seagrass) are sensitive to sea-level rise and storm surges; monitoring via remote sensing incorporates weather-driven signal variation.",IPBES,GBF-T2; GBF-T3,[INT-L-004]; [INT-L-007]
IPBES-N-005,Coastal protection habitats,IPBES Global Assessment,State – Habitats,Nature & Biodiversity | Marine & Fisheries,Habitat extent / condition,"Area (Mha) of coral reefs, mangroves and saltmarshes providing coastal protection",Global,Kunming-Montreal GBF: Relevant to GBF Goal A (biodiversity status and trends) and GBF monitoring framework headline indicators. Informs IPBES Global Assessment chapters on status and trends of nature for SDG 15 (Life on Land) and SDG 14 (Life Below Water).,IPBES Global Assessment (2019); GA Supplementary Materials – Table 1 (Ch 2.2).,https://ipbes.net/global-assessment,3,3 – High,Coral reefs are directly undermined by ocean warming (bleaching) and acidification; mangrove loss accelerated by sea-level rise; strong climate dependency.,IPBES,GBF-T2; GBF-T3; GBF-T8,[INT-L-004]; [INT-L-007]
IPBES-N-006,Extent of forests,IPBES Global Assessment,State – Habitats,Nature & Biodiversity | Land Use & Agriculture,Habitat extent / condition,Million ha; trend (% per decade),Global,Kunming-Montreal GBF: Relevant to GBF Goal A (biodiversity status and trends) and GBF monitoring framework headline indicators. Informs IPBES Global Assessment chapters on status and trends of nature for SDG 15 (Life on Land) and SDG 14 (Life Below Water).,IPBES Global Assessment (2019); GA Supplementary Materials – Table 1 (Ch 2.2). FAO FRA.,https://ipbes.net/global-assessment,1,1 – Low,Forest area tracked by FAO FRA and remote sensing; climate is a long-term driver of forest extent but not a direct input to area calculations; fire risk increasing under climate change.,IPBES,GBF-T2; GBF-T3; GBF-T10,[INT-L-004]; [INT-L-007]
IPBES-N-007,Extent of intact forest landscapes,IPBES Global Assessment,State – Habitats,Nature & Biodiversity | Land Use & Agriculture,Habitat extent / condition,Million ha of IFL; trend (% per decade),Global,Kunming-Montreal GBF: Relevant to GBF Goal A (biodiversity status and trends) and GBF monitoring framework headline indicators. Informs IPBES Global Assessment chapters on status and trends of nature for SDG 15 (Life on Land) and SDG 14 (Life Below Water).,IPBES Global Assessment (2019); GA Supplementary Materials – Table 1 (Ch 2.2). Potapov et al. 2017.,https://ipbes.net/global-assessment,1,1 – Low,Intact forest landscapes mapped from high-resolution remote sensing; climate affects fire disturbance within IFLs but mapping methodology is primarily land-use based.,IPBES,GBF-T1; GBF-T2; GBF-T3,[INT-L-004]; [INT-L-007]
IPBES-N-008,Extent of marine wilderness,IPBES Global Assessment,State – Habitats,Nature & Biodiversity | Marine & Fisheries,Habitat extent / condition,% of ocean classified as marine wilderness,Global,Kunming-Montreal GBF: Relevant to GBF Goal A (biodiversity status and trends) and GBF monitoring framework headline indicators. Informs IPBES Global Assessment chapters on status and trends of nature for SDG 15 (Life on Land) and SDG 14 (Life Below Water).,IPBES Global Assessment (2019); GA Supplementary Materials – Table 1 (Ch 2.2). Jones et al. 2018.,https://ipbes.net/global-assessment,1,1 – Low,Marine wilderness mapped from human impact data; climate warming shifts ocean conditions but direct climate data are not inputs to the wilderness mapping layer.,IPBES,GBF-T3,[INT-L-004]; [INT-L-007]
IPBES-N-009,Extent of terrestrial wilderness,IPBES Global Assessment,State – Habitats,Nature & Biodiversity,Habitat extent / condition,% of land classified as terrestrial wilderness,Global,Kunming-Montreal GBF: Relevant to GBF Goal A (biodiversity status and trends) and GBF monitoring framework headline indicators. Informs IPBES Global Assessment chapters on status and trends of nature for SDG 15 (Life on Land) and SDG 14 (Life Below Water).,IPBES Global Assessment (2019); GA Supplementary Materials – Table 1 (Ch 2.2). Watson et al. 2016.,https://ipbes.net/global-assessment,1,1 – Low,Terrestrial wilderness mapped from human footprint data; climate is a background driver of biome extent but not a direct input to the wilderness classification.,IPBES,GBF-T1; GBF-T3,[INT-L-004]; [INT-L-007]
IPBES-N-010,Fraction of ocean not fished per year,IPBES Global Assessment,State – Habitats,Nature & Biodiversity | Marine & Fisheries,Habitat extent / condition,% of global ocean area; trend (% per decade),Global,Kunming-Montreal GBF: Relevant to GBF Goal A (biodiversity status and trends) and GBF monitoring framework headline indicators. Informs IPBES Global Assessment chapters on status and trends of nature for SDG 15 (Life on Land) and SDG 14 (Life Below Water).,IPBES Global Assessment (2019); GA Supplementary Materials – Table 1 (Ch 2.2). Watson et al.,https://ipbes.net/global-assessment,1,1 – Low,Fishing effort derived from logbook and AIS data; ocean temperature can affect species distribution and hence fishing grounds but is not a direct input.,IPBES,GBF-T3; GBF-T5,[INT-L-004]; [INT-L-007]
IPBES-N-011,Land not cultivated or urban,IPBES Global Assessment,State – Habitats,Nature & Biodiversity | Land Use & Agriculture | Urban & Buildings,Habitat extent / condition,% of global land area not under cultivation or urban development,Global,Kunming-Montreal GBF: Relevant to GBF Goal A (biodiversity status and trends) and GBF monitoring framework headline indicators. Informs IPBES Global Assessment chapters on status and trends of nature for SDG 15 (Life on Land) and SDG 14 (Life Below Water).,IPBES Global Assessment (2019); GA Supplementary Materials – Table 1 (Ch 2.2). HYDE/FAO.,https://ipbes.net/global-assessment,1,1 – Low,Land use classified from remote sensing and census data; climate influences agricultural frontiers but not the primary classification metric.,IPBES,GBF-T1; GBF-T2,[INT-L-004]; [INT-L-007]
IPBES-N-012,Land not cultivated or urban (Hotspots),IPBES Global Assessment,State – Habitats,Nature & Biodiversity | Urban & Buildings,Habitat extent / condition,% of land in biodiversity hotspots not under cultivation or urban development,Global,Kunming-Montreal GBF: Relevant to GBF Goal A (biodiversity status and trends) and GBF monitoring framework headline indicators. Informs IPBES Global Assessment chapters on status and trends of nature for SDG 15 (Life on Land) and SDG 14 (Life Below Water).,IPBES Global Assessment (2019); GA Supplementary Materials – Table 1 (Ch 2.2). HYDE/FAO – disaggregated to hotspots.,https://ipbes.net/global-assessment,1,1 – Low,As main indicator; disaggregation to hotspots highlights land-use pressure where climate exposure is also often elevated.,IPBES,GBF-T1; GBF-T2,[INT-L-004]; [INT-L-007]
IPBES-N-013,Land not cultivated or urban (Indigenous Lands),IPBES Global Assessment,State – Habitats,"Nature & Biodiversity | Urban & Buildings | Governance, Society & Data",Habitat extent / condition,% of Indigenous and Community Conserved Areas not under cultivation or urban development,Global,Kunming-Montreal GBF: Relevant to GBF Goal A (biodiversity status and trends) and GBF monitoring framework headline indicators. Informs IPBES Global Assessment chapters on status and trends of nature for SDG 15 (Life on Land) and SDG 14 (Life Below Water).,IPBES Global Assessment (2019); GA Supplementary Materials – Table 1 (Ch 2.2). HYDE/FAO – disaggregated to indigenous lands.,https://ipbes.net/global-assessment,1,1 – Low,As main indicator; disaggregated to indigenous land tenures; direct climate data not an input.,IPBES,GBF-T1; GBF-T2; GBF-T22,[INT-L-004]; [INT-L-007]
IPBES-N-014,Leaf Area Index,IPBES Global Assessment,State – Habitats,Nature & Biodiversity,Habitat extent / condition,m²/m² (dimensionless; higher = denser canopy),Global,Kunming-Montreal GBF: Relevant to GBF Goal A (biodiversity status and trends) and GBF monitoring framework headline indicators. Informs IPBES Global Assessment chapters on status and trends of nature for SDG 15 (Life on Land) and SDG 14 (Life Below Water).,IPBES Global Assessment (2019); GA Supplementary Materials – Table 1 (Ch 2.2). MODIS remote sensing.,https://ipbes.net/global-assessment,3,3 – High,LAI is a direct function of growing-season temperature and precipitation; MODIS-derived LAI time series reflects inter-annual climate variability including drought and heat stress.,IPBES,GBF-GoalA; GBF-T2,[INT-L-004]; [INT-L-007]
IPBES-N-015,Mangrove forest area,IPBES Global Assessment,State – Habitats,Nature & Biodiversity | Land Use & Agriculture,Habitat extent / condition,Million ha; trend (% per decade),Global,Kunming-Montreal GBF: Relevant to GBF Goal A (biodiversity status and trends) and GBF monitoring framework headline indicators. Informs IPBES Global Assessment chapters on status and trends of nature for SDG 15 (Life on Land) and SDG 14 (Life Below Water).,IPBES Global Assessment (2019); GA Supplementary Materials – Table 1 (Ch 2.2). GMW/JAXA. 1996–2016.,https://ipbes.net/global-assessment,2,2 – Medium,"Mangrove distribution sensitive to sea-level rise, cyclone frequency and temperature extremes; remote sensing mapping captures climate-driven losses.",IPBES,GBF-T2; GBF-T3,[INT-L-004]; [INT-L-007]
IPBES-N-016,Natural habitat extent,IPBES Global Assessment,State – Habitats,Nature & Biodiversity | Land Use & Agriculture,Habitat extent / condition,% of land; trend (% per decade),Global,Kunming-Montreal GBF: Relevant to GBF Goal A (biodiversity status and trends) and GBF monitoring framework headline indicators. Informs IPBES Global Assessment chapters on status and trends of nature for SDG 15 (Life on Land) and SDG 14 (Life Below Water).,IPBES Global Assessment (2019); GA Supplementary Materials – Table 1 (Ch 2.2). ESA CCI / MODIS land cover.,https://ipbes.net/global-assessment,1,1 – Low,Natural habitat extent mapped from satellite land-cover classifications; climate drives some habitat transitions (savannah–forest boundary) but is not a direct classification input.,IPBES,GBF-T1; GBF-T2,[INT-L-004]; [INT-L-007]
IPBES-N-017,Percentage live coral cover,IPBES Global Assessment,State – Habitats,Nature & Biodiversity,Habitat extent / condition,% of reef area with live coral cover,Global,Kunming-Montreal GBF: Relevant to GBF Goal A (biodiversity status and trends) and GBF monitoring framework headline indicators. Informs IPBES Global Assessment chapters on status and trends of nature for SDG 15 (Life on Land) and SDG 14 (Life Below Water).,IPBES Global Assessment (2019); GA Supplementary Materials – Table 1 (Ch 2.2). GCRMN. ~2018.,https://ipbes.net/global-assessment,3,3 – High,Live coral cover is directly driven by sea surface temperature anomalies causing bleaching; thermal stress (DHW) from climate change is the dominant driver of global coral decline.,IPBES,GBF-T3; GBF-T8,[INT-L-004]; [INT-L-007]
IPBES-N-018,Permanent surface water extent,IPBES Global Assessment,State – Habitats,Nature & Biodiversity | Water,Habitat extent / condition,Million km²; trend (% per decade),Global,Kunming-Montreal GBF: Relevant to GBF Goal A (biodiversity status and trends) and GBF monitoring framework headline indicators. Informs IPBES Global Assessment chapters on status and trends of nature for SDG 15 (Life on Land) and SDG 14 (Life Below Water).,IPBES Global Assessment (2019); GA Supplementary Materials – Table 1 (Ch 2.2). Pekel et al. 2016. 1984–2015.,https://ipbes.net/global-assessment,2,2 – Medium,"Permanent surface water extent is directly affected by precipitation patterns, evaporation and temperature; inter-annual Landsat time series reflects ENSO and long-term drying trends.",IPBES,GBF-T2; GBF-T3,[INT-L-004]; [INT-L-007]
IPBES-N-019,Remaining primary vegetation,IPBES Global Assessment,State – Habitats,Nature & Biodiversity,Habitat extent / condition,% of original primary vegetation biome extent remaining,Global,Kunming-Montreal GBF: Relevant to GBF Goal A (biodiversity status and trends) and GBF monitoring framework headline indicators. Informs IPBES Global Assessment chapters on status and trends of nature for SDG 15 (Life on Land) and SDG 14 (Life Below Water).,IPBES Global Assessment (2019); GA Supplementary Materials – Table 1 (Ch 2.2). Potapov et al.; MODIS/Landsat.,https://ipbes.net/global-assessment,1,1 – Low,Primary vegetation extent assessed from remote sensing; climate shifts biome boundaries over long time scales but is not a direct input to primary vegetation mapping.,IPBES,GBF-T1; GBF-T2,[INT-L-004]; [INT-L-007]
IPBES-N-020,Remaining primary vegetation (Hotspots),IPBES Global Assessment,State – Habitats,Nature & Biodiversity,Habitat extent / condition,% of original primary vegetation remaining in biodiversity hotspots,Global,Kunming-Montreal GBF: Relevant to GBF Goal A (biodiversity status and trends) and GBF monitoring framework headline indicators. Informs IPBES Global Assessment chapters on status and trends of nature for SDG 15 (Life on Land) and SDG 14 (Life Below Water).,IPBES Global Assessment (2019); GA Supplementary Materials – Table 1 (Ch 2.2). Disaggregated to biodiversity hotspots.,https://ipbes.net/global-assessment,1,1 – Low,As N-019; disaggregated to hotspots where land-use and climate pressures often coincide.,IPBES,GBF-T1; GBF-T2,[INT-L-004]; [INT-L-007]
IPBES-N-021,Remaining primary vegetation (Indigenous Lands),IPBES Global Assessment,State – Habitats,"Nature & Biodiversity | Governance, Society & Data",Habitat extent / condition,% of original primary vegetation remaining in indigenous and community-managed lands,Global,Kunming-Montreal GBF: Relevant to GBF Goal A (biodiversity status and trends) and GBF monitoring framework headline indicators. Informs IPBES Global Assessment chapters on status and trends of nature for SDG 15 (Life on Land) and SDG 14 (Life Below Water).,IPBES Global Assessment (2019); GA Supplementary Materials – Table 1 (Ch 2.2). Disaggregated to indigenous land tenures.,https://ipbes.net/global-assessment,1,1 – Low,As N-019; disaggregated to indigenous territories; highlights role of indigenous management in primary vegetation retention.,IPBES,GBF-T1; GBF-T2; GBF-T22,[INT-L-004]; [INT-L-007]
IPBES-N-022,Seagrass meadow area,IPBES Global Assessment,State – Habitats,Nature & Biodiversity | Marine & Fisheries,Habitat extent / condition,Million ha; trend (% per decade),Global,Kunming-Montreal GBF: Relevant to GBF Goal A (biodiversity status and trends) and GBF monitoring framework headline indicators. Informs IPBES Global Assessment chapters on status and trends of nature for SDG 15 (Life on Land) and SDG 14 (Life Below Water).,IPBES Global Assessment (2019); GA Supplementary Materials – Table 1 (Ch 2.2). Short et al.; Waycott et al. 2009.,https://ipbes.net/global-assessment,2,2 – Medium,"Seagrass extent is sensitive to water temperature, turbidity (driven by storm runoff) and storm damage; thermal stress drives losses in some regions.",IPBES,GBF-T2; GBF-T3,[INT-L-004]; [INT-L-007]
IPBES-N-023,Soil organic carbon (correlative model),IPBES Global Assessment,State – Habitats,Nature & Biodiversity | Land Use & Agriculture | Climate,Habitat extent / condition,GtC; trend (% per decade),Global,Kunming-Montreal GBF: Relevant to GBF Goal A (biodiversity status and trends) and GBF monitoring framework headline indicators. Informs IPBES Global Assessment chapters on status and trends of nature for SDG 15 (Life on Land) and SDG 14 (Life Below Water).,IPBES Global Assessment (2019); GA Supplementary Materials – Table 1 (Ch 2.2). Correlative soil carbon model.,https://ipbes.net/global-assessment,2,2 – Medium,Soil organic carbon decomposition rates are strongly temperature-dependent; precipitation affects carbon inputs through plant productivity; correlative model uses climate as a predictor.,IPBES,GBF-T2; GBF-T10,[INT-L-004]; [INT-L-007]
IPBES-N-024,Soil organic carbon (mechanistic models),IPBES Global Assessment,State – Habitats,Nature & Biodiversity | Land Use & Agriculture | Climate,Habitat extent / condition,GtC; trend from Earth System Models,Global,Kunming-Montreal GBF: Relevant to GBF Goal A (biodiversity status and trends) and GBF monitoring framework headline indicators. Informs IPBES Global Assessment chapters on status and trends of nature for SDG 15 (Life on Land) and SDG 14 (Life Below Water).,IPBES Global Assessment (2019); GA Supplementary Materials – Table 1 (Ch 2.2). Mechanistic model ensemble.,https://ipbes.net/global-assessment,3,3 – High,"Mechanistic soil carbon models (e.g. RothC, CENTURY, ESMs) use temperature and precipitation as primary drivers; climate projections directly determine future SOC trajectories.",IPBES,GBF-T2; GBF-T10,[INT-L-004]; [INT-L-007]
IPBES-N-025,Tree cover,IPBES Global Assessment,State – Habitats,Nature & Biodiversity | Land Use & Agriculture,Habitat extent / condition,% of land area; trend (% per decade),Global,Kunming-Montreal GBF: Relevant to GBF Goal A (biodiversity status and trends) and GBF monitoring framework headline indicators. Informs IPBES Global Assessment chapters on status and trends of nature for SDG 15 (Life on Land) and SDG 14 (Life Below Water).,IPBES Global Assessment (2019); GA Supplementary Materials – Table 1 (Ch 2.2). Hansen et al. 2013 (Hansen/UMD Landsat).,https://ipbes.net/global-assessment,2,2 – Medium,Tree cover change driven by land use and increasingly by climate-induced fire; Landsat annual maps capture fire-driven losses; climate warming extends fire seasons.,IPBES,GBF-T2; GBF-T3; GBF-T10,[INT-L-004]; [INT-L-007]
IPBES-N-026,Vegetation biomass (mechanistic models),IPBES Global Assessment,State – Habitats,Nature & Biodiversity | Energy,Habitat extent / condition,GtC; trend from Dynamic Global Vegetation Model ensemble,Global,Kunming-Montreal GBF: Relevant to GBF Goal A (biodiversity status and trends) and GBF monitoring framework headline indicators. Informs IPBES Global Assessment chapters on status and trends of nature for SDG 15 (Life on Land) and SDG 14 (Life Below Water).,IPBES Global Assessment (2019); GA Supplementary Materials – Table 1 (Ch 2.2). DGVM ensemble.,https://ipbes.net/global-assessment,3,3 – High,"Dynamic Global Vegetation Models use temperature, precipitation and CO₂ as primary inputs; climate is the dominant driver of inter-annual and long-term vegetation biomass variation.",IPBES,GBF-GoalA; GBF-T2,[INT-L-004]; [INT-L-007]
IPBES-N-027,Wetland Extent Trends Index,IPBES Global Assessment,State – Habitats,Nature & Biodiversity | Water,Habitat extent / condition,Index (baseline = 100); % change in natural wetland area,Global,Kunming-Montreal GBF: Relevant to GBF Targets 2 and 3. SDG 6.6 (protect and restore water-related ecosystems including wetlands); SDG 15.1 (conservation of inland freshwater ecosystems). Also relevant to Ramsar Convention monitoring.,IPBES Global Assessment (2019); GA Supplementary Materials – Table 1 (Ch 2.2). Highlighted indicator. Ramsar / WETLANDS International.,https://ipbes.net/global-assessment,2,2 – Medium,"Wetland extent strongly affected by rainfall patterns, drought cycles and evapotranspiration; precipitation is a direct input to hydrological wetland extent models.",IPBES,GBF-T2; GBF-T3,[INT-L-004]; [INT-L-007]; [INT-P-001]
IPBES-N-028,Biological pump efficiency,IPBES Global Assessment,State – Habitats,Nature & Biodiversity | Marine & Fisheries | Trade & Industry,Habitat extent / condition,Carbon export flux (GtC/yr) to deep ocean,Global,Kunming-Montreal GBF: Relevant to GBF Goal A (biodiversity status and trends) and GBF monitoring framework headline indicators. Informs IPBES Global Assessment chapters on status and trends of nature for SDG 15 (Life on Land) and SDG 14 (Life Below Water).,IPBES Global Assessment (2019); GA Supplementary Materials – Table 1 (Ch 2.2). Global biogeochemical models.,https://ipbes.net/global-assessment,3,3 – High,"Biological pump efficiency is directly determined by ocean temperature, stratification and nutrient supply driven by climate variability; warming reduces pump efficiency by shoaling thermocline.",IPBES,GBF-GoalA; GBF-T3,[INT-L-004]; [INT-L-007]
IPBES-N-029,Biomass turnover rate,IPBES Global Assessment,State – Habitats,Nature & Biodiversity | Land Use & Agriculture | Energy,Habitat extent / condition,Year⁻¹ (fraction of biomass turned over per year),Global,Kunming-Montreal GBF: Relevant to GBF Goal A (biodiversity status and trends) and GBF monitoring framework headline indicators. Informs IPBES Global Assessment chapters on status and trends of nature for SDG 15 (Life on Land) and SDG 14 (Life Below Water).,IPBES Global Assessment (2019); GA Supplementary Materials – Table 1 (Ch 2.2). DGVM / forest inventory synthesis.,https://ipbes.net/global-assessment,2,2 – Medium,"Biomass turnover is controlled by temperature (respiration, decomposition) and moisture (drought-induced mortality); climate projections affect future turnover trajectories.",IPBES,GBF-GoalA,[INT-L-004]; [INT-L-007]
IPBES-N-030,Evapotranspiration (model ensemble),IPBES Global Assessment,State – Habitats,Nature & Biodiversity,Habitat extent / condition,km³/year (global terrestrial ET); trend,Global,Kunming-Montreal GBF: Relevant to GBF Goal A (biodiversity status and trends) and GBF monitoring framework headline indicators. Informs IPBES Global Assessment chapters on status and trends of nature for SDG 15 (Life on Land) and SDG 14 (Life Below Water).,IPBES Global Assessment (2019); GA Supplementary Materials – Table 1 (Ch 2.2). FLUXCOM / multi-model ensemble.,https://ipbes.net/global-assessment,3,3 – High,"Evapotranspiration is a direct function of temperature, vapour pressure deficit and radiation; climate warming is the primary long-term driver; ET models use temperature and precipitation as primary inputs.",IPBES,GBF-GoalA,[INT-L-004]; [INT-L-007]
IPBES-N-031,Marine NPP (remote sensing),IPBES Global Assessment,State – Habitats,Nature & Biodiversity | Marine & Fisheries,Habitat extent / condition,GtC/year (global ocean); trend (% per decade),Global,Kunming-Montreal GBF: Relevant to GBF Goal A (biodiversity status and trends) and GBF monitoring framework headline indicators. Informs IPBES Global Assessment chapters on status and trends of nature for SDG 15 (Life on Land) and SDG 14 (Life Below Water).,IPBES Global Assessment (2019); GA Supplementary Materials – Table 1 (Ch 2.2). VGPM/Eppley-VGPM from SeaWiFS/MODIS.,https://ipbes.net/global-assessment,3,3 – High,Marine NPP derived from satellite ocean colour (chlorophyll); SST is a key algorithm input and direct driver of phytoplankton productivity; stratification changes with warming reduce nutrient supply.,IPBES,GBF-GoalA; GBF-T3,[INT-L-004]; [INT-L-007]
IPBES-N-032,NPP remaining in ecosystems,IPBES Global Assessment,State – Habitats,Nature & Biodiversity,Habitat extent / condition,% of potential NPP remaining after human appropriation,Global,Kunming-Montreal GBF: Relevant to GBF Goal A (biodiversity status and trends) and GBF monitoring framework headline indicators. Informs IPBES Global Assessment chapters on status and trends of nature for SDG 15 (Life on Land) and SDG 14 (Life Below Water).,IPBES Global Assessment (2019); GA Supplementary Materials – Table 1 (Ch 2.2). Derived from HANPP and total NPP models.,https://ipbes.net/global-assessment,2,2 – Medium,NPP modelled from vegetation models that use temperature and rainfall as primary inputs; HANPP fraction affected by climate-driven productivity variability.,IPBES,GBF-GoalA; GBF-T1; GBF-T10,[INT-L-004]; [INT-L-007]
IPBES-N-033,Oceanic carbon sequestration,IPBES Global Assessment,State – Habitats,Nature & Biodiversity | Marine & Fisheries | Climate,Habitat extent / condition,GtC/year (air–sea CO₂ flux),Global,Kunming-Montreal GBF: Relevant to GBF Goal A (biodiversity status and trends) and GBF monitoring framework headline indicators. Informs IPBES Global Assessment chapters on status and trends of nature for SDG 15 (Life on Land) and SDG 14 (Life Below Water).,IPBES Global Assessment (2019); GA Supplementary Materials – Table 1 (Ch 2.2). Global carbon project / SOCAT.,https://ipbes.net/global-assessment,3,3 – High,"Ocean carbon uptake is directly controlled by atmospheric CO₂, SST and ocean circulation patterns driven by climate change; all main model inputs are climate variables.",IPBES,GBF-GoalA,[INT-L-004]; [INT-L-007]
IPBES-N-034,Terrestrial C sequestration (model ensemble),IPBES Global Assessment,State – Habitats,Nature & Biodiversity | Climate,Habitat extent / condition,GtC/year (net land carbon sink); trend,Global,Kunming-Montreal GBF: Relevant to GBF Goal A (biodiversity status and trends) and GBF monitoring framework headline indicators. Informs IPBES Global Assessment chapters on status and trends of nature for SDG 15 (Life on Land) and SDG 14 (Life Below Water).,IPBES Global Assessment (2019); GA Supplementary Materials – Table 1 (Ch 2.2). TRENDY model ensemble.,https://ipbes.net/global-assessment,3,3 – High,"Terrestrial carbon sequestration modelled by DGVMs with temperature, precipitation and CO₂ as primary inputs; climate change is the main driver of inter-annual variability in the land carbon sink.",IPBES,GBF-GoalA; GBF-T2,[INT-L-004]; [INT-L-007]
IPBES-N-035,Terrestrial NPP (model ensemble),IPBES Global Assessment,State – Habitats,Nature & Biodiversity,Habitat extent / condition,GtC/year; trend from DGVM ensemble,Global,Kunming-Montreal GBF: Relevant to GBF Goal A (biodiversity status and trends) and GBF monitoring framework headline indicators. Informs IPBES Global Assessment chapters on status and trends of nature for SDG 15 (Life on Land) and SDG 14 (Life Below Water).,IPBES Global Assessment (2019); GA Supplementary Materials – Table 1 (Ch 2.2). TRENDY/DGVM ensemble.,https://ipbes.net/global-assessment,3,3 – High,"DGVMs use temperature, precipitation and radiation as primary inputs to compute NPP; climate change directly drives long-term NPP trends through altered growing conditions.",IPBES,GBF-GoalA,[INT-L-004]; [INT-L-007]
IPBES-N-036,Terrestrial NPP (remote sensing),IPBES Global Assessment,State – Habitats,Nature & Biodiversity,Habitat extent / condition,GtC/year; trend from MODIS MOD17,Global,Kunming-Montreal GBF: Relevant to GBF Goal A (biodiversity status and trends) and GBF monitoring framework headline indicators. Informs IPBES Global Assessment chapters on status and trends of nature for SDG 15 (Life on Land) and SDG 14 (Life Below Water).,IPBES Global Assessment (2019); GA Supplementary Materials – Table 1 (Ch 2.2). MODIS MOD17 (Running et al.).,https://ipbes.net/global-assessment,3,3 – High,"MODIS NPP algorithm uses temperature, radiation and FPAR as direct inputs; climate-driven drought, heat stress and ENSO strongly affect annual values.",IPBES,GBF-GoalA,[INT-L-004]; [INT-L-007]
IPBES-N-037,Biodiversity Intactness Index – overall,IPBES Global Assessment,State – Species,Nature & Biodiversity,Species index / trend,Index (0–1); ~79% of 1900 baseline globally,Global,Kunming-Montreal GBF: GBF Goal A headline indicator (GBF-A.4). Relevant to SDG 15.5 (halt biodiversity loss). Informs GBF monitoring framework as a key component indicator.,IPBES Global Assessment (2019); GA Supplementary Materials – Table 1 (Ch 2.2). Newbold et al. 2016; PREDICTS/NHM.,https://ipbes.net/global-assessment,1,1 – Low,BII is driven primarily by land-use change in statistical models; climate is a secondary driver in some PREDICTS model variants but land use dominates.,IPBES,GBF-GoalA; GBF-T4,[INT-L-004]; [INT-L-007]; [INT-P-001]
IPBES-N-038,Biodiversity Intactness Index (Hotspots),IPBES Global Assessment,State – Species,Nature & Biodiversity,Species index / trend,Index (0–1); disaggregated to biodiversity hotspots,Global,Kunming-Montreal GBF: Relevant to GBF Goal A (biodiversity status and trends) and GBF monitoring framework headline indicators. Informs IPBES Global Assessment chapters on status and trends of nature for SDG 15 (Life on Land) and SDG 14 (Life Below Water).,IPBES Global Assessment (2019); GA Supplementary Materials – Table 1 (Ch 2.2). Disaggregated to hotspots.,https://ipbes.net/global-assessment,1,1 – Low,As N-037; disaggregated to hotspots where climate and land-use pressures often compound.,IPBES,GBF-GoalA; GBF-T4,[INT-L-004]; [INT-L-007]
IPBES-N-039,Biodiversity Intactness Index (Indigenous Lands),IPBES Global Assessment,State – Species,"Nature & Biodiversity | Governance, Society & Data",Species index / trend,Index (0–1); disaggregated to indigenous and community-managed lands,Global,Kunming-Montreal GBF: Relevant to GBF Goal A (biodiversity status and trends) and GBF monitoring framework headline indicators. Informs IPBES Global Assessment chapters on status and trends of nature for SDG 15 (Life on Land) and SDG 14 (Life Below Water).,IPBES Global Assessment (2019); GA Supplementary Materials – Table 1 (Ch 2.2). Disaggregated to indigenous territories.,https://ipbes.net/global-assessment,1,1 – Low,As N-037; disaggregated to indigenous lands; highlights higher intactness under indigenous stewardship.,IPBES,GBF-GoalA; GBF-T4; GBF-T22,[INT-L-004]; [INT-L-007]
IPBES-N-040,Local species richness (BioTime),IPBES Global Assessment,State – Species,Nature & Biodiversity,Species index / trend,Mean change in local species richness (%; BioTime assemblage database),Global,Kunming-Montreal GBF: Relevant to GBF Goal A (biodiversity status and trends) and GBF monitoring framework headline indicators. Informs IPBES Global Assessment chapters on status and trends of nature for SDG 15 (Life on Land) and SDG 14 (Life Below Water).,IPBES Global Assessment (2019); GA Supplementary Materials – Table 1 (Ch 2.2). Highlighted indicator. Dornelas et al. 2018; BioTime database.,https://ipbes.net/global-assessment,2,2 – Medium,"BioTime time-series data include many taxa (birds, fish, plants) sensitive to climate; temporal changes in local richness partly attributable to climate-driven range shifts and colonisation.",IPBES,GBF-GoalA; GBF-T4,[INT-L-004]; [INT-L-007]
IPBES-N-041,Local species richness (PREDICTS),IPBES Global Assessment,State – Species,Nature & Biodiversity | Land Use & Agriculture,Species index / trend,% difference in species richness relative to primary land use (PREDICTS database),Global,Kunming-Montreal GBF: Relevant to GBF Goal A (biodiversity status and trends) and GBF monitoring framework headline indicators. Informs IPBES Global Assessment chapters on status and trends of nature for SDG 15 (Life on Land) and SDG 14 (Life Below Water).,IPBES Global Assessment (2019); GA Supplementary Materials – Table 1 (Ch 2.2). Hudson et al. 2017; PREDICTS database.,https://ipbes.net/global-assessment,1,1 – Low,PREDICTS models attribute richness change primarily to land use; climate included as a covariate in some model versions but land use is the dominant effect.,IPBES,GBF-GoalA; GBF-T4,[INT-L-004]; [INT-L-007]
IPBES-N-042,Mean Species Abundance index,IPBES Global Assessment,State – Species,Nature & Biodiversity,Species index / trend,Index (0–1; 1 = no human impact on local abundance),Global,Kunming-Montreal GBF: Relevant to GBF Goal A (biodiversity status and trends) and GBF monitoring framework headline indicators. Informs IPBES Global Assessment chapters on status and trends of nature for SDG 15 (Life on Land) and SDG 14 (Life Below Water).,IPBES Global Assessment (2019); GA Supplementary Materials – Table 1 (Ch 2.2). Alkemade et al. 2009; GLOBIO model.,https://ipbes.net/global-assessment,1,1 – Low,MSA modelled using land-use and infrastructure as primary drivers; climate embedded as background variable affecting habitat suitability but not a direct MSA model input.,IPBES,GBF-GoalA; GBF-T4,[INT-L-004]; [INT-L-007]
IPBES-N-043,Mean Species Abundance index (Hotspots),IPBES Global Assessment,State – Species,Nature & Biodiversity,Species index / trend,Index (0–1); disaggregated to biodiversity hotspots,Global,Kunming-Montreal GBF: Relevant to GBF Goal A (biodiversity status and trends) and GBF monitoring framework headline indicators. Informs IPBES Global Assessment chapters on status and trends of nature for SDG 15 (Life on Land) and SDG 14 (Life Below Water).,IPBES Global Assessment (2019); GA Supplementary Materials – Table 1 (Ch 2.2). GLOBIO – disaggregated to hotspots.,https://ipbes.net/global-assessment,1,1 – Low,As N-042; disaggregated to hotspots.,IPBES,GBF-GoalA; GBF-T4,[INT-L-004]; [INT-L-007]
IPBES-N-044,Mean Species Abundance index (Indigenous Lands),IPBES Global Assessment,State – Species,"Nature & Biodiversity | Governance, Society & Data",Species index / trend,Index (0–1); disaggregated to indigenous and community-managed lands,Global,Kunming-Montreal GBF: Relevant to GBF Goal A (biodiversity status and trends) and GBF monitoring framework headline indicators. Informs IPBES Global Assessment chapters on status and trends of nature for SDG 15 (Life on Land) and SDG 14 (Life Below Water).,IPBES Global Assessment (2019); GA Supplementary Materials – Table 1 (Ch 2.2). GLOBIO – disaggregated to indigenous territories.,https://ipbes.net/global-assessment,1,1 – Low,As N-042; disaggregated to indigenous territories.,IPBES,GBF-GoalA; GBF-T4; GBF-T22,[INT-L-004]; [INT-L-007]
IPBES-N-045,Tropical forest BII (overall),IPBES Global Assessment,State – Species,Nature & Biodiversity | Land Use & Agriculture,Species index / trend,Index (0–1); disaggregated to tropical forest biomes,Global,Kunming-Montreal GBF: Relevant to GBF Goal A (biodiversity status and trends) and GBF monitoring framework headline indicators. Informs IPBES Global Assessment chapters on status and trends of nature for SDG 15 (Life on Land) and SDG 14 (Life Below Water).,IPBES Global Assessment (2019); GA Supplementary Materials – Table 1 (Ch 2.2). Newbold et al. 2016; tropical forest disaggregation.,https://ipbes.net/global-assessment,1,1 – Low,As N-037; disaggregated to tropical forests where deforestation is the dominant driver.,IPBES,GBF-GoalA; GBF-T2; GBF-T4,[INT-L-004]; [INT-L-007]
IPBES-N-046,Tropical forest BII (Hotspots),IPBES Global Assessment,State – Species,Nature & Biodiversity | Land Use & Agriculture,Species index / trend,Index (0–1); tropical forest biodiversity hotspots,Global,Kunming-Montreal GBF: Relevant to GBF Goal A (biodiversity status and trends) and GBF monitoring framework headline indicators. Informs IPBES Global Assessment chapters on status and trends of nature for SDG 15 (Life on Land) and SDG 14 (Life Below Water).,IPBES Global Assessment (2019); GA Supplementary Materials – Table 1 (Ch 2.2). Disaggregated to tropical forest hotspots.,https://ipbes.net/global-assessment,1,1 – Low,As N-037; disaggregated to tropical forest hotspots.,IPBES,GBF-GoalA; GBF-T2; GBF-T4,[INT-L-004]; [INT-L-007]
IPBES-N-047,Tropical forest BII (Indigenous Lands),IPBES Global Assessment,State – Species,"Nature & Biodiversity | Land Use & Agriculture | Governance, Society & Data",Species index / trend,Index (0–1); tropical forest indigenous and community-managed lands,Global,Kunming-Montreal GBF: Relevant to GBF Goal A (biodiversity status and trends) and GBF monitoring framework headline indicators. Informs IPBES Global Assessment chapters on status and trends of nature for SDG 15 (Life on Land) and SDG 14 (Life Below Water).,IPBES Global Assessment (2019); GA Supplementary Materials – Table 1 (Ch 2.2). Disaggregated to tropical forest indigenous territories.,https://ipbes.net/global-assessment,1,1 – Low,As N-037; disaggregated to indigenous tropical forest territories.,IPBES,GBF-GoalA; GBF-T2; GBF-T4; GBF-T22,[INT-L-004]; [INT-L-007]
IPBES-N-048,Bird species per grid cell (cSAR),IPBES Global Assessment,State – Species,Nature & Biodiversity | Energy,Species index / trend,Mean bird species richness per 1°×1° grid cell (cSAR model),Global,Kunming-Montreal GBF: Relevant to GBF Goal A (biodiversity status and trends) and GBF monitoring framework headline indicators. Informs IPBES Global Assessment chapters on status and trends of nature for SDG 15 (Life on Land) and SDG 14 (Life Below Water).,IPBES Global Assessment (2019); GA Supplementary Materials – Table 1 (Ch 2.2). cSAR model – Martins & Pereira.,https://ipbes.net/global-assessment,2,2 – Medium,cSAR species–area models use habitat extent as input; climate is embedded in bird range maps derived from species distribution models that use temperature and precipitation layers.,IPBES,GBF-GoalA; GBF-T4,[INT-L-004]; [INT-L-007]
IPBES-N-049,Cumulative introduced invasive aliens,IPBES Global Assessment,State – Species,Nature & Biodiversity | Biosecurity,Pressure / threat index,Cumulative number of established alien invasive species (first records),Global,Kunming-Montreal GBF: Relevant to GBF Target 6 (eliminate and control invasive alien species) and GBF Goal A. Highlighted indicator in IPBES GA. SDG 15.8 (prevent introduction of IAS).,IPBES Global Assessment (2019); GA Supplementary Materials – Table 1 (Ch 2.2). Highlighted indicator. Seebens et al. 2017.,https://ipbes.net/global-assessment,1,1 – Low,Globalisation and trade (primary drivers) dominate IAS introduction rates; climate warming facilitates establishment of introduced species and expands their potential range – low-medium dependency.,IPBES,GBF-T6; GBF-GoalA,[INT-L-004]; [INT-L-007]; [INT-P-001]
IPBES-N-050,Cumulative number of alien species,IPBES Global Assessment,State – Species,Nature & Biodiversity | Biosecurity,Pressure / threat index,Cumulative count of all established alien species (invasive + non-invasive),Global,Kunming-Montreal GBF: Relevant to GBF Goal A (biodiversity status and trends) and GBF monitoring framework headline indicators. Informs IPBES Global Assessment chapters on status and trends of nature for SDG 15 (Life on Land) and SDG 14 (Life Below Water).,IPBES Global Assessment (2019); GA Supplementary Materials – Table 1 (Ch 2.2). GBIF; GRIIS; Seebens et al.,https://ipbes.net/global-assessment,1,1 – Low,Total alien species counts driven primarily by trade and travel volume; climate warming assists establishment but is not the primary driver of introduction events.,IPBES,GBF-T6,[INT-L-004]; [INT-L-007]
IPBES-N-051,Forest-specialist bird species per grid cell (cSAR),IPBES Global Assessment,State – Species,Nature & Biodiversity | Land Use & Agriculture | Energy,Species index / trend,Mean forest-specialist bird species richness per grid cell (cSAR model),Global,Kunming-Montreal GBF: Relevant to GBF Goal A (biodiversity status and trends) and GBF monitoring framework headline indicators. Informs IPBES Global Assessment chapters on status and trends of nature for SDG 15 (Life on Land) and SDG 14 (Life Below Water).,IPBES Global Assessment (2019); GA Supplementary Materials – Table 1 (Ch 2.2). cSAR – forest specialists. Martins & Pereira.,https://ipbes.net/global-assessment,2,2 – Medium,cSAR uses forest cover inputs; climate embedded in range maps via SDMs; forest loss driven by both land use and climate-induced fires.,IPBES,GBF-GoalA; GBF-T2; GBF-T4,[INT-L-004]; [INT-L-007]
IPBES-N-052,Functional intactness (Madingley),IPBES Global Assessment,State – Species,Nature & Biodiversity,Species index / trend,Functional intactness index from Madingley general ecosystem model,Global,Kunming-Montreal GBF: Relevant to GBF Goal A (biodiversity status and trends) and GBF monitoring framework headline indicators. Informs IPBES Global Assessment chapters on status and trends of nature for SDG 15 (Life on Land) and SDG 14 (Life Below Water).,IPBES Global Assessment (2019); GA Supplementary Materials – Table 1 (Ch 2.2). Harfoot et al. 2014; Madingley model.,https://ipbes.net/global-assessment,2,2 – Medium,Madingley general ecosystem model is driven by NPP and temperature; climate change affects modelled food web structure and biomass distribution through primary productivity inputs.,IPBES,GBF-GoalA,[INT-L-004]; [INT-L-007]
IPBES-N-053,Global mammal and bird species remaining,IPBES Global Assessment,State – Species,Nature & Biodiversity,Species index / trend,% of pre-human mammal and bird species still extant globally,Global,Kunming-Montreal GBF: GBF Goal A (halt extinction). Highlighted indicator in IPBES GA. SDG 15.5 (halt biodiversity loss and prevent extinction). Informs CBD extinction rate tracking.,IPBES Global Assessment (2019); GA Supplementary Materials – Table 1 (Ch 2.2). Highlighted indicator. IUCN Red List; Ceballos et al.,https://ipbes.net/global-assessment,1,1 – Low,Extinction tallies compiled from IUCN records; climate change increasingly identified as a threat in assessments but historical extinctions are dominated by land-use and overexploitation.,IPBES,GBF-GoalA; GBF-T4,[INT-L-004]; [INT-L-007]; [INT-P-001]
IPBES-N-054,Species richness per grid cell (AIM),IPBES Global Assessment,State – Species,Nature & Biodiversity | Energy,Species index / trend,Predicted species richness per grid cell from Area-based Impact Model (AIM),Global,Kunming-Montreal GBF: Relevant to GBF Goal A (biodiversity status and trends) and GBF monitoring framework headline indicators. Informs IPBES Global Assessment chapters on status and trends of nature for SDG 15 (Life on Land) and SDG 14 (Life Below Water).,IPBES Global Assessment (2019); GA Supplementary Materials – Table 1 (Ch 2.2). AIM model – Newbold et al. 2015.,https://ipbes.net/global-assessment,2,2 – Medium,AIM predicts richness from land use and climate; climate used as environmental covariate; projected impacts include climate-change component.,IPBES,GBF-GoalA; GBF-T4,[INT-L-004]; [INT-L-007]
IPBES-N-055,Red List Index – overall,IPBES Global Assessment,State – Species,Nature & Biodiversity,Species index / trend,Index (0–1; 1 = no extinction risk); all assessed taxa,Global,Kunming-Montreal GBF: GBF Goal A headline indicator (A.3). Official indicator for SDG 15.5.1. Informs CBD COP monitoring and IPBES status assessments.,IPBES Global Assessment (2019); GA Supplementary Materials – Table 1 (Ch 2.2). Core indicator. IUCN Red List; Butchart et al.,https://ipbes.net/global-assessment,2,2 – Medium,"Climate change is a recognised and growing threat driver in IUCN assessments; RLI values reflect climate-driven status changes for coral, amphibian and alpine taxa.",IPBES,GBF-GoalA; GBF-T4,[INT-L-004]; [INT-L-007]; [INT-P-001]
IPBES-N-056,RLI – forest specialists,IPBES Global Assessment,State – Species,Nature & Biodiversity | Land Use & Agriculture,Species index / trend,"Index (0–1); forest-dependent bird, amphibian and mammal species",Global,Kunming-Montreal GBF: Relevant to GBF Goal A (biodiversity status and trends) and GBF monitoring framework headline indicators. Informs IPBES Global Assessment chapters on status and trends of nature for SDG 15 (Life on Land) and SDG 14 (Life Below Water).,IPBES Global Assessment (2019); GA Supplementary Materials – Table 1 (Ch 2.2). Core indicator. IUCN; BirdLife.,https://ipbes.net/global-assessment,2,2 – Medium,Forest specialist RLI reflects deforestation as primary driver; climate change exacerbates via fire and drought-induced forest dieback.,IPBES,GBF-GoalA; GBF-T4; GBF-T2,[INT-L-004]; [INT-L-007]
IPBES-N-057,RLI – internationally traded birds,IPBES Global Assessment,State – Species,Nature & Biodiversity | Trade & Industry,Species index / trend,Index (0–1); bird species involved in international trade,Global,Kunming-Montreal GBF: Relevant to GBF Goal A (biodiversity status and trends) and GBF monitoring framework headline indicators. Informs IPBES Global Assessment chapters on status and trends of nature for SDG 15 (Life on Land) and SDG 14 (Life Below Water).,IPBES Global Assessment (2019); GA Supplementary Materials – Table 1 (Ch 2.2). Core indicator. IUCN; BirdLife; CITES.,https://ipbes.net/global-assessment,1,1 – Low,Internationally traded bird RLI primarily reflects overexploitation and habitat loss; climate is a secondary driver.,IPBES,GBF-GoalA; GBF-T4; GBF-T5,[INT-L-004]; [INT-L-007]
IPBES-N-058,RLI – pollinators,IPBES Global Assessment,State – Species,Nature & Biodiversity,Species index / trend,"Index (0–1); wild pollinator species (bees, hoverflies, moths, butterflies)",Global,Kunming-Montreal GBF: Relevant to GBF Goal A (biodiversity status and trends) and GBF monitoring framework headline indicators. Informs IPBES Global Assessment chapters on status and trends of nature for SDG 15 (Life on Land) and SDG 14 (Life Below Water).,IPBES Global Assessment (2019); GA Supplementary Materials – Table 1 (Ch 2.2). Core indicator. IUCN; IPBES Pollination Assessment.,https://ipbes.net/global-assessment,2,2 – Medium,Climate change causes phenological mismatches and range shifts for pollinators; heat stress reduces pollinator foraging activity; medium climate dependency.,IPBES,GBF-GoalA; GBF-T4; GBF-T11,[INT-L-004]; [INT-L-007]
IPBES-N-059,RLI – species used in food and medicine,IPBES Global Assessment,State – Species,Nature & Biodiversity | Land Use & Agriculture,Species index / trend,"Index (0–1); bird, mammal and amphibian species used in food or medicine",Global,Kunming-Montreal GBF: Relevant to GBF Goal A (biodiversity status and trends) and GBF monitoring framework headline indicators. Informs IPBES Global Assessment chapters on status and trends of nature for SDG 15 (Life on Land) and SDG 14 (Life Below Water).,IPBES Global Assessment (2019); GA Supplementary Materials – Table 1 (Ch 2.2). Core indicator. IUCN; Scharlemann et al.,https://ipbes.net/global-assessment,2,2 – Medium,"Climate change affects wild food and medicinal species through habitat shifts, phenological mismatches and altered fire regimes.",IPBES,GBF-GoalA; GBF-T4; GBF-T5,[INT-L-004]; [INT-L-007]
IPBES-N-060,RLI – wild relatives,IPBES Global Assessment,State – Species,Nature & Biodiversity | Land Use & Agriculture,Species index / trend,Index (0–1); wild relatives of domesticated food plant and animal species,Global,Kunming-Montreal GBF: Relevant to GBF Goal A (biodiversity status and trends) and GBF monitoring framework headline indicators. Informs IPBES Global Assessment chapters on status and trends of nature for SDG 15 (Life on Land) and SDG 14 (Life Below Water).,IPBES Global Assessment (2019); GA Supplementary Materials – Table 1 (Ch 2.2). Core indicator. IUCN; FAO crop wild relatives.,https://ipbes.net/global-assessment,2,2 – Medium,Wild relatives face climate-driven range contractions; their loss reduces adaptive potential of food crops under future climates – ecologically and economically significant.,IPBES,GBF-GoalA; GBF-T4; GBF-T13,[INT-L-004]; [INT-L-007]
IPBES-N-061,Biodiversity Habitat Index – species persisting,IPBES Global Assessment,State – Species,Nature & Biodiversity,Species index / trend,Index (0–1); proportion of species estimated to persist given habitat loss,Global,Kunming-Montreal GBF: Relevant to GBF Goal A (biodiversity status and trends) and GBF monitoring framework headline indicators. Informs IPBES Global Assessment chapters on status and trends of nature for SDG 15 (Life on Land) and SDG 14 (Life Below Water).,IPBES Global Assessment (2019); GA Supplementary Materials – Table 1 (Ch 2.2). Core indicator. CSIRO; Williams et al.,https://ipbes.net/global-assessment,1,1 – Low,BHI-species uses land-use-derived habitat persistence models; climate is a background factor modulating SDMs but land use dominates the index.,IPBES,GBF-T1; GBF-T2; GBF-T4,[INT-L-004]; [INT-L-007]
IPBES-N-062,BHI – species persisting (Hotspots),IPBES Global Assessment,State – Species,Nature & Biodiversity,Species index / trend,Index (0–1); disaggregated to biodiversity hotspots,Global,Kunming-Montreal GBF: Relevant to GBF Goal A (biodiversity status and trends) and GBF monitoring framework headline indicators. Informs IPBES Global Assessment chapters on status and trends of nature for SDG 15 (Life on Land) and SDG 14 (Life Below Water).,IPBES Global Assessment (2019); GA Supplementary Materials – Table 1 (Ch 2.2). Core indicator – hotspot disaggregation.,https://ipbes.net/global-assessment,1,1 – Low,As N-061; disaggregated to biodiversity hotspots.,IPBES,GBF-T1; GBF-T2; GBF-T4,[INT-L-004]; [INT-L-007]
IPBES-N-063,Extent of suitable habitat (mammals),IPBES Global Assessment,State – Species,Nature & Biodiversity,Species index / trend,% of species with ≥80% suitable habitat remaining; mammal-specific,Global,Kunming-Montreal GBF: Relevant to GBF Goal A (biodiversity status and trends) and GBF monitoring framework headline indicators. Informs IPBES Global Assessment chapters on status and trends of nature for SDG 15 (Life on Land) and SDG 14 (Life Below Water).,IPBES Global Assessment (2019); GA Supplementary Materials – Table 1 (Ch 2.2). Species distribution models – mammals.,https://ipbes.net/global-assessment,2,2 – Medium,"SDMs for mammals incorporate climate variables (temperature, precipitation) as primary predictor layers; climate-change scenarios alter projected habitat suitability.",IPBES,GBF-GoalA; GBF-T4,[INT-L-004]; [INT-L-007]
IPBES-N-064,Global bird richness (cSAR),IPBES Global Assessment,State – Species,Nature & Biodiversity,Species index / trend,Projected global bird species richness from cSAR model,Global,Kunming-Montreal GBF: Relevant to GBF Goal A (biodiversity status and trends) and GBF monitoring framework headline indicators. Informs IPBES Global Assessment chapters on status and trends of nature for SDG 15 (Life on Land) and SDG 14 (Life Below Water).,IPBES Global Assessment (2019); GA Supplementary Materials – Table 1 (Ch 2.2). cSAR global bird richness. Martins & Pereira.,https://ipbes.net/global-assessment,2,2 – Medium,cSAR uses habitat extent from land-cover data; range maps incorporate climate via SDMs; future projections include climate-change scenarios.,IPBES,GBF-GoalA; GBF-T4,[INT-L-004]; [INT-L-007]
IPBES-N-065,Global forest-specialist bird richness (cSAR),IPBES Global Assessment,State – Species,Nature & Biodiversity | Land Use & Agriculture,Species index / trend,Projected forest-specialist bird species richness from cSAR model,Global,Kunming-Montreal GBF: Relevant to GBF Goal A (biodiversity status and trends) and GBF monitoring framework headline indicators. Informs IPBES Global Assessment chapters on status and trends of nature for SDG 15 (Life on Land) and SDG 14 (Life Below Water).,IPBES Global Assessment (2019); GA Supplementary Materials – Table 1 (Ch 2.2). cSAR – forest specialist birds.,https://ipbes.net/global-assessment,2,2 – Medium,As N-064; disaggregated to forest specialist birds; forest loss driven by land use and increasingly by climate-induced disturbance.,IPBES,GBF-GoalA; GBF-T2; GBF-T4,[INT-L-004]; [INT-L-007]
IPBES-N-066,Mammalian range size,IPBES Global Assessment,State – Species,Nature & Biodiversity,Species index / trend,Mean geographic range area (km²) across mammal species; trend,Global,Kunming-Montreal GBF: Relevant to GBF Goal A (biodiversity status and trends) and GBF monitoring framework headline indicators. Informs IPBES Global Assessment chapters on status and trends of nature for SDG 15 (Life on Land) and SDG 14 (Life Below Water).,IPBES Global Assessment (2019); GA Supplementary Materials – Table 1 (Ch 2.2). IUCN range maps; IUCN Red List.,https://ipbes.net/global-assessment,2,2 – Medium,Mammalian ranges assessed from IUCN maps which incorporate both habitat loss and climate-driven range shifts; climate change is a recognised driver of range contraction.,IPBES,GBF-GoalA; GBF-T4,[INT-L-004]; [INT-L-007]
IPBES-N-067,Megafaunal range size,IPBES Global Assessment,State – Species,Nature & Biodiversity,Species index / trend,Mean geographic range area (km²) for megafaunal species (body mass >100 kg),Global,Kunming-Montreal GBF: Relevant to GBF Goal A (biodiversity status and trends) and GBF monitoring framework headline indicators. Informs IPBES Global Assessment chapters on status and trends of nature for SDG 15 (Life on Land) and SDG 14 (Life Below Water).,IPBES Global Assessment (2019); GA Supplementary Materials – Table 1 (Ch 2.2). IUCN megafauna range maps.,https://ipbes.net/global-assessment,1,1 – Low,Megafauna range loss dominated by land-use change and hunting; climate is a secondary factor in range contraction.,IPBES,GBF-GoalA; GBF-T4,[INT-L-004]; [INT-L-007]
IPBES-N-068,Species Habitat Index,IPBES Global Assessment,State – Species,Nature & Biodiversity,Species index / trend,Index of change in habitat-based species persistence (0–1; baseline ~2000),Global,Kunming-Montreal GBF: Core indicator for GBF Goal A and Target 2 (restore degraded ecosystems). SDG 15.5 (halt biodiversity loss). Informs IPBES GA and CBD monitoring framework.,IPBES Global Assessment (2019); GA Supplementary Materials – Table 1 (Ch 2.2). Core indicator. UNEP-WCMC/NatureServe/Map of Life.,https://ipbes.net/global-assessment,2,2 – Medium,Species habitat modelled from land-cover change; climate is a background driver of habitat suitability modulating SDM inputs; projected impacts include climate-change scenario components.,IPBES,GBF-GoalA; GBF-T2; GBF-T4,[INT-L-004]; [INT-L-007]; [INT-P-001]
IPBES-N-069,Fish stocks biologically sustainable,IPBES Global Assessment,State – Species,Nature & Biodiversity | Marine & Fisheries,Species index / trend,% of assessed marine fish stocks within biologically sustainable levels (SDG 14.4.1),Global,Kunming-Montreal GBF: Relevant to GBF Target 5 (sustainable use of wild species). Official SDG 14.4.1 indicator. Core indicator in IPBES GA. Informs CBD monitoring.,IPBES Global Assessment (2019); GA Supplementary Materials – Table 1 (Ch 2.2). Core indicator. FAO Fisheries; ICES; WCPFC.,https://ipbes.net/global-assessment,2,2 – Medium,"Ocean warming alters fish stock productivity, recruitment and distribution; stock reference points embedded in the indicator are derived partly from climate-sensitive models.",IPBES,GBF-T5,[INT-L-004]; [INT-L-007]; [INT-P-001]
IPBES-N-070,Living Planet Index – overall,IPBES Global Assessment,State – Species,Nature & Biodiversity,Abundance index / trend,Index (1970 = 1); monitored vertebrate population trends,Global,Kunming-Montreal GBF: GBF Goal A headline indicator. Highlighted indicator in IPBES GA. SDG 15.5. Informs WWF Living Planet Report and CBD biodiversity monitoring.,IPBES Global Assessment (2019); GA Supplementary Materials – Table 1 (Ch 2.2). Highlighted indicator. ZSL / WWF LPI database.,https://ipbes.net/global-assessment,2,2 – Medium,Climate change is embedded as a threat driver in LPI calculations; weather affects detectability in many survey protocols; substantial climate contribution to population declines for climate-sensitive taxa.,IPBES,GBF-GoalA; GBF-T4,[INT-L-004]; [INT-L-007]; [INT-P-001]
IPBES-N-071,Living Planet Index – freshwater,IPBES Global Assessment,State – Species,Nature & Biodiversity | Water,Abundance index / trend,Index (1970 = 1); freshwater vertebrate populations,Global,Kunming-Montreal GBF: Relevant to GBF Goal A (biodiversity status and trends) and GBF monitoring framework headline indicators. Informs IPBES Global Assessment chapters on status and trends of nature for SDG 15 (Life on Land) and SDG 14 (Life Below Water).,IPBES Global Assessment (2019); GA Supplementary Materials – Table 1 (Ch 2.2). ZSL/WWF LPI – freshwater disaggregation.,https://ipbes.net/global-assessment,2,2 – Medium,"Freshwater LPI reflects hydrological changes (drought, altered flow regimes) strongly linked to climate; freshwater vertebrates among most climate-sensitive groups.",IPBES,GBF-GoalA; GBF-T4,[INT-L-004]; [INT-L-007]
IPBES-N-072,Living Planet Index – marine,IPBES Global Assessment,State – Species,Nature & Biodiversity | Marine & Fisheries,Abundance index / trend,Index (1970 = 1); marine vertebrate populations,Global,Kunming-Montreal GBF: Relevant to GBF Goal A (biodiversity status and trends) and GBF monitoring framework headline indicators. Informs IPBES Global Assessment chapters on status and trends of nature for SDG 15 (Life on Land) and SDG 14 (Life Below Water).,IPBES Global Assessment (2019); GA Supplementary Materials – Table 1 (Ch 2.2). ZSL/WWF LPI – marine disaggregation.,https://ipbes.net/global-assessment,2,2 – Medium,"Marine LPI strongly affected by ocean warming and acidification impacting fish, seabirds and marine mammals.",IPBES,GBF-GoalA; GBF-T4; GBF-T5,[INT-L-004]; [INT-L-007]
IPBES-N-073,Living Planet Index – terrestrial,IPBES Global Assessment,State – Species,Nature & Biodiversity,Abundance index / trend,Index (1970 = 1); terrestrial vertebrate populations,Global,Kunming-Montreal GBF: Relevant to GBF Goal A (biodiversity status and trends) and GBF monitoring framework headline indicators. Informs IPBES Global Assessment chapters on status and trends of nature for SDG 15 (Life on Land) and SDG 14 (Life Below Water).,IPBES Global Assessment (2019); GA Supplementary Materials – Table 1 (Ch 2.2). ZSL/WWF LPI – terrestrial disaggregation.,https://ipbes.net/global-assessment,2,2 – Medium,"Terrestrial LPI driven primarily by land use; climate contributes to population declines through drought, extreme heat and altered seasonality.",IPBES,GBF-GoalA; GBF-T4,[INT-L-004]; [INT-L-007]
IPBES-N-074,Predatory fish biomass,IPBES Global Assessment,State – Species,Nature & Biodiversity | Marine & Fisheries | Energy,Species index / trend,Biomass index of large (>100 g) predatory fish (kg/ha); trend,Global,Kunming-Montreal GBF: Relevant to GBF Goal A (biodiversity status and trends) and GBF monitoring framework headline indicators. Informs IPBES Global Assessment chapters on status and trends of nature for SDG 15 (Life on Land) and SDG 14 (Life Below Water).,IPBES Global Assessment (2019); GA Supplementary Materials – Table 1 (Ch 2.2). Sea Around Us / SEAPODYM models.,https://ipbes.net/global-assessment,2,2 – Medium,Predatory fish biomass affected by ocean warming through prey availability and thermal habitat shifts; fishing pressure is the dominant driver but climate modulates productivity.,IPBES,GBF-GoalA; GBF-T5,[INT-L-004]; [INT-L-007]
IPBES-N-075,Prey fish biomass,IPBES Global Assessment,State – Species,Nature & Biodiversity | Marine & Fisheries | Energy,Species index / trend,Biomass index of small prey fish (forage fish; kg/ha); trend,Global,Kunming-Montreal GBF: Relevant to GBF Goal A (biodiversity status and trends) and GBF monitoring framework headline indicators. Informs IPBES Global Assessment chapters on status and trends of nature for SDG 15 (Life on Land) and SDG 14 (Life Below Water).,IPBES Global Assessment (2019); GA Supplementary Materials – Table 1 (Ch 2.2). Sea Around Us / SEAPODYM.,https://ipbes.net/global-assessment,2,2 – Medium,Forage fish biomass highly sensitive to ocean temperature and stratification through effects on plankton productivity; strong ENSO-driven variability.,IPBES,GBF-GoalA; GBF-T5,[INT-L-004]; [INT-L-007]
IPBES-N-076,Wild Bird Index (habitat specialists),IPBES Global Assessment,State – Species,Nature & Biodiversity,Abundance index / trend,Index (baseline year = 100); habitat-specialist bird species,Global / Regional,Kunming-Montreal GBF: Relevant to GBF Goal A (biodiversity status and trends) and GBF monitoring framework headline indicators. Informs IPBES Global Assessment chapters on status and trends of nature for SDG 15 (Life on Land) and SDG 14 (Life Below Water).,IPBES Global Assessment (2019); GA Supplementary Materials – Table 1 (Ch 2.2). PECBMS; BirdLife International.,https://ipbes.net/global-assessment,2,2 – Medium,Habitat-specialist bird indices derived from national breeding bird surveys where weather directly affects detectability and breeding success; spring temperature is a key confounding variable.,IPBES,GBF-GoalA; GBF-T4,[INT-L-004]; [INT-L-007]
IPBES-N-077,Wild mammal biomass,IPBES Global Assessment,State – Species,Nature & Biodiversity | Energy,Abundance index / trend,Total wild terrestrial mammal biomass (GtC); trend,Global,Kunming-Montreal GBF: Relevant to GBF Goal A (biodiversity status and trends) and GBF monitoring framework headline indicators. Informs IPBES Global Assessment chapters on status and trends of nature for SDG 15 (Life on Land) and SDG 14 (Life Below Water).,IPBES Global Assessment (2019); GA Supplementary Materials – Table 1 (Ch 2.2). Bar-On et al. 2018; synthesis.,https://ipbes.net/global-assessment,1,1 – Low,Wild mammal biomass dominated by a few large herbivore and carnivore groups; estimated from species mass and abundance data; climate is an indirect driver operating through land-use change.,IPBES,GBF-GoalA; GBF-T4,[INT-L-004]; [INT-L-007]
IPBES-N-078,Functional richness (Madingley),IPBES Global Assessment,State – Species,Nature & Biodiversity,Species index / trend,Functional richness index from Madingley model output,Global,Kunming-Montreal GBF: Relevant to GBF Goal A (biodiversity status and trends) and GBF monitoring framework headline indicators. Informs IPBES Global Assessment chapters on status and trends of nature for SDG 15 (Life on Land) and SDG 14 (Life Below Water).,IPBES Global Assessment (2019); GA Supplementary Materials – Table 1 (Ch 2.2). Madingley model; Harfoot et al.,https://ipbes.net/global-assessment,2,2 – Medium,"Madingley uses NPP and temperature as inputs affecting body size, metabolic rates and food web structure; climate change alters modelled functional diversity through these pathways.",IPBES,GBF-GoalA,[INT-L-004]; [INT-L-007]
IPBES-N-079,Mammalian body mass,IPBES Global Assessment,State – Species,Nature & Biodiversity,Species index / trend,Mean body mass (kg) across mammal assemblages; trend,Global,Kunming-Montreal GBF: Relevant to GBF Goal A (biodiversity status and trends) and GBF monitoring framework headline indicators. Informs IPBES Global Assessment chapters on status and trends of nature for SDG 15 (Life on Land) and SDG 14 (Life Below Water).,IPBES Global Assessment (2019); GA Supplementary Materials – Table 1 (Ch 2.2). IUCN; PanTHERIA; Jones et al.,https://ipbes.net/global-assessment,1,1 – Low,Mammalian body mass trends primarily reflect selective defaunation (larger species hunted preferentially); climate-induced body size reductions (Bergmann's rule) are a secondary emerging signal.,IPBES,GBF-GoalA,[INT-L-004]; [INT-L-007]
IPBES-N-080,Marine Trophic Index,IPBES Global Assessment,State – Species,Nature & Biodiversity | Marine & Fisheries,Species index / trend,Mean trophic level of global marine fish landings (dimensionless),Global,Kunming-Montreal GBF: Relevant to GBF Target 5 (sustainable use of wild species). Core indicator in IPBES GA. Relevant to SDG 14.4 (end overfishing). Informs IPBES and FAO assessment of marine ecosystem health.,IPBES Global Assessment (2019); GA Supplementary Materials – Table 1 (Ch 2.2). Core indicator. FAO FishStat; Pauly & Watson 2005.,https://ipbes.net/global-assessment,2,2 – Medium,Ocean warming alters fish community trophic structure by shifting species distributions; high-latitude warming enables range expansion of lower-trophic species; fishing pressure is the primary driver.,IPBES,GBF-GoalA; GBF-T5,[INT-L-004]; [INT-L-007]; [INT-P-001]
IPBES-NCP-01,NCP 1: Habitat creation and maintenance,IPBES Global Assessment,Benefit,Nature & Biodiversity,Ecosystem service flow,Proxy: Biodiversity Intactness Index; ecoregion habitat extent (% baseline),Global,Kunming-Montreal GBF: Relevant to GBF Target 11 (nature's contributions to people – NCPs) and GBF Goal B (ecosystem services to people). Informs SDG 15 (Life on Land) and SDG 2 (Zero Hunger) via IPBES NCP assessment. IPBES NCP 1 proxy indicator.,"GA Ch 2.3 Supp, Section 1.3.4. Newbold et al. 2016; Dinerstein et al. 2017.",https://ipbes.net/global-assessment,1,1 – Low,Habitat creation and maintenance underpinned by ecosystem processes; climate change modifies habitat turnover rates but this proxy (BII/extent) is primarily land-use driven.,IPBES,GBF-T2; GBF-T11,[INT-L-004]; [INT-L-007]
IPBES-NCP-02,NCP 2: Pollination and dispersal of seeds and other propagules,IPBES Global Assessment,Benefit,Nature & Biodiversity,Ecosystem service flow,Proxy: RLI (pollinators); wild pollinator abundance indices,Global,Kunming-Montreal GBF: Relevant to GBF Target 11 (nature's contributions – pollination) and GBF Target 4 (pollinator species recovery). SDG 2.4 (sustainable food production). Informs IPBES NCP assessment and IPBES Pollination Assessment.,"GA Ch 2.3 Supp, Section 2.3.4. IPBES Pollination Assessment 2016; Ricketts et al. 2008.",https://ipbes.net/global-assessment,2,2 – Medium,Pollination services affected by climate change through phenological mismatches between flowering plants and pollinators; heat stress reduces pollinator foraging efficiency.,IPBES,GBF-T4; GBF-T11,[INT-L-004]; [INT-L-007]
IPBES-NCP-03,NCP 3: Regulation of air quality,IPBES Global Assessment,Benefit,Nature & Biodiversity | Pollution & Waste,Ecosystem service flow,"Proxy: Vegetation cover (LAI, NDVI); air pollutant deposition rates",Global,Kunming-Montreal GBF: Relevant to GBF Target 11 (nature's contributions to people – NCPs) and GBF Goal B (ecosystem services to people). Informs SDG 15 (Life on Land) and SDG 2 (Zero Hunger) via IPBES NCP assessment. IPBES NCP 3 proxy indicator.,"GA Ch 2.3 Supp, Section 3.3.4. FAO/MODIS; EMEP.",https://ipbes.net/global-assessment,2,2 – Medium,"Vegetation-regulated air quality (dry deposition, aerosol capture) is modulated by LAI, which is climate-sensitive; drought-induced vegetation die-back reduces air quality regulation capacity.",IPBES,GBF-T11,[INT-L-004]; [INT-L-007]
IPBES-NCP-04,NCP 4: Regulation of climate,IPBES Global Assessment,Benefit,Nature & Biodiversity | Climate,Ecosystem service flow,Proxy: Net land-atmosphere carbon flux; extent of carbon-dense ecosystems (GtC/yr),Global,Kunming-Montreal GBF: Relevant to GBF Target 11 (nature-based climate regulation) and GBF Target 8 (climate-biodiversity nexus). SDG 13.1 (climate resilience). Informs IPBES GA climate regulation NCP.,"GA Ch 2.3 Supp, Section 4.3.4. IPCC AR6; Global Carbon Project.",https://ipbes.net/global-assessment,3,3 – High,Climate regulation by ecosystems is directly tied to climate change; warming reduces carbon sink capacity through increased heterotrophic respiration and fire; this NCP proxy uses climate data as both driver and output.,IPBES,GBF-T8; GBF-T11,[INT-L-004]; [INT-L-007]
IPBES-NCP-05,NCP 5: Regulation of ocean acidification,IPBES Global Assessment,Benefit,Nature & Biodiversity | Marine & Fisheries | Energy,Ecosystem service flow,Proxy: Phytoplankton biomass; ocean alkalinity (pH units and buffering capacity),Global,Kunming-Montreal GBF: Relevant to GBF Target 8 (climate change impacts – ocean acidification) and GBF Target 11 (marine ecosystem services). SDG 14.3 (minimize ocean acidification). Informs IPBES GA ocean NCP.,"GA Ch 2.3 Supp, Section 5.3.4. Global Ocean Acidification Observing Network.",https://ipbes.net/global-assessment,3,3 – High,"Ocean acidification is a direct consequence of atmospheric CO₂ increase; marine biological buffering capacity is itself affected by warming; climate data (CO₂, SST) are the primary inputs.",IPBES,GBF-T8; GBF-T11,[INT-L-004]; [INT-L-007]
IPBES-NCP-06,"NCP 6: Regulation of freshwater quantity, timing and location",IPBES Global Assessment,Benefit,Nature & Biodiversity | Water,Ecosystem service flow,Proxy: Vegetation water yield and regulation; streamflow variability indices,Global,Kunming-Montreal GBF: Relevant to GBF Target 11 (freshwater ecosystem services). SDG 6.6 (protect water-related ecosystems). Informs IPBES GA freshwater regulation NCP.,"GA Ch 2.3 Supp, Section 6.3.4. SWAT/VIC hydrological models; GRDC.",https://ipbes.net/global-assessment,3,3 – High,"Freshwater regulation is directly affected by precipitation patterns, snowmelt timing and evapotranspiration – all strongly climate-driven; vegetation cover modulates these hydrological fluxes.",IPBES,GBF-T11,[INT-L-004]; [INT-L-007]
IPBES-NCP-07,NCP 7: Regulation of freshwater and coastal water quality,IPBES Global Assessment,Benefit,Nature & Biodiversity | Marine & Fisheries | Water,Ecosystem service flow,Proxy: Riparian vegetation cover; nutrient retention efficiency of wetlands,Global,Kunming-Montreal GBF: Relevant to GBF Target 11 (nature's contributions to people – NCPs) and GBF Goal B (ecosystem services to people). Informs SDG 15 (Life on Land) and SDG 2 (Zero Hunger) via IPBES NCP assessment. IPBES NCP 7 proxy indicator.,"GA Ch 2.3 Supp, Section 7.3.4. UN GEMS/Water; Ramsar.",https://ipbes.net/global-assessment,2,2 – Medium,Freshwater quality regulation by riparian vegetation is affected by drought (reducing dilution) and heavy rainfall (increasing nutrient runoff); climate change alters the capacity of vegetation to buffer pollution.,IPBES,GBF-T7; GBF-T11,[INT-L-004]; [INT-L-007]
IPBES-NCP-08,"NCP 8: Formation, protection and decontamination of soils and sediments",IPBES Global Assessment,Benefit,Nature & Biodiversity | Water | Land Use & Agriculture,Ecosystem service flow,Proxy: Soil organic carbon; RUSLE erosion index; riparian buffer coverage,Global,Kunming-Montreal GBF: Relevant to GBF Target 11 (nature's contributions to people – NCPs) and GBF Goal B (ecosystem services to people). Informs SDG 15 (Life on Land) and SDG 2 (Zero Hunger) via IPBES NCP assessment. IPBES NCP 8 proxy indicator.,"GA Ch 2.3 Supp, Section 8.3.4. ISRIC; FAO GAEZ.",https://ipbes.net/global-assessment,2,2 – Medium,Soil formation and protection by vegetation is sensitive to extreme rainfall (erosion risk) and drought (vegetation loss exposing soil); climate change increases erosion risk and reduces SOC inputs.,IPBES,GBF-T11,[INT-L-004]; [INT-L-007]
IPBES-NCP-09,NCP 9: Regulation of hazards and extreme events,IPBES Global Assessment,Benefit,Nature & Biodiversity | Marine & Fisheries | Land Use & Agriculture,Ecosystem service flow,"Proxy: Extent of coastal vegetation (mangroves, saltmarsh, reefs); floodplain forest cover",Global,Kunming-Montreal GBF: Relevant to GBF Target 11 (coastal and hazard regulation NCPs) and GBF Target 8 (climate adaptation). SDG 13.1 (resilience to climate hazards). Informs IPBES GA coastal protection NCP.,"GA Ch 2.3 Supp, Section 9.3.4. InVEST coastal protection models; IPCC AR6.",https://ipbes.net/global-assessment,3,3 – High,"Coastal habitat extent determines flood and storm protection services; climate change increases storm intensity and sea-level rise, simultaneously increasing demand for and reducing supply of these services.",IPBES,GBF-T8; GBF-T11,[INT-L-004]; [INT-L-007]
IPBES-NCP-10,NCP 10: Regulation of organisms detrimental to humans,IPBES Global Assessment,Benefit,Nature & Biodiversity,Ecosystem service flow,Proxy: Predator/parasitoid biodiversity; vector control by birds and bats,Global,Kunming-Montreal GBF: Relevant to GBF Target 11 (nature's contributions to people – NCPs) and GBF Goal B (ecosystem services to people). Informs SDG 15 (Life on Land) and SDG 2 (Zero Hunger) via IPBES NCP assessment. IPBES NCP 10 proxy indicator.,"GA Ch 2.3 Supp, Section 10.3.4. Various epidemiological datasets.",https://ipbes.net/global-assessment,2,2 – Medium,Climate change expands habitat for disease vectors; changing predator communities under warming alter pest regulation capacity; temperature-dependent vector reproduction increases disease burden.,IPBES,GBF-T11,[INT-L-004]; [INT-L-007]
IPBES-NCP-11,NCP 11: Energy,IPBES Global Assessment,Benefit,Nature & Biodiversity | Energy,Ecosystem service flow,Proxy: Biomass energy supply (EJ/yr); fuelwood consumption per capita,Global,Kunming-Montreal GBF: Relevant to GBF Target 11 (nature's contributions to people – NCPs) and GBF Goal B (ecosystem services to people). Informs SDG 15 (Life on Land) and SDG 2 (Zero Hunger) via IPBES NCP assessment. IPBES NCP 11 proxy indicator.,"GA Ch 2.3 Supp, Section 11.3.4. FAO/IEA fuelwood data.",https://ipbes.net/global-assessment,1,1 – Low,Biomass energy supply from ecosystems primarily determined by forest extent and growth rates; climate affects productivity but the proxy is primarily an economic and governance metric.,IPBES,GBF-T11,[INT-L-004]; [INT-L-007]
IPBES-NCP-12,NCP 12: Food and feed,IPBES Global Assessment,Benefit,Nature & Biodiversity | Marine & Fisheries | Land Use & Agriculture,Ecosystem service flow,"Proxy: Wild-sourced protein (fish, bushmeat, wild plants) as % of dietary protein; fisheries landings",Global,Kunming-Montreal GBF: Relevant to GBF Target 5 (sustainable use of wild species for food) and GBF Target 11. SDG 2.1 (food security); SDG 14.4 (sustainable fisheries). Informs IPBES GA food and feed NCP.,"GA Ch 2.3 Supp, Section 12.3.4. FAO FishStat; FAOSTAT; RLI for food/medicine species.",https://ipbes.net/global-assessment,2,2 – Medium,Wild food supply from marine fisheries is strongly affected by climate-driven changes in ocean productivity and stock distribution; terrestrial wild food less directly affected but drought reduces availability.,IPBES,GBF-T5; GBF-T11,[INT-L-004]; [INT-L-007]
IPBES-NCP-13,NCP 13: Materials and assistance,IPBES Global Assessment,Benefit,Nature & Biodiversity | Land Use & Agriculture,Ecosystem service flow,Proxy: Timber and fibre production (Mm³/yr); extent of sustainably managed forests,Global,Kunming-Montreal GBF: Relevant to GBF Target 11 (nature's contributions to people – NCPs) and GBF Goal B (ecosystem services to people). Informs SDG 15 (Life on Land) and SDG 2 (Zero Hunger) via IPBES NCP assessment. IPBES NCP 13 proxy indicator.,"GA Ch 2.3 Supp, Section 13.3.4. FAO FRA; FSC/PEFC.",https://ipbes.net/global-assessment,1,1 – Low,Materials supply from ecosystems tracked by timber production data; climate affects tree growth rates and timber quality but the proxy is primarily a governance and land-use metric.,IPBES,GBF-T10; GBF-T11,[INT-L-004]; [INT-L-007]
IPBES-NCP-14,NCP 14: Medicines and genetic resources,IPBES Global Assessment,Benefit,Nature & Biodiversity | Land Use & Agriculture,Ecosystem service flow,Proxy: RLI (species used for food and medicine); number of plant-derived medicines,Global,Kunming-Montreal GBF: Relevant to GBF Target 11 (nature's contributions to people – NCPs) and GBF Goal B (ecosystem services to people). Informs SDG 15 (Life on Land) and SDG 2 (Zero Hunger) via IPBES NCP assessment. IPBES NCP 14 proxy indicator.,"GA Ch 2.3 Supp, Section 14.3.4. IUCN; FAO; WHO.",https://ipbes.net/global-assessment,2,2 – Medium,Species providing medicinal resources are threatened by climate-driven range shifts and habitat loss; distribution of medicinal plants shifting under warming.,IPBES,GBF-T4; GBF-T11; GBF-T13,[INT-L-004]; [INT-L-007]
IPBES-NCP-15,NCP 15: Learning and inspiration,IPBES Global Assessment,Benefit,Nature & Biodiversity,Ecosystem service flow,Proxy: Biodiversity Intactness Index; number of species studied per scientific publication,Global,Kunming-Montreal GBF: Relevant to GBF Target 11 (nature's contributions to people – NCPs) and GBF Goal B (ecosystem services to people). Informs SDG 15 (Life on Land) and SDG 2 (Zero Hunger) via IPBES NCP assessment. IPBES NCP 15 proxy indicator.,"GA Ch 2.3 Supp, Section 15.3.4. BII; Web of Science bibliometrics.",https://ipbes.net/global-assessment,0,0 – None,Learning and inspiration NCP proxied by biodiversity intactness and scientific output; not directly climate-dependent in measurement.,IPBES,GBF-T11; GBF-T21,[INT-L-004]; [INT-L-007]
IPBES-NCP-16,NCP 16: Physical and psychological experiences,IPBES Global Assessment,Benefit,Nature & Biodiversity,Ecosystem service flow,Proxy: Tourism in natural areas; access to green/blue space,Global,Kunming-Montreal GBF: Relevant to GBF Target 11 (nature's contributions to people – NCPs) and GBF Goal B (ecosystem services to people). Informs SDG 15 (Life on Land) and SDG 2 (Zero Hunger) via IPBES NCP assessment. IPBES NCP 16 proxy indicator.,"GA Ch 2.3 Supp, Section 16.3.4. UNWTO; Protected Planet visitor data.",https://ipbes.net/global-assessment,1,1 – Low,Extreme weather and climate-driven habitat change can reduce amenity value of natural areas; temperature affects outdoor recreation suitability seasonally.,IPBES,GBF-T11,[INT-L-004]; [INT-L-007]
IPBES-NCP-17,NCP 17: Supporting identities,IPBES Global Assessment,Benefit,Nature & Biodiversity,Ecosystem service flow,Proxy: Index of Linguistic Diversity; extent of sacred natural sites and territories,Global,Kunming-Montreal GBF: Relevant to GBF Target 11 (nature's contributions to people – NCPs) and GBF Goal B (ecosystem services to people). Informs SDG 15 (Life on Land) and SDG 2 (Zero Hunger) via IPBES NCP assessment. IPBES NCP 17 proxy indicator.,"GA Ch 2.3 Supp, Section 17.3.4. UNESCO; IUCN; Gorenflo et al.",https://ipbes.net/global-assessment,0,0 – None,Cultural identity NCP proxied by linguistic diversity and sacred site extent; not directly measured using climate data.,IPBES,GBF-T11; GBF-T22,[INT-L-004]; [INT-L-007]
IPBES-NCP-18,NCP 18: Maintenance of options for the future,IPBES Global Assessment,Benefit,Nature & Biodiversity,Ecosystem service flow,Proxy: Biodiversity Intactness Index; Red List Index; genetic diversity indicators,Global,Kunming-Montreal GBF: Relevant to GBF Goal A (maintain biodiversity options for the future) and GBF Target 4. SDG 15.5 (halt biodiversity loss). Informs IPBES GA option value NCP.,"GA Ch 2.3 Supp, Section 18.3.4. BII; RLI; genetic diversity pilot index.",https://ipbes.net/global-assessment,2,2 – Medium,Option values depend on maintaining biodiversity; climate change increasingly threatens the options provided by biodiversity through extinction and range contraction.,IPBES,GBF-GoalA; GBF-T4; GBF-T11,[INT-L-004]; [INT-L-007]
IPBES-D-001,GDP per capita,IPBES Global Assessment,Enabling,"Finance | Governance, Society & Data",Policy / governance metric,USD (constant prices); trend,Global,Kunming-Montreal GBF: Informs GBF monitoring framework via IPBES drivers chapter on indirect drivers of biodiversity loss. SDG 15 (Life on Land); SDG 17 (Partnerships for the Goals).,"GA Ch 2.1 Supp, Table 2. World Bank.",https://ipbes.net/global-assessment,0,0 – None,GDP per capita is an economic statistic; no climate data used in measurement; climate change may affect GDP through damages and adaptation costs.,World Bank,GBF-T14; GBF-T15,[INT-L-004]; [INT-L-007]
IPBES-D-002,KOF Globalisation Index,IPBES Global Assessment,Enabling,"Governance, Society & Data",Policy / governance metric,Index (0–100); trend,Global,Kunming-Montreal GBF: Informs GBF monitoring framework via IPBES drivers chapter on indirect drivers of biodiversity loss. SDG 15 (Life on Land); SDG 17 (Partnerships for the Goals).,"GA Ch 2.1 Supp, Table 2. KOF Swiss Economic Institute.",https://ipbes.net/global-assessment,0,0 – None,"Globalisation index derived from trade, social and political openness metrics; no climate data inputs.",KOF Swiss Economic Institute,GBF-T14; GBF-T15,[INT-L-004]; [INT-L-007]
IPBES-D-003,Human Development Index,IPBES Global Assessment,Enabling,"Governance, Society & Data",Policy / governance metric,Index (0–1); trend,Global,Kunming-Montreal GBF: Informs GBF monitoring framework via IPBES drivers chapter on indirect drivers of biodiversity loss. SDG 15 (Life on Land); SDG 17 (Partnerships for the Goals).,"GA Ch 2.1 Supp, Table 2. UNDP HDR.",https://ipbes.net/global-assessment,0,0 – None,"HDI composite of income, education and health; no climate data used directly; climate change affects health and income components indirectly.",UNDP,GBF-T14,[INT-L-004]; [INT-L-007]
IPBES-D-004,Poverty gap (at $1.90/day),IPBES Global Assessment,Enabling,"Governance, Society & Data",Policy / governance metric,%; depth of poverty below $1.90/day threshold,Global,Kunming-Montreal GBF: Informs GBF monitoring framework via IPBES drivers chapter on indirect drivers of biodiversity loss. SDG 15 (Life on Land); SDG 17 (Partnerships for the Goals).,"GA Ch 2.1 Supp, Table 2. World Bank PovcalNet.",https://ipbes.net/global-assessment,0,0 – None,Poverty metric from household survey data; no climate inputs; climate change may exacerbate poverty indirectly through agricultural losses.,World Bank,GBF-T14,[INT-L-004]; [INT-L-007]
IPBES-D-005,Domestic Material Consumption per capita,IPBES Global Assessment,Enabling,"Governance, Society & Data",Policy / governance metric,tonnes/person/year,Global,Kunming-Montreal GBF: Informs GBF monitoring framework via IPBES drivers chapter on indirect drivers of biodiversity loss. SDG 15 (Life on Land); SDG 17 (Partnerships for the Goals).,"GA Ch 2.1 Supp, Table 2. UNEP IRP Global Material Flows.",https://ipbes.net/global-assessment,0,0 – None,Material consumption tracked from material flow accounts; no climate data inputs.,UNEP IRP,GBF-T16,[INT-L-004]; [INT-L-007]
IPBES-D-006,Ecological footprint per capita,IPBES Global Assessment,Enabling,"Governance, Society & Data",Policy / governance metric,global hectares (gha) per person,Global,Kunming-Montreal GBF: Informs GBF monitoring framework via IPBES drivers chapter on indirect drivers of biodiversity loss. SDG 15 (Life on Land); SDG 17 (Partnerships for the Goals).,"GA Ch 2.1 Supp, Table 2. Global Footprint Network.",https://ipbes.net/global-assessment,1,1 – Low,Biocapacity component affected by climate-driven agricultural productivity variability; calculated primarily from production statistics.,Global Footprint Network,GBF-T10; GBF-T16,[INT-L-004]; [INT-L-007]
IPBES-D-007,Biocapacity per capita,IPBES Global Assessment,Enabling,"Governance, Society & Data",Policy / governance metric,global hectares (gha) of biologically productive land and sea per person,Global,Kunming-Montreal GBF: Informs GBF monitoring framework via IPBES drivers chapter on indirect drivers of biodiversity loss. SDG 15 (Life on Land); SDG 17 (Partnerships for the Goals).,"GA Ch 2.1 Supp, Table 2. Global Footprint Network.",https://ipbes.net/global-assessment,1,1 – Low,Biocapacity is affected by climate variability through agricultural and fishery productivity; Global Footprint Network accounts use production data indirectly sensitive to climate.,Global Footprint Network,GBF-T10; GBF-T16,[INT-L-004]; [INT-L-007]
IPBES-D-008,Water footprint (production),IPBES Global Assessment,Enabling,"Water | Governance, Society & Data",Policy / governance metric,km³/year of water embedded in goods and services,Global,Kunming-Montreal GBF: Informs GBF monitoring framework via IPBES drivers chapter on indirect drivers of biodiversity loss. SDG 15 (Life on Land); SDG 17 (Partnerships for the Goals).,"GA Ch 2.1 Supp, Table 2. Water Footprint Network / Hoekstra.",https://ipbes.net/global-assessment,2,2 – Medium,Water footprint influenced by evapotranspiration rates (climate-dependent) and drought-induced irrigation demand; green water component is directly climate-sensitive.,Water Footprint Network,GBF-T7,[INT-L-004]; [INT-L-007]
IPBES-D-009,Total population,IPBES Global Assessment,Enabling,"Governance, Society & Data",Policy / governance metric,billions; trend,Global,Kunming-Montreal GBF: Informs GBF monitoring framework via IPBES drivers chapter on indirect drivers of biodiversity loss. SDG 15 (Life on Land); SDG 17 (Partnerships for the Goals).,"GA Ch 2.1 Supp, Table 2. UN World Population Prospects.",https://ipbes.net/global-assessment,0,0 – None,Population size from demographic data; no climate inputs; climate-induced migration may affect local distributions but not global total.,UN DESA,GBF-T14,[INT-L-004]; [INT-L-007]
IPBES-D-010,Urban population (%),IPBES Global Assessment,Enabling,"Urban & Buildings | Governance, Society & Data",Policy / governance metric,% of total population living in urban areas,Global,Kunming-Montreal GBF: Informs GBF monitoring framework via IPBES drivers chapter on indirect drivers of biodiversity loss. SDG 15 (Life on Land); SDG 17 (Partnerships for the Goals).,"GA Ch 2.1 Supp, Table 2. UN World Urbanization Prospects.",https://ipbes.net/global-assessment,0,0 – None,Urbanisation rate from census and survey data; no climate data inputs.,UN DESA,GBF-T12; GBF-T14,[INT-L-004]; [INT-L-007]
IPBES-D-011,International migrant stock,IPBES Global Assessment,Enabling,"Governance, Society & Data",Policy / governance metric,millions of international migrants; trend,Global,Kunming-Montreal GBF: Informs GBF monitoring framework via IPBES drivers chapter on indirect drivers of biodiversity loss. SDG 15 (Life on Land); SDG 17 (Partnerships for the Goals).,"GA Ch 2.1 Supp, Table 2. UN DESA International Migration.",https://ipbes.net/global-assessment,0,0 – None,Migrant stock from administrative records; no climate data directly; climate migration is an emerging driver not yet cleanly separated.,UN DESA,GBF-T14,[INT-L-004]; [INT-L-007]
IPBES-D-012,Political stability and absence of violence index,IPBES Global Assessment,Enabling,"Governance, Society & Data",Policy / governance metric,Index (−2.5 to +2.5); trend,Global,"Kunming-Montreal GBF: Relevant to GBF Targets 3, 19 and 20 (governance and finance for biodiversity). Informs IPBES drivers chapter on policy responses. SDG 15 (Life on Land); SDG 17 (Partnerships).","GA Ch 2.1 Supp, Table 2. World Bank WGI.",https://ipbes.net/global-assessment,0,0 – None,Political stability index from expert surveys; no climate data inputs; climate change may indirectly affect political stability through resource conflicts.,World Bank,GBF-T14,[INT-L-004]; [INT-L-007]
IPBES-D-013,Merchandise exports (current USD),IPBES Global Assessment,Enabling,"Trade & Industry | Governance, Society & Data",Policy / governance metric,USD trillion/year; trend,Global,Kunming-Montreal GBF: Informs GBF monitoring framework via IPBES drivers chapter on indirect drivers of biodiversity loss. SDG 15 (Life on Land); SDG 17 (Partnerships for the Goals).,"GA Ch 2.1 Supp, Table 2. WTO/World Bank trade data.",https://ipbes.net/global-assessment,0,0 – None,Trade volume from customs and WTO data; no climate data inputs.,WTO; World Bank,GBF-T14; GBF-T15,[INT-L-004]; [INT-L-007]
IPBES-D-014,Calorie intake per capita (kcal/person/day),IPBES Global Assessment,Enabling,"Land Use & Agriculture | Governance, Society & Data",Policy / governance metric,kcal/person/day; trend,Global,Kunming-Montreal GBF: Informs GBF monitoring framework via IPBES drivers chapter on indirect drivers of biodiversity loss. SDG 15 (Life on Land); SDG 17 (Partnerships for the Goals).,"GA Ch 2.1 Supp, Table 2. FAOSTAT food balance sheets.",https://ipbes.net/global-assessment,1,1 – Low,Caloric intake partly climate-sensitive through food supply variability from climate-affected agriculture; calculated from food production data.,FAO,GBF-T10,[INT-L-004]; [INT-L-007]
IPBES-D-015,Child mortality rate (under-5 per 1000),IPBES Global Assessment,Enabling,"Health | Governance, Society & Data",Policy / governance metric,deaths per 1000 live births (under-5); trend,Global,Kunming-Montreal GBF: Informs GBF monitoring framework via IPBES drivers chapter on indirect drivers of biodiversity loss. SDG 15 (Life on Land); SDG 17 (Partnerships for the Goals).,"GA Ch 2.1 Supp, Table 2. UNICEF/WHO/World Bank CME Info.",https://ipbes.net/global-assessment,0,0 – None,Child mortality from vital registration and survey data; no direct climate inputs; climate-linked malnutrition and disease may contribute indirectly.,UNICEF; WHO; World Bank,GBF-T14,[INT-L-004]; [INT-L-007]
IPBES-D-016,Gini coefficient,IPBES Global Assessment,Enabling,"Governance, Society & Data",Policy / governance metric,Index (0–1; 0 = perfect equality); trend,Global,Kunming-Montreal GBF: Informs GBF monitoring framework via IPBES drivers chapter on indirect drivers of biodiversity loss. SDG 15 (Life on Land); SDG 17 (Partnerships for the Goals).,"GA Ch 2.1 Supp, Table 2. World Bank POVCAL; LIS.",https://ipbes.net/global-assessment,0,0 – None,Income inequality from household survey income data; no climate inputs.,World Bank,GBF-T14,[INT-L-004]; [INT-L-007]
IPBES-D-017,Energy use per capita (kg oil equivalent),IPBES Global Assessment,Enabling,"Energy | Governance, Society & Data",Policy / governance metric,kg oil equivalent/person/year; trend,Global,Kunming-Montreal GBF: Informs GBF monitoring framework via IPBES drivers chapter on indirect drivers of biodiversity loss. SDG 15 (Life on Land); SDG 17 (Partnerships for the Goals).,"GA Ch 2.1 Supp, Table 2. IEA World Energy Balances.",https://ipbes.net/global-assessment,1,1 – Low,Energy use slightly climate-sensitive through heating/cooling demand variability; primarily an economic and structural metric; IEA energy balance data.,IEA,GBF-T14; GBF-T15,[INT-L-004]; [INT-L-007]
IPBES-D-018,Fertilizer use (kg/ha arable land),IPBES Global Assessment,Pressure,Water | Land Use & Agriculture | Pollution & Waste,Pressure / threat index,"kg of nitrogen, phosphorus and potassium fertilizers/ha of arable land",Global,"Kunming-Montreal GBF: Relevant to GBF Target 10 (sustainable agriculture, aquaculture, forestry); Target 7 (reduce pollution). Informs IPBES direct drivers chapter. SDG 2 (Zero Hunger); SDG 15 (Life on Land).","GA Ch 2.1 Supp, Table 2. FAO STAT fertilizers.",https://ipbes.net/global-assessment,0,0 – None,Fertilizer application data from agricultural statistics; no climate data inputs; application rates may adjust to precipitation in practice but are not formally climate-adjusted.,FAO,GBF-T7; GBF-T10,[INT-L-004]; [INT-L-007]
IPBES-D-019,Pesticide use (kg/ha),IPBES Global Assessment,Pressure,Land Use & Agriculture | Biosecurity | Pollution & Waste,Pressure / threat index,kg pesticide active ingredient/ha agricultural land,Global,"Kunming-Montreal GBF: Relevant to GBF Target 10 (sustainable agriculture, aquaculture, forestry); Target 7 (reduce pollution). Informs IPBES direct drivers chapter. SDG 2 (Zero Hunger); SDG 15 (Life on Land).","GA Ch 2.1 Supp, Table 2. FAO STAT pesticides.",https://ipbes.net/global-assessment,0,0 – None,Pesticide use data from FAO agricultural statistics; no climate inputs to the metric itself.,FAO,GBF-T7; GBF-T10,[INT-L-004]; [INT-L-007]
IPBES-D-020,Fraction of cultivated and urban area (%),IPBES Global Assessment,Pressure,Land Use & Agriculture | Urban & Buildings,Pressure / threat index,"% of total land area under crops, pasture or urban land use",Global,"Kunming-Montreal GBF: Relevant to GBF Target 10 (sustainable agriculture, aquaculture, forestry); Target 7 (reduce pollution). Informs IPBES direct drivers chapter. SDG 2 (Zero Hunger); SDG 15 (Life on Land).","GA Ch 2.1 Supp, Table 2. HYDE 3.2; FAO GAEZ.",https://ipbes.net/global-assessment,1,1 – Low,Land use extent from remote sensing and census data; climate drives some agricultural frontier expansion (dryland agriculture responding to rainfall) but the primary metric is not climate-adjusted.,HYDE; FAO,GBF-T1; GBF-T10,[INT-L-004]; [INT-L-007]
IPBES-D-021,Extraction of living biomass (Mt/yr),IPBES Global Assessment,Pressure,Marine & Fisheries | Land Use & Agriculture | Energy,Pressure / threat index,"million tonnes/year of harvested living biomass (crops, timber, fish, livestock)",Global,Kunming-Montreal GBF: Informs GBF monitoring framework via IPBES drivers chapter on indirect drivers of biodiversity loss. SDG 15 (Life on Land); SDG 17 (Partnerships for the Goals).,"GA Ch 2.1 Supp, Table 2. UNEP IRP / Krausmann et al.",https://ipbes.net/global-assessment,1,1 – Low,Living biomass extraction partly affected by climate variability through crop yields and fish stocks; primarily tracked from production statistics.,UNEP IRP; Krausmann,GBF-T5; GBF-T10,[INT-L-004]; [INT-L-007]
IPBES-D-022,Extraction of non-living materials (Mt/yr),IPBES Global Assessment,Pressure,Trade & Industry | Land Use & Agriculture,Pressure / threat index,"million tonnes/year of fossil fuels, metals and non-metallic minerals extracted",Global,Kunming-Montreal GBF: Informs GBF monitoring framework via IPBES drivers chapter on indirect drivers of biodiversity loss. SDG 15 (Life on Land); SDG 17 (Partnerships for the Goals).,"GA Ch 2.1 Supp, Table 2. UNEP IRP.",https://ipbes.net/global-assessment,0,0 – None,Non-living materials extraction tracked from industry and mining statistics; no climate data inputs; habitat destruction from extraction is the biodiversity pathway.,UNEP IRP,GBF-T14; GBF-T15,[INT-L-004]; [INT-L-007]
IPBES-D-023,GHG emissions per capita (t CO₂e),IPBES Global Assessment,Pressure,Climate,Pressure / threat index,tonnes CO₂ equivalent per capita per year,Global,Kunming-Montreal GBF: Directly relevant to GBF Target 8 (minimise climate change impacts on biodiversity) and GBF Target 9 (nature-based solutions). SDG 13.2 (integrate climate measures into national policies). Core climate-biodiversity pressure driver in IPBES GA.,"GA Ch 2.1 Supp, Table 2. Global Carbon Project; EDGAR; IEA.",https://ipbes.net/global-assessment,3,3 – High,GHG emissions are the primary cause of climate change and hence the highest-level climate driver of biodiversity loss; this indicator IS a climate variable.,Global Carbon Project; IEA; EDGAR,GBF-T8; GBF-T9,[INT-L-004]; [INT-L-007]
IPBES-D-024,PM2.5 air pollution (µg/m³),IPBES Global Assessment,Pressure,Pollution & Waste,Pressure / threat index,mean annual PM2.5 concentration (µg/m³),Global,Kunming-Montreal GBF: Relevant to GBF Target 7 (reduce pollution to safe levels). Informs IPBES direct drivers chapter. SDG 14.1 (marine pollution); SDG 15.1 (terrestrial ecosystems).,"GA Ch 2.1 Supp, Table 2. WHO GHO; IHME GBD.",https://ipbes.net/global-assessment,1,1 – Low,"PM2.5 concentrations affected by meteorological conditions (mixing height, wind speed) and climate-driven wildfire smoke; primarily an emission metric.",WHO; IHME,GBF-T7,[INT-L-004]; [INT-L-007]
IPBES-D-025,Temperature anomaly (°C vs 1960–1969),IPBES Global Assessment,Pressure,Climate,Pressure / threat index,°C anomaly from 1960–1969 baseline; HadCRUT global mean surface temperature,Global,Kunming-Montreal GBF: Directly relevant to GBF Target 8 (minimise climate change impacts on biodiversity). SDG 13 (Climate Action). This IS the key climate biodiversity pressure driver in IPBES GA.,"GA Ch 2.1 Supp, Table 2; Figure S17. Jones et al. 2012; CRU/HadCRUT.",https://ipbes.net/global-assessment,3,3 – High,"Temperature anomaly IS a climate variable; this indicator directly measures the global warming signal that drives biodiversity loss through range shifts, phenological mismatch and extreme events.",Jones et al. / CRU; HadCRUT,GBF-T8,[INT-L-004]; [INT-L-007]
IPBES-D-026,Biodiversity Intactness Index (IPBES version),IPBES Global Assessment,State – Species,Nature & Biodiversity,Species index / trend,Index (0–1); IPBES GA version of BII for drivers chapter,Global,Kunming-Montreal GBF: GBF Goal A headline indicator (A.4). SDG 15.5. Used in IPBES Ch 2.1 as the state-of-biodiversity response variable against which drivers are regressed.,"GA Ch 2.1 Supp, Table 2. Newbold et al. 2016; PREDICTS/NHM.",https://ipbes.net/global-assessment,1,1 – Low,As N-037; used here as response variable for driver analysis; land use remains dominant driver in IPBES regression models.,PREDICTS; NHM,GBF-GoalA; GBF-T4,[INT-L-004]; [INT-L-007]; [INT-P-001]
IPBES-D-027,Cumulative alien species first records,IPBES Global Assessment,Pressure,Nature & Biodiversity | Biosecurity,Pressure / threat index,Cumulative number of new alien species establishment events per year,Global,Kunming-Montreal GBF: Relevant to GBF Target 6 (control invasive alien species). Informs IPBES direct drivers chapter. SDG 15.8 (invasive alien species).,"GA Ch 2.1 Supp, Table 2. Seebens et al. 2017.",https://ipbes.net/global-assessment,1,1 – Low,IAS introduction rates driven primarily by trade and travel; climate warming facilitates establishment and expansion of alien species – low to medium climate dependency.,Seebens et al.; GBIF,GBF-T6,[INT-L-004]; [INT-L-007]
IPBES-D-028,Livestock density – cattle (LSU/ha),IPBES Global Assessment,Pressure,Land Use & Agriculture,Pressure / threat index,livestock units (LSU) of cattle per hectare of agricultural land,Global,"Kunming-Montreal GBF: Relevant to GBF Target 10 (sustainable agriculture, aquaculture, forestry); Target 7 (reduce pollution). Informs IPBES direct drivers chapter. SDG 2 (Zero Hunger); SDG 15 (Life on Land).","GA Ch 2.1 Supp, Table 2. FAO STAT livestock density.",https://ipbes.net/global-assessment,0,0 – None,Livestock density from FAO agricultural census data; no climate data inputs; drought may affect stocking rates locally.,FAO,GBF-T10,[INT-L-004]; [INT-L-007]
IPBES-D-029,Livestock density – chickens (LSU/ha),IPBES Global Assessment,Pressure,Land Use & Agriculture,Pressure / threat index,livestock units (LSU) of poultry per hectare of agricultural land,Global,"Kunming-Montreal GBF: Relevant to GBF Target 10 (sustainable agriculture, aquaculture, forestry); Target 7 (reduce pollution). Informs IPBES direct drivers chapter. SDG 2 (Zero Hunger); SDG 15 (Life on Land).","GA Ch 2.1 Supp, Table 2. FAO STAT livestock density.",https://ipbes.net/global-assessment,0,0 – None,Poultry density from FAO census data; no climate inputs.,FAO,GBF-T10,[INT-L-004]; [INT-L-007]
IPBES-D-030,Protection of key biodiversity areas (%),IPBES Global Assessment,Enabling,"Nature & Biodiversity | Governance, Society & Data",Policy / governance metric,% of Key Biodiversity Areas covered by protected areas (SDG 15.1.2),Global,Kunming-Montreal GBF: GBF Target 3 (30×30 – protect land and sea). SDG 15.1.2 official indicator. Informs IPBES drivers chapter on conservation response.,"GA Ch 2.1 Supp, Table 2. WDPA; KBA database; BirdLife International.",https://ipbes.net/global-assessment,0,0 – None,Protected area and KBA coverage from designation databases; no climate data inputs.,IUCN; UNEP-WCMC; BirdLife,GBF-T3,[INT-L-004]; [INT-L-007]; [INT-P-001]
IPBES-D-031,"Protected area coverage (marine and terrestrial, %)",IPBES Global Assessment,Enabling,Nature & Biodiversity | Marine & Fisheries | Water,Policy / governance metric,"% of terrestrial, inland water and marine area under protected area",Global,Kunming-Montreal GBF: GBF Target 3 (30×30). Informs IPBES drivers chapter on conservation response. SDG 14.5 and 15.1.,"GA Ch 2.1 Supp, Table 2. WDPA; Protected Planet.",https://ipbes.net/global-assessment,0,0 – None,Protected area coverage from WDPA designation database; no climate data inputs.,IUCN; UNEP-WCMC,GBF-T3,[INT-L-004]; [INT-L-007]; [INT-P-001]
IPBES-D-032,Protected area management effectiveness (%),IPBES Global Assessment,Enabling,"Nature & Biodiversity | Governance, Society & Data",Policy / governance metric,% of protected areas with completed management effectiveness assessments,Global,"Kunming-Montreal GBF: Relevant to GBF Targets 3, 19 and 20 (governance and finance for biodiversity). Informs IPBES drivers chapter on policy responses. SDG 15 (Life on Land); SDG 17 (Partnerships).","GA Ch 2.1 Supp, Table 2. GD-PAME; WCPA.",https://ipbes.net/global-assessment,0,0 – None,Management effectiveness from PAME assessment records; no climate data.,IUCN WCPA; UNEP-WCMC,GBF-T3,[INT-L-004]; [INT-L-007]
IPBES-D-033,Payments for Ecosystem Services (compliance – biodiversity offsets),IPBES Global Assessment,Enabling,"Nature & Biodiversity | Governance, Society & Data",Policy / governance metric,Total area (ha) under mandatory biodiversity offset schemes globally,Global,"Kunming-Montreal GBF: Relevant to GBF Targets 3, 19 and 20 (governance and finance for biodiversity). Informs IPBES drivers chapter on policy responses. SDG 15 (Life on Land); SDG 17 (Partnerships).","GA Ch 2.1 Supp, Table 2. BBOP; Madsen et al.",https://ipbes.net/global-assessment,0,0 – None,PES compliance data from national regulatory records; no climate data inputs.,BBOP; IUCN,GBF-T18; GBF-T19,[INT-L-004]; [INT-L-007]
IPBES-D-034,Payments for Ecosystem Services (compliance – forest carbon),IPBES Global Assessment,Enabling,Nature & Biodiversity | Land Use & Agriculture | Climate,Policy / governance metric,Total area (ha) and value (USD) under REDD+/forest carbon schemes,Global,Kunming-Montreal GBF: Relevant to GBF Target 9 (nature-based solutions for climate) and GBF Target 19 (financial flows). SDG 15.b (sustainable forest management finance).,"GA Ch 2.1 Supp, Table 2. UNFCCC REDD+; Forest Carbon Partnership Facility.",https://ipbes.net/global-assessment,1,1 – Low,Forest carbon schemes incentivise retention of carbon-rich habitats; climate data used in carbon accounting but scheme coverage itself is a governance metric.,UNFCCC; World Bank,GBF-T9; GBF-T19,[INT-L-004]; [INT-L-007]
IPBES-D-035,Convention participation – UNFCCC (no. parties),IPBES Global Assessment,Enabling,"Governance, Society & Data",Policy / governance metric,Number of Parties to the UNFCCC; trend,Global,Kunming-Montreal GBF: Relevant to GBF Target 8 (climate-biodiversity nexus) and GBF Target 14 (governance). SDG 13.2 (integrate climate change into national policies).,"GA Ch 2.1 Supp, Table 2. UNFCCC Treaty Status.",https://ipbes.net/global-assessment,0,0 – None,Treaty membership from UNFCCC records; no climate data; tracks climate governance engagement.,UNFCCC,GBF-T8; GBF-T14,[INT-L-004]; [INT-L-007]
IPBES-D-036,Convention participation – CBD (no. parties),IPBES Global Assessment,Enabling,"Governance, Society & Data",Policy / governance metric,Number of Parties to the Convention on Biological Diversity; trend,Global,Kunming-Montreal GBF: Directly relevant to GBF Target 14 (governance and policy). SDG 15.9 (integrate biodiversity into planning).,"GA Ch 2.1 Supp, Table 2. CBD Treaty Status.",https://ipbes.net/global-assessment,0,0 – None,Treaty membership from CBD records; no climate data inputs.,CBD Secretariat,GBF-T14; GBF-T17,[INT-L-004]; [INT-L-007]; [INT-P-001]
IPBES-D-037,Convention participation – Montreal Protocol (no. parties),IPBES Global Assessment,Enabling,"Governance, Society & Data | Pollution & Waste",Policy / governance metric,Number of Parties to the Montreal Protocol on Ozone Depleting Substances,Global,"Kunming-Montreal GBF: Relevant to GBF Targets 3, 19 and 20 (governance and finance for biodiversity). Informs IPBES drivers chapter on policy responses. SDG 15 (Life on Land); SDG 17 (Partnerships).","GA Ch 2.1 Supp, Table 2. UNEP Ozone Secretariat.",https://ipbes.net/global-assessment,0,0 – None,Treaty membership from UNEP Ozone Secretariat records; no climate inputs.,UNEP Ozone Secretariat,GBF-T14,[INT-L-004]; [INT-L-007]
IPBES-D-038,Convention participation – Nagoya Protocol (no. parties),IPBES Global Assessment,Enabling,"Governance, Society & Data",Policy / governance metric,Number of CBD Parties that have ratified the Nagoya Protocol on ABS,Global,Kunming-Montreal GBF: Relevant to GBF Target 13 (genetic resources and benefit sharing). SDG 15.6 (fair and equitable sharing of benefits from genetic resources).,"GA Ch 2.1 Supp, Table 2. CBD ABS Clearing-House.",https://ipbes.net/global-assessment,0,0 – None,Treaty ratification from CBD records; no climate data.,CBD Secretariat,GBF-T13; GBF-T14,[INT-L-004]; [INT-L-007]
IPBES-D-039,Agriculture share of total credit (%),IPBES Global Assessment,Enabling,"Land Use & Agriculture | Finance | Governance, Society & Data",Policy / governance metric,% of total domestic credit allocated to the agriculture sector,Global,Kunming-Montreal GBF: Informs GBF monitoring framework via IPBES drivers chapter on indirect drivers of biodiversity loss. SDG 15 (Life on Land); SDG 17 (Partnerships for the Goals).,"GA Ch 2.1 Supp, Table 2. World Bank financial data.",https://ipbes.net/global-assessment,0,0 – None,Credit allocation from banking and financial sector statistics; no climate data inputs.,World Bank,GBF-T14; GBF-T18,[INT-L-004]; [INT-L-007]
IPBES-D-040,Organic agriculture area (km²),IPBES Global Assessment,Enabling,"Land Use & Agriculture | Governance, Society & Data",Policy / governance metric,km² of certified organic agricultural area globally,Global,"Kunming-Montreal GBF: Relevant to GBF Target 10 (sustainable agriculture, reduced pesticide use). SDG 2.4 (sustainable food production). Informs IPBES drivers chapter on agricultural governance.","GA Ch 2.1 Supp, Table 2. FiBL/IFOAM Organics International.",https://ipbes.net/global-assessment,0,0 – None,Organic area from certification records (FiBL/IFOAM); no climate data inputs.,FiBL; IFOAM,GBF-T10,[INT-L-004]; [INT-L-007]
IPBES-D-041,Roundwood production – fuel (m³),IPBES Global Assessment,Pressure,Land Use & Agriculture,Pressure / threat index,m³ of fuelwood produced annually; trend,Global,"Kunming-Montreal GBF: Relevant to GBF Target 10 (sustainable agriculture, aquaculture, forestry); Target 7 (reduce pollution). Informs IPBES direct drivers chapter. SDG 2 (Zero Hunger); SDG 15 (Life on Land).","GA Ch 2.1 Supp, Table 2. FAO STAT forestry.",https://ipbes.net/global-assessment,0,0 – None,Fuelwood production from FAO forestry statistics; no climate data inputs; deforestation for fuel is the primary biodiversity pathway.,FAO,GBF-T2; GBF-T10,[INT-L-004]; [INT-L-007]
IPBES-D-042,Roundwood production – industrial (m³),IPBES Global Assessment,Pressure,Land Use & Agriculture | Trade & Industry,Pressure / threat index,m³ of industrial roundwood produced annually; trend,Global,"Kunming-Montreal GBF: Relevant to GBF Target 10 (sustainable agriculture, aquaculture, forestry); Target 7 (reduce pollution). Informs IPBES direct drivers chapter. SDG 2 (Zero Hunger); SDG 15 (Life on Land).","GA Ch 2.1 Supp, Table 2. FAO STAT forestry.",https://ipbes.net/global-assessment,0,0 – None,Industrial timber production from FAO statistics; no climate data inputs.,FAO,GBF-T2; GBF-T10,[INT-L-004]; [INT-L-007]
IPBES-D-043,International tourism arrivals (millions),IPBES Global Assessment,Pressure,Transport | Biosecurity,Pressure / threat index,millions of international tourist arrivals per year; trend,Global,Kunming-Montreal GBF: Relevant to GBF Target 6 (control invasive alien species). Informs IPBES direct drivers chapter. SDG 15.8 (invasive alien species).,"GA Ch 2.1 Supp, Table 2. UNWTO.",https://ipbes.net/global-assessment,1,1 – Low,Tourism volume facilitates IAS introduction via international travel; climate change is reshaping destination attractiveness but tourism volume is primarily an economic metric.,UNWTO,GBF-T6; GBF-T14,[INT-L-004]; [INT-L-007]
IPBES-D-044,Container port traffic (TEU),IPBES Global Assessment,Enabling,"Governance, Society & Data",Policy / governance metric,twenty-foot equivalent units (TEU) of container port traffic per year,Global,Kunming-Montreal GBF: Informs GBF monitoring framework via IPBES drivers chapter on indirect drivers of biodiversity loss. SDG 15 (Life on Land); SDG 17 (Partnerships for the Goals).,"GA Ch 2.1 Supp, Table 2. World Bank / UNCTAD.",https://ipbes.net/global-assessment,0,0 – None,Port traffic from shipping industry statistics; no climate inputs; facilitates IAS introduction via ballast water and hull fouling.,World Bank; UNCTAD,GBF-T6,[INT-L-004]; [INT-L-007]
IPBES-D-045,Air departures (thousands),IPBES Global Assessment,Pressure,Transport,Pressure / threat index,thousands of registered air carrier departures per year,Global,Kunming-Montreal GBF: Relevant to GBF Target 6 (control invasive alien species). Informs IPBES direct drivers chapter. SDG 15.8 (invasive alien species).,"GA Ch 2.1 Supp, Table 2. World Bank transport data.",https://ipbes.net/global-assessment,0,0 – None,Air travel volumes from transport statistics; no climate data inputs; facilitates IAS introduction via air freight and passenger routes.,World Bank,GBF-T6,[INT-L-004]; [INT-L-007]
