Record_ID,Indicator_Name,Source_Framework,NCF_Category,Policy_Sector,Indicator_Type,Units_Measure,Scope,Policy_Goal,Source_Reference,Data_Source,Climate_Score,Climate_Dependency,Climate_Rationale,SDG_Goals_Clean,SDG_Target_Code,SDG_Indicator_Code,Policy_Links
SDG-001,"Proportion of the population living below the international poverty line by sex, age, employment status and geographic location (urban/rural)",UN Sustainable Development Goals (SDGs),Enabling,"Urban & Buildings | Governance, Society & Data",Socio-economic statistic,,Global,,"UN General Assembly Resolution A/RES/71/313, Annex – Global Indicator Framework for the SDGs (2017). Indicator 1.1.1. https://unstats.un.org/sdgs/indicators/indicators-list/",UN Statistics Division – SDG Global Database (https://unstats.un.org/sdgs/dataportal),0,0 – None,"Headcount against an income threshold, from household survey data. No climate or weather input.",SDG-1,SDG-1.1,1.1.1,[INT-P-001]
SDG-002,"Proportion of population living below the national poverty line, by sex and age",UN Sustainable Development Goals (SDGs),Enabling,"Governance, Society & Data",Socio-economic statistic,,Global,,"UN General Assembly Resolution A/RES/71/313, Annex – Global Indicator Framework for the SDGs (2017). Indicator 1.2.1. https://unstats.un.org/sdgs/indicators/indicators-list/",UN Statistics Division – SDG Global Database (https://unstats.un.org/sdgs/dataportal),0,0 – None,"Headcount against a national income threshold, from household survey data. No climate or weather input.",SDG-1,SDG-1.2,1.2.1,[INT-P-001]
SDG-003,"Proportion of men, women and children of all ages living in poverty in all its dimensions according to national definitions",UN Sustainable Development Goals (SDGs),Enabling,"Governance, Society & Data",Socio-economic statistic,,Global,,"UN General Assembly Resolution A/RES/71/313, Annex – Global Indicator Framework for the SDGs (2017). Indicator 1.2.2. https://unstats.un.org/sdgs/indicators/indicators-list/",UN Statistics Division – SDG Global Database (https://unstats.un.org/sdgs/dataportal),0,0 – None,Multidimensional poverty headcount from survey data against national definitions. No climate or weather input.,SDG-1,SDG-1.2,1.2.2,[INT-P-001]
SDG-004,"Proportion of population covered by social protection floors/systems, by sex, distinguishing children, unemployed persons, older persons, persons with disabilities, pregnant women, newborns, work-injury victims and the poor and the vulnerable",UN Sustainable Development Goals (SDGs),Enabling,"Health | Governance, Society & Data",Policy / governance metric,,Global,,"UN General Assembly Resolution A/RES/71/313, Annex – Global Indicator Framework for the SDGs (2017). Indicator 1.3.1. https://unstats.un.org/sdgs/indicators/indicators-list/",UN Statistics Division – SDG Global Database (https://unstats.un.org/sdgs/dataportal),0,0 – None,Administrative count of social protection coverage. No climate or weather input.,SDG-1,SDG-1.3,1.3.1,[INT-P-001]
SDG-005,Proportion of population living in households with access to basic services,UN Sustainable Development Goals (SDGs),Enabling,"Governance, Society & Data",Socio-economic statistic,,Global,,"UN General Assembly Resolution A/RES/71/313, Annex – Global Indicator Framework for the SDGs (2017). Indicator 1.4.1. https://unstats.un.org/sdgs/indicators/indicators-list/",UN Statistics Division – SDG Global Database (https://unstats.un.org/sdgs/dataportal),0,0 – None,Survey-based count of households with access to basic services. No climate or weather input.,SDG-1,SDG-1.4,1.4.1,[INT-P-001]
SDG-006,"Proportion of total adult population with secure tenure rights to land, (a) with legally recognized documentation, and (b) who perceive their rights to land as secure, by sex and type of tenure",UN Sustainable Development Goals (SDGs),Enabling,"Governance, Society & Data",Policy / governance metric,,Global,,"UN General Assembly Resolution A/RES/71/313, Annex – Global Indicator Framework for the SDGs (2017). Indicator 1.4.2. https://unstats.un.org/sdgs/indicators/indicators-list/",UN Statistics Division – SDG Global Database (https://unstats.un.org/sdgs/dataportal),0,0 – None,Tenure documentation and perception survey. No climate or weather input.,SDG-1,SDG-1.4,1.4.2,[INT-P-001]
SDG-007,"Number of deaths, missing persons and directly affected persons attributed to disasters per 100,000 population",UN Sustainable Development Goals (SDGs),Benefit,Climate | Health,Hazard impact,,Global,,"UN General Assembly Resolution A/RES/71/313, Annex – Global Indicator Framework for the SDGs (2017). Indicator 1.5.1. https://unstats.un.org/sdgs/indicators/indicators-list/",UN Statistics Division – SDG Global Database (https://unstats.un.org/sdgs/dataportal),2,2 – Medium,"A: disaster mortality and affected persons, where hydrometeorological hazards dominate the count and the Sendai methodology disaggregates by hazard type including climatological, meteorological and hydrological. Weather drives the value but is not itself an input to the calculation. Consistent with [GBF-180].",SDG-1,SDG-1.5,1.5.1,[INT-P-001]
SDG-008,Direct economic loss attributed to disasters in relation to global gross domestic product (GDP),UN Sustainable Development Goals (SDGs),Benefit,Finance,Hazard impact,,Global,,"UN General Assembly Resolution A/RES/71/313, Annex – Global Indicator Framework for the SDGs (2017). Indicator 1.5.2. https://unstats.un.org/sdgs/indicators/indicators-list/",UN Statistics Division – SDG Global Database (https://unstats.un.org/sdgs/dataportal),2,2 – Medium,"Direct economic loss from disasters, on the same Sendai hazard classification as 1.5.1: weather-driven events dominate the loss total, but loss is computed from damage assessment rather than from weather data.",SDG-1,SDG-1.5,1.5.2,[INT-P-001]
SDG-009,Number of countries that adopt and implement national disaster risk reduction strategies in line with the Sendai Framework for Disaster Risk Reduction 2015–2030,UN Sustainable Development Goals (SDGs),Enabling,"Climate | Governance, Society & Data",Policy / governance metric,,Global,,"UN General Assembly Resolution A/RES/71/313, Annex – Global Indicator Framework for the SDGs (2017). Indicator 1.5.3. https://unstats.un.org/sdgs/indicators/indicators-list/",UN Statistics Division – SDG Global Database (https://unstats.un.org/sdgs/dataportal),0,0 – None,"Count of countries with national DRR strategies. no climate or weather data enter the calculation and weather does not move the value. Climate relevance of the subject is carried by Policy_Sector, not by this score (rule A).",SDG-1,SDG-1.5,1.5.3,[INT-P-001]
SDG-010,Proportion of local governments that adopt and implement local disaster risk reduction strategies in line with national disaster risk reduction strategies,UN Sustainable Development Goals (SDGs),Enabling,"Governance, Society & Data",Policy / governance metric,,Global,,"UN General Assembly Resolution A/RES/71/313, Annex – Global Indicator Framework for the SDGs (2017). Indicator 1.5.4. https://unstats.un.org/sdgs/indicators/indicators-list/",UN Statistics Division – SDG Global Database (https://unstats.un.org/sdgs/dataportal),0,0 – None,"Count of local governments with DRR strategies. no climate or weather data enter the calculation and weather does not move the value. Climate relevance of the subject is carried by Policy_Sector, not by this score (rule A).",SDG-1,SDG-1.5,1.5.4,[INT-P-001]
SDG-011,Total official development assistance grants from all donors that focus on poverty reduction as a share of the recipient country’s gross national income,UN Sustainable Development Goals (SDGs),Enabling,"Finance | Governance, Society & Data",Expenditure,,Global,,"UN General Assembly Resolution A/RES/71/313, Annex – Global Indicator Framework for the SDGs (2017). Indicator 1.a.1. https://unstats.un.org/sdgs/indicators/indicators-list/",UN Statistics Division – SDG Global Database (https://unstats.un.org/sdgs/dataportal),0,0 – None,Official development assistance flows as a share of recipient GNI. Financial accounting only.,SDG-1,SDG-1.a,1.a.1,[INT-P-001]
SDG-012,"Proportion of total government spending on essential services (education, health and social protection)",UN Sustainable Development Goals (SDGs),Enabling,"Finance | Health | Governance, Society & Data",Expenditure,,Global,,"UN General Assembly Resolution A/RES/71/313, Annex – Global Indicator Framework for the SDGs (2017). Indicator 1.a.2. https://unstats.un.org/sdgs/indicators/indicators-list/",UN Statistics Division – SDG Global Database (https://unstats.un.org/sdgs/dataportal),0,0 – None,Government expenditure shares. Financial accounting only.,SDG-1,SDG-1.a,1.a.2,[INT-P-001]
SDG-013,Pro-poor public social spending,UN Sustainable Development Goals (SDGs),Enabling,Finance,Expenditure,,Global,,"UN General Assembly Resolution A/RES/71/313, Annex – Global Indicator Framework for the SDGs (2017). Indicator 1.b.1. https://unstats.un.org/sdgs/indicators/indicators-list/",UN Statistics Division – SDG Global Database (https://unstats.un.org/sdgs/dataportal),0,0 – None,Public social spending measure. Financial accounting only.,SDG-1,SDG-1.b,1.b.1,[INT-P-001]
SDG-014,Prevalence of undernourishment,UN Sustainable Development Goals (SDGs),Benefit,Health,Human wellbeing / engagement,,Global,,"UN General Assembly Resolution A/RES/71/313, Annex – Global Indicator Framework for the SDGs (2017). Indicator 2.1.1. https://unstats.un.org/sdgs/indicators/indicators-list/",UN Statistics Division – SDG Global Database (https://unstats.un.org/sdgs/dataportal),2,2 – Medium,"FAO prevalence of undernourishment is modelled from dietary energy supply, which is built on crop and livestock production data; inter-annual weather moves production and therefore the estimate.",SDG-2,SDG-2.1,2.1.1,[INT-P-001]
SDG-015,"Prevalence of moderate or severe food insecurity in the population, based on the Food Insecurity Experience Scale (FIES)",UN Sustainable Development Goals (SDGs),Benefit,Land Use & Agriculture,Human wellbeing / engagement,,Global,,"UN General Assembly Resolution A/RES/71/313, Annex – Global Indicator Framework for the SDGs (2017). Indicator 2.1.2. https://unstats.un.org/sdgs/indicators/indicators-list/",UN Statistics Division – SDG Global Database (https://unstats.un.org/sdgs/dataportal),2,2 – Medium,"Experience-based food insecurity scale. Weather data are not used, but harvest and price shocks driven by inter-annual weather move the measured prevalence.",SDG-2,SDG-2.1,2.1.2,[INT-P-001]
SDG-016,Prevalence of stunting (height for age <-2 standard deviation from the median of the World Health Organization (WHO) Child Growth Standards) among children under 5 years of age,UN Sustainable Development Goals (SDGs),Benefit,Health,Human wellbeing / engagement,,Global,,"UN General Assembly Resolution A/RES/71/313, Annex – Global Indicator Framework for the SDGs (2017). Indicator 2.2.1. https://unstats.un.org/sdgs/indicators/indicators-list/",UN Statistics Division – SDG Global Database (https://unstats.un.org/sdgs/dataportal),1,1 – Low,Child stunting reflects chronic nutrition over years; climate acts only as a distant background driver of food availability.,SDG-2,SDG-2.2,2.2.1,[INT-P-001]
SDG-017,"Prevalence of malnutrition (weight for height >+2 or <-2 standard deviation from the median of the WHO Child Growth Standards) among children under 5 years of age, by type (wasting and overweight)",UN Sustainable Development Goals (SDGs),Benefit,Health,Human wellbeing / engagement,,Global,,"UN General Assembly Resolution A/RES/71/313, Annex – Global Indicator Framework for the SDGs (2017). Indicator 2.2.2. https://unstats.un.org/sdgs/indicators/indicators-list/",UN Statistics Division – SDG Global Database (https://unstats.un.org/sdgs/dataportal),2,2 – Medium,"Child wasting responds acutely to seasonal and drought-driven food shortage, so inter-annual weather moves the value, though no weather data enter the calculation.",SDG-2,SDG-2.2,2.2.2,[INT-P-001]
SDG-018,"Prevalence of anaemia in women aged 15 to 49 years, by pregnancy status (percentage)",UN Sustainable Development Goals (SDGs),Benefit,Health,Human wellbeing / engagement,,Global,,"UN General Assembly Resolution A/RES/71/313, Annex – Global Indicator Framework for the SDGs (2017). Indicator 2.2.3. https://unstats.un.org/sdgs/indicators/indicators-list/",UN Statistics Division – SDG Global Database (https://unstats.un.org/sdgs/dataportal),0,0 – None,Anaemia prevalence from health survey and biomarker data. No climate or weather input.,SDG-2,SDG-2.2,2.2.3,[INT-P-001]
SDG-019,Volume of production per labour unit by classes of farming/pastoral/forestry enterprise size,UN Sustainable Development Goals (SDGs),Benefit,Land Use & Agriculture,Ecosystem service flow,,Global,,"UN General Assembly Resolution A/RES/71/313, Annex – Global Indicator Framework for the SDGs (2017). Indicator 2.3.1. https://unstats.un.org/sdgs/indicators/indicators-list/",UN Statistics Division – SDG Global Database (https://unstats.un.org/sdgs/dataportal),1,1 – Low,"A: production per labour unit. Output varies with weather, but the indicator is constructed from production and labour statistics. Consistent with [GBF-170].",SDG-2,SDG-2.3,2.3.1,[INT-P-001]
SDG-020,"Average income of small-scale food producers, by sex and indigenous status",UN Sustainable Development Goals (SDGs),Benefit,"Land Use & Agriculture | Governance, Society & Data",Socio-economic statistic,,Global,,"UN General Assembly Resolution A/RES/71/313, Annex – Global Indicator Framework for the SDGs (2017). Indicator 2.3.2. https://unstats.un.org/sdgs/indicators/indicators-list/",UN Statistics Division – SDG Global Database (https://unstats.un.org/sdgs/dataportal),1,1 – Low,"A: income of small-scale food producers, from income and production statistics. Consistent with [GBF-073].",SDG-2,SDG-2.3,2.3.2,[INT-P-001]
SDG-021,Proportion of agricultural area under productive and sustainable agriculture,UN Sustainable Development Goals (SDGs),Enabling,Land Use & Agriculture,Policy / governance metric,,Global,,"UN General Assembly Resolution A/RES/71/313, Annex – Global Indicator Framework for the SDGs (2017). Indicator 2.4.1. https://unstats.un.org/sdgs/indicators/indicators-list/",UN Statistics Division – SDG Global Database (https://unstats.un.org/sdgs/dataportal),1,1 – Low,"A: an 11-sub-indicator composite of farm sustainability, assessed by survey rather than from climate data. Consistent with [GBF-020].",SDG-2,SDG-2.4,2.4.1,[INT-P-001]
SDG-022,Number of plant and animal genetic resources for food and agriculture secured in either medium- or long-term conservation facilities,UN Sustainable Development Goals (SDGs),Enabling,Nature & Biodiversity | Land Use & Agriculture,Policy / governance metric,,Global,,"UN General Assembly Resolution A/RES/71/313, Annex – Global Indicator Framework for the SDGs (2017). Indicator 2.5.1. https://unstats.un.org/sdgs/indicators/indicators-list/",UN Statistics Division – SDG Global Database (https://unstats.un.org/sdgs/dataportal),0,0 – None,A: count of accessions held in ex situ conservation facilities. Administrative record. Consistent with [GBF-060].,SDG-2,SDG-2.5,2.5.1,[INT-P-001]
SDG-023,Proportion of local breeds classified as being at risk of extinction,UN Sustainable Development Goals (SDGs),State – Species,Nature & Biodiversity,Species index / trend,,Global,,"UN General Assembly Resolution A/RES/71/313, Annex – Global Indicator Framework for the SDGs (2017). Indicator 2.5.2. https://unstats.un.org/sdgs/indicators/indicators-list/",UN Statistics Division – SDG Global Database (https://unstats.un.org/sdgs/dataportal),0,0 – None,"A: proportion of local breeds at risk, from breed population registers. Consistent with [GBF-063].",SDG-2,SDG-2.5,2.5.2,[INT-P-001]
SDG-024,The agriculture orientation index for government expenditures,UN Sustainable Development Goals (SDGs),Enabling,"Land Use & Agriculture | Finance | Governance, Society & Data",Expenditure,,Global,,"UN General Assembly Resolution A/RES/71/313, Annex – Global Indicator Framework for the SDGs (2017). Indicator 2.a.1. https://unstats.un.org/sdgs/indicators/indicators-list/",UN Statistics Division – SDG Global Database (https://unstats.un.org/sdgs/dataportal),0,0 – None,Ratio of agriculture expenditure share to agriculture GDP share. Financial accounting only.,SDG-2,SDG-2.a,2.a.1,[INT-P-001]
SDG-025,Total official flows (official development assistance plus other official flows) to the agriculture sector,UN Sustainable Development Goals (SDGs),Enabling,Land Use & Agriculture | Finance,Expenditure,,Global,,"UN General Assembly Resolution A/RES/71/313, Annex – Global Indicator Framework for the SDGs (2017). Indicator 2.a.2. https://unstats.un.org/sdgs/indicators/indicators-list/",UN Statistics Division – SDG Global Database (https://unstats.un.org/sdgs/dataportal),0,0 – None,Official flows to the agriculture sector. Financial accounting only.,SDG-2,SDG-2.a,2.a.2,[INT-P-001]
SDG-026,Agricultural export subsidies,UN Sustainable Development Goals (SDGs),Enabling,Land Use & Agriculture | Trade & Industry | Finance,Expenditure,,Global,,"UN General Assembly Resolution A/RES/71/313, Annex – Global Indicator Framework for the SDGs (2017). Indicator 2.b.1. https://unstats.un.org/sdgs/indicators/indicators-list/",UN Statistics Division – SDG Global Database (https://unstats.un.org/sdgs/dataportal),0,0 – None,Reported agricultural export subsidies. Financial accounting only.,SDG-2,SDG-2.b,2.b.1,[INT-P-001]
SDG-027,Indicator of food price anomalies,UN Sustainable Development Goals (SDGs),Benefit,Land Use & Agriculture | Trade & Industry | Finance,Socio-economic statistic,,Global,,"UN General Assembly Resolution A/RES/71/313, Annex – Global Indicator Framework for the SDGs (2017). Indicator 2.c.1. https://unstats.un.org/sdgs/indicators/indicators-list/",UN Statistics Division – SDG Global Database (https://unstats.un.org/sdgs/dataportal),2,2 – Medium,"The food price anomaly indicator is a statistical measure of price volatility; weather-driven supply shocks are a principal cause of the anomalies it detects, so inter-annual weather moves the value.",SDG-2,SDG-2.c,2.c.1,[INT-P-001]
SDG-028,"(a) Proportion of total agricultural population with ownership or secure rights over agricultural land, by sex; and (b) share of women among owners or rights-bearers of agricultural land, by type of tenure",UN Sustainable Development Goals (SDGs),Enabling,"Land Use & Agriculture | Governance, Society & Data",Policy / governance metric,,Global,,"UN General Assembly Resolution A/RES/71/313, Annex – Global Indicator Framework for the SDGs (2017). Indicator 5.a.1. https://unstats.un.org/sdgs/indicators/indicators-list/",UN Statistics Division – SDG Global Database (https://unstats.un.org/sdgs/dataportal),0,0 – None,"Agricultural land ownership and rights by sex, from survey and tenure records. No climate or weather input.",SDG-5,SDG-5.a,5.a.1,[INT-P-001]
SDG-029,Proportion of countries where the legal framework (including customary law) guarantees women’s equal rights to land ownership and/or control,UN Sustainable Development Goals (SDGs),Enabling,"Governance, Society & Data",Policy / governance metric,,Global,,"UN General Assembly Resolution A/RES/71/313, Annex – Global Indicator Framework for the SDGs (2017). Indicator 5.a.2. https://unstats.un.org/sdgs/indicators/indicators-list/",UN Statistics Division – SDG Global Database (https://unstats.un.org/sdgs/dataportal),0,0 – None,A: legal framework assessment. Consistent with [GBF-200].,SDG-5,SDG-5.a,5.a.2,[INT-P-001]
SDG-030,"Proportion of individuals who own a mobile telephone, by sex",UN Sustainable Development Goals (SDGs),Enabling,"Governance, Society & Data",Socio-economic statistic,,Global,,"UN General Assembly Resolution A/RES/71/313, Annex – Global Indicator Framework for the SDGs (2017). Indicator 5.b.1. https://unstats.un.org/sdgs/indicators/indicators-list/",UN Statistics Division – SDG Global Database (https://unstats.un.org/sdgs/dataportal),0,0 – None,"Mobile telephone ownership by sex, from survey data. No climate or weather input.",SDG-5,SDG-5.b,5.b.1,[INT-P-001]
SDG-031,Proportion of countries with systems to track and make public allocations for gender equality and women’s empowerment,UN Sustainable Development Goals (SDGs),Enabling,"Governance, Society & Data",Policy / governance metric,,Global,,"UN General Assembly Resolution A/RES/71/313, Annex – Global Indicator Framework for the SDGs (2017). Indicator 5.c.1. https://unstats.un.org/sdgs/indicators/indicators-list/",UN Statistics Division – SDG Global Database (https://unstats.un.org/sdgs/dataportal),0,0 – None,A: count of countries with gender budget tracking systems. Consistent with [GBF-198].,SDG-5,SDG-5.c,5.c.1,[INT-P-001]
SDG-032,Proportion of population using safely managed drinking water services,UN Sustainable Development Goals (SDGs),Benefit,"Water | Governance, Society & Data",Ecosystem service flow,,Global,,"UN General Assembly Resolution A/RES/71/313, Annex – Global Indicator Framework for the SDGs (2017). Indicator 6.1.1. https://unstats.un.org/sdgs/indicators/indicators-list/",UN Statistics Division – SDG Global Database (https://unstats.un.org/sdgs/dataportal),0,0 – None,"A: service-level classification of drinking water supply, from household survey and provider records rather than from hydrology. Consistent with [GBF-178].",SDG-6,SDG-6.1,6.1.1,[INT-P-001]
SDG-033,Proportion of population using (a) safely managed sanitation services and (b) a hand-washing facility with soap and water,UN Sustainable Development Goals (SDGs),Benefit,"Water | Governance, Society & Data",Ecosystem service flow,,Global,,"UN General Assembly Resolution A/RES/71/313, Annex – Global Indicator Framework for the SDGs (2017). Indicator 6.2.1. https://unstats.un.org/sdgs/indicators/indicators-list/",UN Statistics Division – SDG Global Database (https://unstats.un.org/sdgs/dataportal),0,0 – None,"Service-level classification of sanitation and handwashing facilities, from survey data. No climate or weather input.",SDG-6,SDG-6.2,6.2.1,[INT-P-001]
SDG-034,Proportion of domestic and industrial wastewater flows safely treated,UN Sustainable Development Goals (SDGs),Enabling,Water | Trade & Industry | Pollution & Waste,Policy / governance metric,,Global,,"UN General Assembly Resolution A/RES/71/313, Annex – Global Indicator Framework for the SDGs (2017). Indicator 6.3.1. https://unstats.un.org/sdgs/indicators/indicators-list/",UN Statistics Division – SDG Global Database (https://unstats.un.org/sdgs/dataportal),0,0 – None,"A: proportion of wastewater flows safely treated, from treatment plant records. Consistent with [GBF-067].",SDG-6,SDG-6.3,6.3.1,[INT-P-001]
SDG-035,Proportion of bodies of water with good ambient water quality,UN Sustainable Development Goals (SDGs),State – Habitats,Water,Water quality,,Global,,"UN General Assembly Resolution A/RES/71/313, Annex – Global Indicator Framework for the SDGs (2017). Indicator 6.3.2. https://unstats.un.org/sdgs/indicators/indicators-list/",UN Statistics Division – SDG Global Database (https://unstats.un.org/sdgs/dataportal),2,2 – Medium,"A: ambient water quality classification from monitoring data. Measured concentrations vary with flow, temperature and dilution, so inter-annual weather moves the value. Consistent with [GBF-075].",SDG-6,SDG-6.3,6.3.2,[INT-P-001]
SDG-036,Change in water-use efficiency over time,UN Sustainable Development Goals (SDGs),Enabling,Water,Ecosystem service flow,,Global,,"UN General Assembly Resolution A/RES/71/313, Annex – Global Indicator Framework for the SDGs (2017). Indicator 6.4.1. https://unstats.un.org/sdgs/indicators/indicators-list/",UN Statistics Division – SDG Global Database (https://unstats.un.org/sdgs/dataportal),2,2 – Medium,"A: value added per volume of water withdrawn. Withdrawals, particularly for irrigation, respond to inter-annual rainfall. Consistent with [GBF-185].",SDG-6,SDG-6.4,6.4.1,[INT-P-001]
SDG-037,Level of water stress: freshwater withdrawal as a proportion of available freshwater resources,UN Sustainable Development Goals (SDGs),Pressure,Water,Pressure / threat index,,Global,,"UN General Assembly Resolution A/RES/71/313, Annex – Global Indicator Framework for the SDGs (2017). Indicator 6.4.2. https://unstats.un.org/sdgs/indicators/indicators-list/",UN Statistics Division – SDG Global Database (https://unstats.un.org/sdgs/dataportal),3,3 – High,"A: the denominator is total renewable freshwater resources, computed from precipitation and runoff, so climatic data are a direct input to the calculation. Consistent with [GBF-076].",SDG-6,SDG-6.4,6.4.2,[INT-P-001]
SDG-038,Degree of integrated water resources management,UN Sustainable Development Goals (SDGs),Enabling,Water,Policy / governance metric,,Global,,"UN General Assembly Resolution A/RES/71/313, Annex – Global Indicator Framework for the SDGs (2017). Indicator 6.5.1. https://unstats.un.org/sdgs/indicators/indicators-list/",UN Statistics Division – SDG Global Database (https://unstats.un.org/sdgs/dataportal),1,1 – Low,"Questionnaire-based score of integrated water resources management. The governed subject is a climate-driven physical system, but the measure is an administrative assessment.",SDG-6,SDG-6.5,6.5.1,[INT-P-001]
SDG-039,Proportion of transboundary basin area with an operational arrangement for water cooperation,UN Sustainable Development Goals (SDGs),Enabling,Water,Policy / governance metric,,Global,,"UN General Assembly Resolution A/RES/71/313, Annex – Global Indicator Framework for the SDGs (2017). Indicator 6.5.2. https://unstats.un.org/sdgs/indicators/indicators-list/",UN Statistics Division – SDG Global Database (https://unstats.un.org/sdgs/dataportal),0,0 – None,A: proportion of transboundary basin area under an operational cooperation arrangement. Administrative count. Consistent with [GBF-140].,SDG-6,SDG-6.5,6.5.2,[INT-P-001]
SDG-040,Change in the extent of water-related ecosystems over time,UN Sustainable Development Goals (SDGs),State – Habitats,Nature & Biodiversity | Water,Habitat extent / condition,,Global,,"UN General Assembly Resolution A/RES/71/313, Annex – Global Indicator Framework for the SDGs (2017). Indicator 6.6.1. https://unstats.un.org/sdgs/indicators/indicators-list/",UN Statistics Division – SDG Global Database (https://unstats.un.org/sdgs/dataportal),2,2 – Medium,"Surface-water extent from satellite time series; precipitation moves it strongly year to year, but no climate data enter the classification (Legend 2, rules D and G; aligned with [IPBES-N-018], [BIP-017], [GBF-102]).",SDG-6,SDG-6.6,6.6.1,[INT-P-001]
SDG-041,Amount of water- and sanitation-related official development assistance that is part of a government-coordinated spending plan,UN Sustainable Development Goals (SDGs),Enabling,"Water | Finance | Governance, Society & Data",Expenditure,,Global,,"UN General Assembly Resolution A/RES/71/313, Annex – Global Indicator Framework for the SDGs (2017). Indicator 6.a.1. https://unstats.un.org/sdgs/indicators/indicators-list/",UN Statistics Division – SDG Global Database (https://unstats.un.org/sdgs/dataportal),0,0 – None,Water and sanitation official development assistance within a coordinated spending plan. Financial accounting only.,SDG-6,SDG-6.a,6.a.1,[INT-P-001]
SDG-042,Proportion of local administrative units with established and operational policies and procedures for participation of local communities in water and sanitation management,UN Sustainable Development Goals (SDGs),Enabling,"Water | Governance, Society & Data",Policy / governance metric,,Global,,"UN General Assembly Resolution A/RES/71/313, Annex – Global Indicator Framework for the SDGs (2017). Indicator 6.b.1. https://unstats.un.org/sdgs/indicators/indicators-list/",UN Statistics Division – SDG Global Database (https://unstats.un.org/sdgs/dataportal),0,0 – None,Count of local administrative units with participation procedures. Administrative count.,SDG-6,SDG-6.b,6.b.1,[INT-P-001]
SDG-043,Proportion of population with access to electricity,UN Sustainable Development Goals (SDGs),Enabling,"Energy | Governance, Society & Data",Socio-economic statistic,,Global,,"UN General Assembly Resolution A/RES/71/313, Annex – Global Indicator Framework for the SDGs (2017). Indicator 7.1.1. https://unstats.un.org/sdgs/indicators/indicators-list/",UN Statistics Division – SDG Global Database (https://unstats.un.org/sdgs/dataportal),0,0 – None,"Proportion of population with an electricity connection, from survey and utility records. No climate or weather input.",SDG-7,SDG-7.1,7.1.1,[INT-P-001]
SDG-044,Proportion of population with primary reliance on clean fuels and technology,UN Sustainable Development Goals (SDGs),Enabling,"Governance, Society & Data",Socio-economic statistic,,Global,,"UN General Assembly Resolution A/RES/71/313, Annex – Global Indicator Framework for the SDGs (2017). Indicator 7.1.2. https://unstats.un.org/sdgs/indicators/indicators-list/",UN Statistics Division – SDG Global Database (https://unstats.un.org/sdgs/dataportal),0,0 – None,Primary cooking and heating fuel from household survey data. No climate or weather input.,SDG-7,SDG-7.1,7.1.2,[INT-P-001]
SDG-045,Renewable energy share in the total final energy consumption,UN Sustainable Development Goals (SDGs),Enabling,Energy,Deployment / uptake,,Global,,"UN General Assembly Resolution A/RES/71/313, Annex – Global Indicator Framework for the SDGs (2017). Indicator 7.2.1. https://unstats.un.org/sdgs/indicators/indicators-list/",UN Statistics Division – SDG Global Database (https://unstats.un.org/sdgs/dataportal),2,2 – Medium,"Renewable share of total final energy consumption. Hydro, wind and solar output vary with weather year to year, so inter-annual weather moves the measured share.",SDG-7,SDG-7.2,7.2.1,[INT-P-001]
SDG-046,Energy intensity measured in terms of primary energy and GDP,UN Sustainable Development Goals (SDGs),Pressure,Finance | Energy,Intensity metric,,Global,,"UN General Assembly Resolution A/RES/71/313, Annex – Global Indicator Framework for the SDGs (2017). Indicator 7.3.1. https://unstats.un.org/sdgs/indicators/indicators-list/",UN Statistics Division – SDG Global Database (https://unstats.un.org/sdgs/dataportal),1,1 – Low,"Primary energy per unit of GDP; heating and cooling demand move it modestly with weather but weather is not an input (Legend 1, rules C and G; aligned with [IND-C-055], [IND-B-169]).",SDG-7,SDG-7.3,7.3.1,[INT-P-001]
SDG-047,"International financial flows to developing countries in support of clean energy research and development and renewable energy production, including in hybrid systems",UN Sustainable Development Goals (SDGs),Enabling,Finance | Energy,Expenditure,,Global,,"UN General Assembly Resolution A/RES/71/313, Annex – Global Indicator Framework for the SDGs (2017). Indicator 7.a.1. https://unstats.un.org/sdgs/indicators/indicators-list/",UN Statistics Division – SDG Global Database (https://unstats.un.org/sdgs/dataportal),0,0 – None,International financial flows for clean energy research and production. Financial accounting only.,SDG-7,SDG-7.a,7.a.1,[INT-P-001]
SDG-048,Installed renewable energy-generating capacity in developing countries (in watts per capita),UN Sustainable Development Goals (SDGs),Enabling,Energy,Deployment / uptake,,Global,,"UN General Assembly Resolution A/RES/71/313, Annex – Global Indicator Framework for the SDGs (2017). Indicator 7.b.1. https://unstats.un.org/sdgs/indicators/indicators-list/",UN Statistics Division – SDG Global Database (https://unstats.un.org/sdgs/dataportal),0,0 – None,"Installed renewable capacity per capita is a stock of plant from registration data; no climate or weather data enter the calculation and weather does not move the value. Climate relevance of the subject is carried by Policy_Sector, not by this score (rule A). Aligned with [IND-C-006] to [IND-C-008].",SDG-7,SDG-7.b,7.b.1,[INT-P-001]
SDG-049,Annual growth rate of real GDP per capita,UN Sustainable Development Goals (SDGs),Enabling,Finance,Socio-economic statistic,,Global,,"UN General Assembly Resolution A/RES/71/313, Annex – Global Indicator Framework for the SDGs (2017). Indicator 8.1.1. https://unstats.un.org/sdgs/indicators/indicators-list/",UN Statistics Division – SDG Global Database (https://unstats.un.org/sdgs/dataportal),1,1 – Low,Real GDP per capita growth. Climate acts as a background driver of macroeconomic performance but no climate data enter national accounts.,SDG-8,SDG-8.1,8.1.1,[INT-P-001]
SDG-050,Annual growth rate of real GDP per employed person,UN Sustainable Development Goals (SDGs),Enabling,Finance,Socio-economic statistic,,Global,,"UN General Assembly Resolution A/RES/71/313, Annex – Global Indicator Framework for the SDGs (2017). Indicator 8.2.1. https://unstats.un.org/sdgs/indicators/indicators-list/",UN Statistics Division – SDG Global Database (https://unstats.un.org/sdgs/dataportal),1,1 – Low,Real GDP per employed person. Climate is a background driver only.,SDG-8,SDG-8.2,8.2.1,[INT-P-001]
SDG-051,"Proportion of informal employment in total employment, by sector and sex",UN Sustainable Development Goals (SDGs),Enabling,"Governance, Society & Data",Socio-economic statistic,,Global,,"UN General Assembly Resolution A/RES/71/313, Annex – Global Indicator Framework for the SDGs (2017). Indicator 8.3.1. https://unstats.un.org/sdgs/indicators/indicators-list/",UN Statistics Division – SDG Global Database (https://unstats.un.org/sdgs/dataportal),0,0 – None,Informal employment share from labour force survey data. No climate or weather input.,SDG-8,SDG-8.3,8.3.1,[INT-P-001]
SDG-052,"Material footprint, material footprint per capita, and material footprint per GDP",UN Sustainable Development Goals (SDGs),Pressure,Finance,Consumption footprint,,Global,,"UN General Assembly Resolution A/RES/71/313, Annex – Global Indicator Framework for the SDGs (2017). Indicator 8.4.1. https://unstats.un.org/sdgs/indicators/indicators-list/",UN Statistics Division – SDG Global Database (https://unstats.un.org/sdgs/dataportal),1,1 – Low,"Material footprint from material flow accounts; the biomass component reflects weather-sensitive harvests, but the account is built from trade and production statistics.",SDG-8,SDG-8.4,8.4.1,[INT-P-001]
SDG-053,"Domestic material consumption, domestic material consumption per capita, and domestic material consumption per GDP",UN Sustainable Development Goals (SDGs),Pressure,Finance,Consumption footprint,,Global,,"UN General Assembly Resolution A/RES/71/313, Annex – Global Indicator Framework for the SDGs (2017). Indicator 8.4.2. https://unstats.un.org/sdgs/indicators/indicators-list/",UN Statistics Division – SDG Global Database (https://unstats.un.org/sdgs/dataportal),1,1 – Low,Domestic material consumption from material flow accounts; same reasoning as the material footprint.,SDG-8,SDG-8.4,8.4.2,[INT-P-001]
SDG-054,"Average hourly earnings of employees, by sex, age, occupation and persons with disabilities",UN Sustainable Development Goals (SDGs),Enabling,Health,Socio-economic statistic,,Global,,"UN General Assembly Resolution A/RES/71/313, Annex – Global Indicator Framework for the SDGs (2017). Indicator 8.5.1. https://unstats.un.org/sdgs/indicators/indicators-list/",UN Statistics Division – SDG Global Database (https://unstats.un.org/sdgs/dataportal),0,0 – None,Average hourly earnings from labour statistics. No climate or weather input.,SDG-8,SDG-8.5,8.5.1,[INT-P-001]
SDG-055,"Unemployment rate, by sex, age and persons with disabilities",UN Sustainable Development Goals (SDGs),Enabling,Health,Socio-economic statistic,,Global,,"UN General Assembly Resolution A/RES/71/313, Annex – Global Indicator Framework for the SDGs (2017). Indicator 8.5.2. https://unstats.un.org/sdgs/indicators/indicators-list/",UN Statistics Division – SDG Global Database (https://unstats.un.org/sdgs/dataportal),0,0 – None,Unemployment rate from labour force survey data. No climate or weather input.,SDG-8,SDG-8.5,8.5.2,[INT-P-001]
SDG-056,"Proportion of youth (aged 15–24 years) not in education, employment or training",UN Sustainable Development Goals (SDGs),Enabling,"Governance, Society & Data",Socio-economic statistic,,Global,,"UN General Assembly Resolution A/RES/71/313, Annex – Global Indicator Framework for the SDGs (2017). Indicator 8.6.1. https://unstats.un.org/sdgs/indicators/indicators-list/",UN Statistics Division – SDG Global Database (https://unstats.un.org/sdgs/dataportal),0,0 – None,"Youth not in education, employment or training, from survey data. No climate or weather input.",SDG-8,SDG-8.6,8.6.1,[INT-P-001]
SDG-057,"Proportion and number of children aged 5–17 years engaged in child labour, by sex and age",UN Sustainable Development Goals (SDGs),Enabling,"Governance, Society & Data",Socio-economic statistic,,Global,,"UN General Assembly Resolution A/RES/71/313, Annex – Global Indicator Framework for the SDGs (2017). Indicator 8.7.1. https://unstats.un.org/sdgs/indicators/indicators-list/",UN Statistics Division – SDG Global Database (https://unstats.un.org/sdgs/dataportal),0,0 – None,Child labour prevalence from survey data. No climate or weather input.,SDG-8,SDG-8.7,8.7.1,[INT-P-001]
SDG-058,"Fatal and non-fatal occupational injuries per 100,000 workers, by sex and migrant status",UN Sustainable Development Goals (SDGs),Enabling,"Governance, Society & Data",Socio-economic statistic,,Global,,"UN General Assembly Resolution A/RES/71/313, Annex – Global Indicator Framework for the SDGs (2017). Indicator 8.8.1. https://unstats.un.org/sdgs/indicators/indicators-list/",UN Statistics Division – SDG Global Database (https://unstats.un.org/sdgs/dataportal),1,1 – Low,"Occupational injury rates. Heat exposure is a recognised occupational risk factor, but the measure is a count of reported injuries with no weather input.",SDG-8,SDG-8.8,8.8.1,[INT-P-001]
SDG-059,"Level of national compliance with labour rights (freedom of association and collective bargaining) based on International Labour Organization (ILO) textual sources and national legislation, by sex and migrant status",UN Sustainable Development Goals (SDGs),Enabling,"Governance, Society & Data",Policy / governance metric,,Global,,"UN General Assembly Resolution A/RES/71/313, Annex – Global Indicator Framework for the SDGs (2017). Indicator 8.8.2. https://unstats.un.org/sdgs/indicators/indicators-list/",UN Statistics Division – SDG Global Database (https://unstats.un.org/sdgs/dataportal),0,0 – None,Textual assessment of national compliance with labour rights. No climate or weather input.,SDG-8,SDG-8.8,8.8.2,[INT-P-001]
SDG-060,Tourism direct GDP as a proportion of total GDP and in growth rate,UN Sustainable Development Goals (SDGs),Benefit,Finance,Socio-economic statistic,,Global,,"UN General Assembly Resolution A/RES/71/313, Annex – Global Indicator Framework for the SDGs (2017). Indicator 8.9.1. https://unstats.un.org/sdgs/indicators/indicators-list/",UN Statistics Division – SDG Global Database (https://unstats.un.org/sdgs/dataportal),1,1 – Low,"Tourism direct GDP as a share of total GDP. Tourism demand is seasonally and weather-sensitive, but at national aggregate the share is dominated by structural factors.",SDG-8,SDG-8.9,8.9.1,[INT-P-001]
SDG-061,"(a) Number of commercial bank branches per 100,000 adults and (b) number of automated teller machines (ATMs) per 100,000 adults",UN Sustainable Development Goals (SDGs),Enabling,Trade & Industry,Socio-economic statistic,,Global,,"UN General Assembly Resolution A/RES/71/313, Annex – Global Indicator Framework for the SDGs (2017). Indicator 8.10.1. https://unstats.un.org/sdgs/indicators/indicators-list/",UN Statistics Division – SDG Global Database (https://unstats.un.org/sdgs/dataportal),0,0 – None,"Bank branches and ATMs per 100,000 adults. Administrative count.",SDG-8,SDG-8.10,8.10.1,[INT-P-001]
SDG-062,Proportion of adults (15 years and older) with an account at a bank or other financial institution or with a mobile-money-service provider,UN Sustainable Development Goals (SDGs),Enabling,"Finance | Governance, Society & Data",Socio-economic statistic,,Global,,"UN General Assembly Resolution A/RES/71/313, Annex – Global Indicator Framework for the SDGs (2017). Indicator 8.10.2. https://unstats.un.org/sdgs/indicators/indicators-list/",UN Statistics Division – SDG Global Database (https://unstats.un.org/sdgs/dataportal),0,0 – None,Account ownership from financial inclusion survey data. No climate or weather input.,SDG-8,SDG-8.10,8.10.2,[INT-P-001]
SDG-063,Aid for Trade commitments and disbursements,UN Sustainable Development Goals (SDGs),Enabling,Trade & Industry,Expenditure,,Global,,"UN General Assembly Resolution A/RES/71/313, Annex – Global Indicator Framework for the SDGs (2017). Indicator 8.a.1. https://unstats.un.org/sdgs/indicators/indicators-list/",UN Statistics Division – SDG Global Database (https://unstats.un.org/sdgs/dataportal),0,0 – None,Aid for Trade commitments and disbursements. Financial accounting only.,SDG-8,SDG-8.a,8.a.1,[INT-P-001]
SDG-064,"Existence of a developed and operationalized national strategy for youth employment, as a distinct strategy or as part of a national employment strategy",UN Sustainable Development Goals (SDGs),Enabling,"Governance, Society & Data",Policy / governance metric,,Global,,"UN General Assembly Resolution A/RES/71/313, Annex – Global Indicator Framework for the SDGs (2017). Indicator 8.b.1. https://unstats.un.org/sdgs/indicators/indicators-list/",UN Statistics Division – SDG Global Database (https://unstats.un.org/sdgs/dataportal),0,0 – None,Existence of a national youth employment strategy. Administrative count.,SDG-8,SDG-8.b,8.b.1,[INT-P-001]
SDG-065,Proportion of the rural population who live within 2 km of an all-season road,UN Sustainable Development Goals (SDGs),Enabling,"Transport | Governance, Society & Data",Socio-economic statistic,,Global,,"UN General Assembly Resolution A/RES/71/313, Annex – Global Indicator Framework for the SDGs (2017). Indicator 9.1.1. https://unstats.un.org/sdgs/indicators/indicators-list/",UN Statistics Division – SDG Global Database (https://unstats.un.org/sdgs/dataportal),0,0 – None,Rural Access Index: GIS overlay of population on a road network classified as all-season. Weather defines the road class but no weather data enter and weather does not move the value (rule A).,SDG-9,SDG-9.1,9.1.1,[INT-P-001]
SDG-066,"Passenger and freight volumes, by mode of transport",UN Sustainable Development Goals (SDGs),Pressure,Transport,Demand / activity,,Global,,"UN General Assembly Resolution A/RES/71/313, Annex – Global Indicator Framework for the SDGs (2017). Indicator 9.1.2. https://unstats.un.org/sdgs/indicators/indicators-list/",UN Statistics Division – SDG Global Database (https://unstats.un.org/sdgs/dataportal),1,1 – Low,Passenger and freight volumes by mode. Weather disrupts transport but the measure is a traffic statistic.,SDG-9,SDG-9.1,9.1.2,[INT-P-001]
SDG-067,Manufacturing value added as a proportion of GDP and per capita,UN Sustainable Development Goals (SDGs),Enabling,Trade & Industry | Finance,Socio-economic statistic,,Global,,"UN General Assembly Resolution A/RES/71/313, Annex – Global Indicator Framework for the SDGs (2017). Indicator 9.2.1. https://unstats.un.org/sdgs/indicators/indicators-list/",UN Statistics Division – SDG Global Database (https://unstats.un.org/sdgs/dataportal),0,0 – None,Manufacturing value added from national accounts. No climate or weather input.,SDG-9,SDG-9.2,9.2.1,[INT-P-001]
SDG-068,Manufacturing employment as a proportion of total employment,UN Sustainable Development Goals (SDGs),Enabling,Trade & Industry,Socio-economic statistic,,Global,,"UN General Assembly Resolution A/RES/71/313, Annex – Global Indicator Framework for the SDGs (2017). Indicator 9.2.2. https://unstats.un.org/sdgs/indicators/indicators-list/",UN Statistics Division – SDG Global Database (https://unstats.un.org/sdgs/dataportal),0,0 – None,Manufacturing employment share from labour statistics. No climate or weather input.,SDG-9,SDG-9.2,9.2.2,[INT-P-001]
SDG-069,Proportion of small-scale industries in total industry value added,UN Sustainable Development Goals (SDGs),Enabling,Trade & Industry,Socio-economic statistic,,Global,,"UN General Assembly Resolution A/RES/71/313, Annex – Global Indicator Framework for the SDGs (2017). Indicator 9.3.1. https://unstats.un.org/sdgs/indicators/indicators-list/",UN Statistics Division – SDG Global Database (https://unstats.un.org/sdgs/dataportal),0,0 – None,Small-scale industry share of industrial value added. National accounts only.,SDG-9,SDG-9.3,9.3.1,[INT-P-001]
SDG-070,Proportion of small-scale industries with a loan or line of credit,UN Sustainable Development Goals (SDGs),Enabling,Trade & Industry,Socio-economic statistic,,Global,,"UN General Assembly Resolution A/RES/71/313, Annex – Global Indicator Framework for the SDGs (2017). Indicator 9.3.2. https://unstats.un.org/sdgs/indicators/indicators-list/",UN Statistics Division – SDG Global Database (https://unstats.un.org/sdgs/dataportal),0,0 – None,Small-scale industries holding a loan or line of credit. Financial statistics only.,SDG-9,SDG-9.3,9.3.2,[INT-P-001]
SDG-071,CO2 emission per unit of value added,UN Sustainable Development Goals (SDGs),Pressure,Climate,Emissions,,Global,,"UN General Assembly Resolution A/RES/71/313, Annex – Global Indicator Framework for the SDGs (2017). Indicator 9.4.1. https://unstats.un.org/sdgs/indicators/indicators-list/",UN Statistics Division – SDG Global Database (https://unstats.un.org/sdgs/dataportal),1,1 – Low,"CO2 emissions per unit of value added, from emissions inventories and national accounts. Scored consistently with the other emissions indicators in this workbook - [IND-C-001] total UK territorial GHG emissions, [IND-J-034] and [IND-B-165] all score 1. NOTE: [GBF-184] holds the same indicator at 3; the divergence is logged for the cross-sheet harmonisation pass.",SDG-9,SDG-9.4,9.4.1,[INT-P-001]
SDG-072,Research and development expenditure as a proportion of GDP,UN Sustainable Development Goals (SDGs),Enabling,Finance,Expenditure,,Global,,"UN General Assembly Resolution A/RES/71/313, Annex – Global Indicator Framework for the SDGs (2017). Indicator 9.5.1. https://unstats.un.org/sdgs/indicators/indicators-list/",UN Statistics Division – SDG Global Database (https://unstats.un.org/sdgs/dataportal),0,0 – None,Research and development expenditure as a share of GDP. Financial accounting only.,SDG-9,SDG-9.5,9.5.1,[INT-P-001]
SDG-073,Researchers (in full-time equivalent) per million inhabitants,UN Sustainable Development Goals (SDGs),Enabling,"Governance, Society & Data",Socio-economic statistic,,Global,,"UN General Assembly Resolution A/RES/71/313, Annex – Global Indicator Framework for the SDGs (2017). Indicator 9.5.2. https://unstats.un.org/sdgs/indicators/indicators-list/",UN Statistics Division – SDG Global Database (https://unstats.un.org/sdgs/dataportal),0,0 – None,A: researchers per million inhabitants. Administrative count. Consistent with [GBF-189].,SDG-9,SDG-9.5,9.5.2,[INT-P-001]
SDG-074,Total official international support (official development assistance plus other official flows) to infrastructure,UN Sustainable Development Goals (SDGs),Enabling,Finance,Expenditure,,Global,,"UN General Assembly Resolution A/RES/71/313, Annex – Global Indicator Framework for the SDGs (2017). Indicator 9.a.1. https://unstats.un.org/sdgs/indicators/indicators-list/",UN Statistics Division – SDG Global Database (https://unstats.un.org/sdgs/dataportal),0,0 – None,International support to infrastructure. Financial accounting only.,SDG-9,SDG-9.a,9.a.1,[INT-P-001]
SDG-075,Proportion of medium and high-tech industry value added in total value added,UN Sustainable Development Goals (SDGs),Enabling,Trade & Industry,Socio-economic statistic,,Global,,"UN General Assembly Resolution A/RES/71/313, Annex – Global Indicator Framework for the SDGs (2017). Indicator 9.b.1. https://unstats.un.org/sdgs/indicators/indicators-list/",UN Statistics Division – SDG Global Database (https://unstats.un.org/sdgs/dataportal),0,0 – None,Medium and high-tech share of industrial value added. National accounts only.,SDG-9,SDG-9.b,9.b.1,[INT-P-001]
SDG-076,"Proportion of population covered by a mobile network, by technology",UN Sustainable Development Goals (SDGs),Enabling,"Governance, Society & Data",Socio-economic statistic,,Global,,"UN General Assembly Resolution A/RES/71/313, Annex – Global Indicator Framework for the SDGs (2017). Indicator 9.c.1. https://unstats.un.org/sdgs/indicators/indicators-list/",UN Statistics Division – SDG Global Database (https://unstats.un.org/sdgs/dataportal),0,0 – None,Population covered by a mobile network. Infrastructure coverage count.,SDG-9,SDG-9.c,9.c.1,[INT-P-001]
SDG-077,Growth rates of household expenditure or income per capita among the bottom 40 per cent of the population and the total population,UN Sustainable Development Goals (SDGs),Enabling,"Finance | Governance, Society & Data",Socio-economic statistic,,Global,,"UN General Assembly Resolution A/RES/71/313, Annex – Global Indicator Framework for the SDGs (2017). Indicator 10.1.1. https://unstats.un.org/sdgs/indicators/indicators-list/",UN Statistics Division – SDG Global Database (https://unstats.un.org/sdgs/dataportal),0,0 – None,Household expenditure or income growth for the bottom 40 per cent. Survey data only.,SDG-10,SDG-10.1,10.1.1,[INT-P-001]
SDG-078,"Proportion of people living below 50 per cent of median income, by sex, age and persons with disabilities",UN Sustainable Development Goals (SDGs),Enabling,Health,Socio-economic statistic,,Global,,"UN General Assembly Resolution A/RES/71/313, Annex – Global Indicator Framework for the SDGs (2017). Indicator 10.2.1. https://unstats.un.org/sdgs/indicators/indicators-list/",UN Statistics Division – SDG Global Database (https://unstats.un.org/sdgs/dataportal),0,0 – None,Population below half median income. Survey data only.,SDG-10,SDG-10.2,10.2.1,[INT-P-001]
SDG-079,Proportion of population reporting having personally felt discriminated against or harassed in the previous 12 months on the basis of a ground of discrimination prohibited under international human rights law,UN Sustainable Development Goals (SDGs),Enabling,"Governance, Society & Data",Socio-economic statistic,,Global,,"UN General Assembly Resolution A/RES/71/313, Annex – Global Indicator Framework for the SDGs (2017). Indicator 10.3.1. https://unstats.un.org/sdgs/indicators/indicators-list/",UN Statistics Division – SDG Global Database (https://unstats.un.org/sdgs/dataportal),0,0 – None,Self-reported experience of discrimination. Survey data only.,SDG-10,SDG-10.3,10.3.1,[INT-P-001]
SDG-080,Labour share of GDP,UN Sustainable Development Goals (SDGs),Enabling,Finance,Socio-economic statistic,,Global,,"UN General Assembly Resolution A/RES/71/313, Annex – Global Indicator Framework for the SDGs (2017). Indicator 10.4.1. https://unstats.un.org/sdgs/indicators/indicators-list/",UN Statistics Division – SDG Global Database (https://unstats.un.org/sdgs/dataportal),0,0 – None,Labour share of GDP from national accounts. No climate or weather input.,SDG-10,SDG-10.4,10.4.1,[INT-P-001]
SDG-081,Redistributive impact of fiscal policy4,UN Sustainable Development Goals (SDGs),Enabling,Finance,Socio-economic statistic,,Global,,"UN General Assembly Resolution A/RES/71/313, Annex – Global Indicator Framework for the SDGs (2017). Indicator 10.4.2. https://unstats.un.org/sdgs/indicators/indicators-list/",UN Statistics Division – SDG Global Database (https://unstats.un.org/sdgs/dataportal),0,0 – None,Redistributive impact of fiscal policy. Fiscal modelling only.,SDG-10,SDG-10.4,10.4.2,[INT-P-001]
SDG-082,Financial Soundness Indicators,UN Sustainable Development Goals (SDGs),Enabling,Finance,Socio-economic statistic,,Global,,"UN General Assembly Resolution A/RES/71/313, Annex – Global Indicator Framework for the SDGs (2017). Indicator 10.5.1. https://unstats.un.org/sdgs/indicators/indicators-list/",UN Statistics Division – SDG Global Database (https://unstats.un.org/sdgs/dataportal),0,0 – None,Financial soundness indicators. Financial statistics only.,SDG-10,SDG-10.5,10.5.1,[INT-P-001]
SDG-083,Proportion of members and voting rights of developing countries in international organizations,UN Sustainable Development Goals (SDGs),Enabling,"Governance, Society & Data",Policy / governance metric,,Global,,"UN General Assembly Resolution A/RES/71/313, Annex – Global Indicator Framework for the SDGs (2017). Indicator 10.6.1. https://unstats.un.org/sdgs/indicators/indicators-list/",UN Statistics Division – SDG Global Database (https://unstats.un.org/sdgs/dataportal),0,0 – None,Voting rights of developing countries in international organisations. Administrative count.,SDG-10,SDG-10.6,10.6.1,[INT-P-001]
SDG-084,Recruitment cost borne by employee as a proportion of monthly income earned in country of destination,UN Sustainable Development Goals (SDGs),Enabling,"Governance, Society & Data | Finance",Socio-economic statistic,,Global,,"UN General Assembly Resolution A/RES/71/313, Annex – Global Indicator Framework for the SDGs (2017). Indicator 10.7.1. https://unstats.un.org/sdgs/indicators/indicators-list/",UN Statistics Division – SDG Global Database (https://unstats.un.org/sdgs/dataportal),0,0 – None,Recruitment cost borne by migrant workers. Survey data only.,SDG-10,SDG-10.7,10.7.1,[INT-P-001]
SDG-085,"Number of countries with migration policies that facilitate orderly, safe, regular and responsible migration and mobility of people",UN Sustainable Development Goals (SDGs),Enabling,Transport,Policy / governance metric,,Global,,"UN General Assembly Resolution A/RES/71/313, Annex – Global Indicator Framework for the SDGs (2017). Indicator 10.7.2. https://unstats.un.org/sdgs/indicators/indicators-list/",UN Statistics Division – SDG Global Database (https://unstats.un.org/sdgs/dataportal),0,0 – None,Count of countries with facilitating migration policies. Administrative count.,SDG-10,SDG-10.7,10.7.2,[INT-P-001]
SDG-086,Number of people who died or disappeared in the process of migration towards an international destinationi,UN Sustainable Development Goals (SDGs),Enabling,"Governance, Society & Data | Health",Socio-economic statistic,,Global,,"UN General Assembly Resolution A/RES/71/313, Annex – Global Indicator Framework for the SDGs (2017). Indicator 10.7.3. https://unstats.un.org/sdgs/indicators/indicators-list/",UN Statistics Division – SDG Global Database (https://unstats.un.org/sdgs/dataportal),1,1 – Low,"Deaths and disappearances during migration. Exposure on migration routes is affected by extreme heat and by sea conditions, but the measure is an incident count.",SDG-10,SDG-10.7,10.7.3,[INT-P-001]
SDG-087,"Proportion of the population who are refugees, by country of origin",UN Sustainable Development Goals (SDGs),Enabling,"Governance, Society & Data",Socio-economic statistic,,Global,,"UN General Assembly Resolution A/RES/71/313, Annex – Global Indicator Framework for the SDGs (2017). Indicator 10.7.4. https://unstats.un.org/sdgs/indicators/indicators-list/",UN Statistics Division – SDG Global Database (https://unstats.un.org/sdgs/dataportal),1,1 – Low,"Refugee population by country of origin. Climate is an increasingly recognised contributory driver of displacement, but the measure is a registration count.",SDG-10,SDG-10.7,10.7.4,[INT-P-001]
SDG-088,Proportion of tariff lines applied to imports from least developed countries and developing countries with zero-tariff,UN Sustainable Development Goals (SDGs),Enabling,Trade & Industry,Socio-economic statistic,,Global,,"UN General Assembly Resolution A/RES/71/313, Annex – Global Indicator Framework for the SDGs (2017). Indicator 10.a.1. https://unstats.un.org/sdgs/indicators/indicators-list/",UN Statistics Division – SDG Global Database (https://unstats.un.org/sdgs/dataportal),0,0 – None,Zero-tariff share of tariff lines. Trade statistics only.,SDG-10,SDG-10.a,10.a.1,[INT-P-001]
SDG-089,"Total resource flows for development, by recipient and donor countries and type of flow (e.g. official development assistance, foreign direct investment and other flows)",UN Sustainable Development Goals (SDGs),Enabling,Finance,Expenditure,,Global,,"UN General Assembly Resolution A/RES/71/313, Annex – Global Indicator Framework for the SDGs (2017). Indicator 10.b.1. https://unstats.un.org/sdgs/indicators/indicators-list/",UN Statistics Division – SDG Global Database (https://unstats.un.org/sdgs/dataportal),0,0 – None,Total resource flows for development. Financial accounting only.,SDG-10,SDG-10.b,10.b.1,[INT-P-001]
SDG-090,Remittance costs as a proportion of the amount remitted,UN Sustainable Development Goals (SDGs),Enabling,Finance,Socio-economic statistic,,Global,,"UN General Assembly Resolution A/RES/71/313, Annex – Global Indicator Framework for the SDGs (2017). Indicator 10.c.1. https://unstats.un.org/sdgs/indicators/indicators-list/",UN Statistics Division – SDG Global Database (https://unstats.un.org/sdgs/dataportal),0,0 – None,Remittance costs as a proportion of the amount remitted. Financial statistics only.,SDG-10,SDG-10.c,10.c.1,[INT-P-001]
SDG-091,"Proportion of urban population living in slums, informal settlements or inadequate housing",UN Sustainable Development Goals (SDGs),Enabling,"Urban & Buildings | Governance, Society & Data",Socio-economic statistic,,Global,,"UN General Assembly Resolution A/RES/71/313, Annex – Global Indicator Framework for the SDGs (2017). Indicator 11.1.1. https://unstats.un.org/sdgs/indicators/indicators-list/",UN Statistics Division – SDG Global Database (https://unstats.un.org/sdgs/dataportal),1,1 – Low,"Urban population in slums or inadequate housing. Such settlements are disproportionately exposed to flood and heat, but the measure is a housing-adequacy classification.",SDG-11,SDG-11.1,11.1.1,[INT-P-001]
SDG-092,"Proportion of population that has convenient access to public transport, by sex, age and persons with disabilities",UN Sustainable Development Goals (SDGs),Enabling,"Health | Transport | Governance, Society & Data",Socio-economic statistic,,Global,,"UN General Assembly Resolution A/RES/71/313, Annex – Global Indicator Framework for the SDGs (2017). Indicator 11.2.1. https://unstats.un.org/sdgs/indicators/indicators-list/",UN Statistics Division – SDG Global Database (https://unstats.un.org/sdgs/dataportal),0,0 – None,"Convenient access to public transport, from spatial analysis of stops and population. No climate or weather input.",SDG-11,SDG-11.2,11.2.1,[INT-P-001]
SDG-093,Ratio of land consumption rate to population growth rate,UN Sustainable Development Goals (SDGs),State – Habitats,"Governance, Society & Data",Habitat extent / condition,,Global,,"UN General Assembly Resolution A/RES/71/313, Annex – Global Indicator Framework for the SDGs (2017). Indicator 11.3.1. https://unstats.un.org/sdgs/indicators/indicators-list/",UN Statistics Division – SDG Global Database (https://unstats.un.org/sdgs/dataportal),0,0 – None,"Ratio of land consumption rate to population growth rate, from built-up area mapping and census data. No climate or weather input.",SDG-11,SDG-11.3,11.3.1,[INT-P-001]
SDG-094,Proportion of cities with a direct participation structure of civil society in urban planning and management that operate regularly and democratically,UN Sustainable Development Goals (SDGs),Enabling,"Urban & Buildings | Governance, Society & Data",Policy / governance metric,,Global,,"UN General Assembly Resolution A/RES/71/313, Annex – Global Indicator Framework for the SDGs (2017). Indicator 11.3.2. https://unstats.un.org/sdgs/indicators/indicators-list/",UN Statistics Division – SDG Global Database (https://unstats.un.org/sdgs/dataportal),0,0 – None,Cities with a direct civil society participation structure in planning. Administrative count.,SDG-11,SDG-11.3,11.3.2,[INT-P-001]
SDG-095,"Total per capita expenditure on the preservation, protection and conservation of all cultural and natural heritage, by source of funding (public, private), type of heritage (cultural, natural) and level of government (national, regional, and local/municipal)",UN Sustainable Development Goals (SDGs),Enabling,"Nature & Biodiversity | Finance | Governance, Society & Data",Expenditure,,Global,,"UN General Assembly Resolution A/RES/71/313, Annex – Global Indicator Framework for the SDGs (2017). Indicator 11.4.1. https://unstats.un.org/sdgs/indicators/indicators-list/",UN Statistics Division – SDG Global Database (https://unstats.un.org/sdgs/dataportal),0,0 – None,Per capita expenditure on heritage preservation. Financial accounting only.,SDG-11,SDG-11.4,11.4.1,[INT-P-001]
SDG-096,"Number of deaths, missing persons and directly affected persons attributed to disasters per 100,000 population",UN Sustainable Development Goals (SDGs),Benefit,Climate | Health | Urban & Buildings,Hazard impact,,Global,,"UN General Assembly Resolution A/RES/71/313, Annex – Global Indicator Framework for the SDGs (2017). Indicator 11.5.1. https://unstats.un.org/sdgs/indicators/indicators-list/",UN Statistics Division – SDG Global Database (https://unstats.un.org/sdgs/dataportal),2,2 – Medium,"Identical to indicator 1.5.1 ([SDG-007]): disaster mortality and affected persons, dominated by hydrometeorological hazards, computed from damage assessment rather than weather data.",SDG-11,SDG-11.5,11.5.1,[INT-P-001]
SDG-097,"Direct economic loss in relation to global GDP, damage to critical infrastructure and number of disruptions to basic services, attributed to disasters",UN Sustainable Development Goals (SDGs),Benefit,Finance,Hazard impact,,Global,,"UN General Assembly Resolution A/RES/71/313, Annex – Global Indicator Framework for the SDGs (2017). Indicator 11.5.2. https://unstats.un.org/sdgs/indicators/indicators-list/",UN Statistics Division – SDG Global Database (https://unstats.un.org/sdgs/dataportal),2,2 – Medium,"Direct economic loss and service disruption from disasters, on the same Sendai hazard classification as 1.5.2 ([SDG-008]).",SDG-11,SDG-11.5,11.5.2,[INT-P-001]
SDG-098,"Proportion of municipal solid waste collected and managed in controlled facilities out of total municipal waste generated, by cities",UN Sustainable Development Goals (SDGs),Pressure,Pollution & Waste,Pressure / threat index,,Global,,"UN General Assembly Resolution A/RES/71/313, Annex – Global Indicator Framework for the SDGs (2017). Indicator 11.6.1. https://unstats.un.org/sdgs/indicators/indicators-list/",UN Statistics Division – SDG Global Database (https://unstats.un.org/sdgs/dataportal),0,0 – None,Municipal solid waste collected and managed in controlled facilities. Waste management statistics only.,SDG-11,SDG-11.6,11.6.1,[INT-P-001]
SDG-099,Annual mean levels of fine particulate matter (e.g. PM2.5 and PM10) in cities (population weighted),UN Sustainable Development Goals (SDGs),Pressure,Pollution & Waste,Pressure / threat index,,Global,,"UN General Assembly Resolution A/RES/71/313, Annex – Global Indicator Framework for the SDGs (2017). Indicator 11.6.2. https://unstats.un.org/sdgs/indicators/indicators-list/",UN Statistics Division – SDG Global Database (https://unstats.un.org/sdgs/dataportal),2,2 – Medium,"Annual mean PM2.5/PM10 in cities, measured and modelled; meteorology moves values and enters models indirectly (Legend 2, rules D and G; aligned with [IND-E-003], [GBF-074], [IPBES-D-024]).",SDG-11,SDG-11.6,11.6.2,[INT-P-001]
SDG-100,"Average share of the built-up area of cities that is open space for public use for all, by sex, age and persons with disabilities",UN Sustainable Development Goals (SDGs),Benefit,Urban & Buildings | Health,Ecosystem service flow,,Global,,"UN General Assembly Resolution A/RES/71/313, Annex – Global Indicator Framework for the SDGs (2017). Indicator 11.7.1. https://unstats.un.org/sdgs/indicators/indicators-list/",UN Statistics Division – SDG Global Database (https://unstats.un.org/sdgs/dataportal),0,0 – None,"Share of urban built-up area that is open public space, from spatial analysis. No climate or weather input.",SDG-11,SDG-11.7,11.7.1,[INT-P-001]
SDG-101,"Proportion of persons victim of physical or sexual harassment, by sex, age, disability status and place of occurrence, in the previous 12 months",UN Sustainable Development Goals (SDGs),Enabling,Health,Socio-economic statistic,,Global,,"UN General Assembly Resolution A/RES/71/313, Annex – Global Indicator Framework for the SDGs (2017). Indicator 11.7.2. https://unstats.un.org/sdgs/indicators/indicators-list/",UN Statistics Division – SDG Global Database (https://unstats.un.org/sdgs/dataportal),0,0 – None,Self-reported experience of harassment. Survey data only.,SDG-11,SDG-11.7,11.7.2,[INT-P-001]
SDG-102,Number of countries that have national urban policies or regional development plans that (a) respond to population dynamics; (b) ensure balanced territorial development; and (c) increase local fiscal space,UN Sustainable Development Goals (SDGs),Enabling,Urban & Buildings | Finance,Policy / governance metric,,Global,,"UN General Assembly Resolution A/RES/71/313, Annex – Global Indicator Framework for the SDGs (2017). Indicator 11.a.1. https://unstats.un.org/sdgs/indicators/indicators-list/",UN Statistics Division – SDG Global Database (https://unstats.un.org/sdgs/dataportal),0,0 – None,Count of countries with national urban policies. Administrative count.,SDG-11,SDG-11.a,11.a.1,[INT-P-001]
SDG-103,Number of countries that adopt and implement national disaster risk reduction strategies in line with the Sendai Framework for Disaster Risk Reduction 2015–2030,UN Sustainable Development Goals (SDGs),Enabling,"Climate | Urban & Buildings | Governance, Society & Data",Policy / governance metric,,Global,,"UN General Assembly Resolution A/RES/71/313, Annex – Global Indicator Framework for the SDGs (2017). Indicator 11.b.1. https://unstats.un.org/sdgs/indicators/indicators-list/",UN Statistics Division – SDG Global Database (https://unstats.un.org/sdgs/dataportal),0,0 – None,"Identical to [SDG-009]. no climate or weather data enter the calculation and weather does not move the value. Climate relevance of the subject is carried by Policy_Sector, not by this score (rule A).",SDG-11,SDG-11.b,11.b.1,[INT-P-001]
SDG-104,Proportion of local governments that adopt and implement local disaster risk reduction strategies in line with national disaster risk reduction strategies,UN Sustainable Development Goals (SDGs),Enabling,"Governance, Society & Data",Policy / governance metric,,Global,,"UN General Assembly Resolution A/RES/71/313, Annex – Global Indicator Framework for the SDGs (2017). Indicator 11.b.2. https://unstats.un.org/sdgs/indicators/indicators-list/",UN Statistics Division – SDG Global Database (https://unstats.un.org/sdgs/dataportal),0,0 – None,"Identical to [SDG-010]. no climate or weather data enter the calculation and weather does not move the value. Climate relevance of the subject is carried by Policy_Sector, not by this score (rule A).",SDG-11,SDG-11.b,11.b.2,[INT-P-001]
SDG-105,"Number of countries developing, adopting or implementing policy instruments aimed at supporting the shift to sustainable consumption and production",UN Sustainable Development Goals (SDGs),Enabling,"Trade & Industry | Governance, Society & Data",Policy / governance metric,,Global,,"UN General Assembly Resolution A/RES/71/313, Annex – Global Indicator Framework for the SDGs (2017). Indicator 12.1.1. https://unstats.un.org/sdgs/indicators/indicators-list/",UN Statistics Division – SDG Global Database (https://unstats.un.org/sdgs/dataportal),0,0 – None,A: count of countries with sustainable consumption and production policy instruments. Consistent with [GBF-038].,SDG-12,SDG-12.1,12.1.1,[INT-P-001]
SDG-106,"Material footprint, material footprint per capita, and material footprint per GDP",UN Sustainable Development Goals (SDGs),Pressure,Finance,Consumption footprint,,Global,,"UN General Assembly Resolution A/RES/71/313, Annex – Global Indicator Framework for the SDGs (2017). Indicator 12.2.1. https://unstats.un.org/sdgs/indicators/indicators-list/",UN Statistics Division – SDG Global Database (https://unstats.un.org/sdgs/dataportal),1,1 – Low,Identical to indicator 8.4.1 ([SDG-052]): material footprint from material flow accounts.,SDG-12,SDG-12.2,12.2.1,[INT-P-001]
SDG-107,"Domestic material consumption, domestic material consumption per capita, and domestic material consumption per GDP",UN Sustainable Development Goals (SDGs),Pressure,Finance,Consumption footprint,,Global,,"UN General Assembly Resolution A/RES/71/313, Annex – Global Indicator Framework for the SDGs (2017). Indicator 12.2.2. https://unstats.un.org/sdgs/indicators/indicators-list/",UN Statistics Division – SDG Global Database (https://unstats.un.org/sdgs/dataportal),1,1 – Low,Identical to indicator 8.4.2 ([SDG-053]): domestic material consumption from material flow accounts.,SDG-12,SDG-12.2,12.2.2,[INT-P-001]
SDG-108,(a) Food loss index and (b) food waste index,UN Sustainable Development Goals (SDGs),Pressure,Land Use & Agriculture | Pollution & Waste,Pressure / threat index,,Global,,"UN General Assembly Resolution A/RES/71/313, Annex – Global Indicator Framework for the SDGs (2017). Indicator 12.3.1. https://unstats.un.org/sdgs/indicators/indicators-list/",UN Statistics Division – SDG Global Database (https://unstats.un.org/sdgs/dataportal),1,1 – Low,"Food loss and food waste indices. Post-harvest loss is affected by heat and humidity in storage and transport, but the indices are built from survey and supply-chain data.",SDG-12,SDG-12.3,12.3.1,[INT-P-001]
SDG-109,"Number of parties to international multilateral environmental agreements on hazardous waste, and other chemicals that meet their commitments and obligations in transmitting information as required by each relevant agreement",UN Sustainable Development Goals (SDGs),Enabling,Pollution & Waste,Policy / governance metric,,Global,,"UN General Assembly Resolution A/RES/71/313, Annex – Global Indicator Framework for the SDGs (2017). Indicator 12.4.1. https://unstats.un.org/sdgs/indicators/indicators-list/",UN Statistics Division – SDG Global Database (https://unstats.un.org/sdgs/dataportal),0,0 – None,Count of parties meeting reporting obligations under chemicals and waste agreements. Administrative count.,SDG-12,SDG-12.4,12.4.1,[INT-P-001]
SDG-110,"(a) Hazardous waste generated per capita; and (b) proportion of hazardous waste treated, by type of treatment",UN Sustainable Development Goals (SDGs),Pressure,Pollution & Waste,Pressure / threat index,,Global,,"UN General Assembly Resolution A/RES/71/313, Annex – Global Indicator Framework for the SDGs (2017). Indicator 12.4.2. https://unstats.un.org/sdgs/indicators/indicators-list/",UN Statistics Division – SDG Global Database (https://unstats.un.org/sdgs/dataportal),0,0 – None,Hazardous waste generated and treated per capita. Waste statistics only.,SDG-12,SDG-12.4,12.4.2,[INT-P-001]
SDG-111,"National recycling rate, tons of material recycled",UN Sustainable Development Goals (SDGs),Pressure,Pollution & Waste,Pressure / threat index,,Global,,"UN General Assembly Resolution A/RES/71/313, Annex – Global Indicator Framework for the SDGs (2017). Indicator 12.5.1. https://unstats.un.org/sdgs/indicators/indicators-list/",UN Statistics Division – SDG Global Database (https://unstats.un.org/sdgs/dataportal),0,0 – None,National recycling rate. Waste statistics only; scored as [GBF-182].,SDG-12,SDG-12.5,12.5.1,[INT-P-001]
SDG-112,Number of companies publishing sustainability reports,UN Sustainable Development Goals (SDGs),Enabling,"Trade & Industry | Governance, Society & Data",Policy / governance metric,,Global,,"UN General Assembly Resolution A/RES/71/313, Annex – Global Indicator Framework for the SDGs (2017). Indicator 12.6.1. https://unstats.un.org/sdgs/indicators/indicators-list/",UN Statistics Division – SDG Global Database (https://unstats.un.org/sdgs/dataportal),0,0 – None,A: count of companies publishing sustainability reports. Consistent with [GBF-080].,SDG-12,SDG-12.6,12.6.1,[INT-P-001]
SDG-113,Degree of sustainable public procurement policies and action plan implementation,UN Sustainable Development Goals (SDGs),Enabling,"Governance, Society & Data | Trade & Industry",Policy / governance metric,,Global,,"UN General Assembly Resolution A/RES/71/313, Annex – Global Indicator Framework for the SDGs (2017). Indicator 12.7.1. https://unstats.un.org/sdgs/indicators/indicators-list/",UN Statistics Division – SDG Global Database (https://unstats.un.org/sdgs/dataportal),0,0 – None,Degree of implementation of sustainable public procurement policies. Administrative assessment.,SDG-12,SDG-12.7,12.7.1,[INT-P-001]
SDG-114,Extent to which (i) global citizenship education and (ii) education for sustainable development are mainstreamed in (a) national education policies; (b) curricula; (c) teacher education; and (d) student assessment,UN Sustainable Development Goals (SDGs),Enabling,"Governance, Society & Data",Policy / governance metric,,Global,,"UN General Assembly Resolution A/RES/71/313, Annex – Global Indicator Framework for the SDGs (2017). Indicator 12.8.1. https://unstats.un.org/sdgs/indicators/indicators-list/",UN Statistics Division – SDG Global Database (https://unstats.un.org/sdgs/dataportal),0,0 – None,"Policy and curriculum audit of education mainstreaming. no climate or weather data enter the calculation and weather does not move the value. Climate relevance of the subject is carried by Policy_Sector, not by this score (rule A).",SDG-12,SDG-12.8,12.8.1,[INT-P-001]
SDG-115,Installed renewable energy-generating capacity in developing countries (in watts per capita),UN Sustainable Development Goals (SDGs),Enabling,Energy,Deployment / uptake,,Global,,"UN General Assembly Resolution A/RES/71/313, Annex – Global Indicator Framework for the SDGs (2017). Indicator 12.a.1. https://unstats.un.org/sdgs/indicators/indicators-list/",UN Statistics Division – SDG Global Database (https://unstats.un.org/sdgs/dataportal),0,0 – None,"Identical to [SDG-048]. no climate or weather data enter the calculation and weather does not move the value. Climate relevance of the subject is carried by Policy_Sector, not by this score (rule A).",SDG-12,SDG-12.a,12.a.1,[INT-P-001]
SDG-116,Implementation of standard accounting tools to monitor the economic and environmental aspects of tourism sustainability,UN Sustainable Development Goals (SDGs),Enabling,Finance,Policy / governance metric,,Global,,"UN General Assembly Resolution A/RES/71/313, Annex – Global Indicator Framework for the SDGs (2017). Indicator 12.b.1. https://unstats.un.org/sdgs/indicators/indicators-list/",UN Statistics Division – SDG Global Database (https://unstats.un.org/sdgs/dataportal),0,0 – None,Implementation of tourism sustainability accounting tools. Administrative assessment.,SDG-12,SDG-12.b,12.b.1,[INT-P-001]
SDG-117,Amount of fossil-fuel subsidies per unit of GDP (production and consumption)i,UN Sustainable Development Goals (SDGs),Enabling,Finance,Expenditure,,Global,,"UN General Assembly Resolution A/RES/71/313, Annex – Global Indicator Framework for the SDGs (2017). Indicator 12.c.1. https://unstats.un.org/sdgs/indicators/indicators-list/",UN Statistics Division – SDG Global Database (https://unstats.un.org/sdgs/dataportal),0,0 – None,"Fossil-fuel subsidies per unit of GDP from fiscal data. no climate or weather data enter the calculation and weather does not move the value. Climate relevance of the subject is carried by Policy_Sector, not by this score (rule A).",SDG-12,SDG-12.c,12.c.1,[INT-P-001]
SDG-118,"Number of deaths, missing persons and directly affected persons attributed to disasters per 100,000 population",UN Sustainable Development Goals (SDGs),Benefit,Climate | Health,Hazard impact,,Global,,"UN General Assembly Resolution A/RES/71/313, Annex – Global Indicator Framework for the SDGs (2017). Indicator 13.1.1. https://unstats.un.org/sdgs/indicators/indicators-list/",UN Statistics Division – SDG Global Database (https://unstats.un.org/sdgs/dataportal),2,2 – Medium,"Identical to indicator 1.5.1 ([SDG-007]): disaster mortality and affected persons, dominated by hydrometeorological hazards.",SDG-13,SDG-13.1,13.1.1,[INT-P-001]
SDG-119,Number of countries that adopt and implement national disaster risk reduction strategies in line with the Sendai Framework for Disaster Risk Reduction 2015–2030,UN Sustainable Development Goals (SDGs),Enabling,"Climate | Governance, Society & Data",Policy / governance metric,,Global,,"UN General Assembly Resolution A/RES/71/313, Annex – Global Indicator Framework for the SDGs (2017). Indicator 13.1.2. https://unstats.un.org/sdgs/indicators/indicators-list/",UN Statistics Division – SDG Global Database (https://unstats.un.org/sdgs/dataportal),0,0 – None,"Identical to [SDG-009]. no climate or weather data enter the calculation and weather does not move the value. Climate relevance of the subject is carried by Policy_Sector, not by this score (rule A).",SDG-13,SDG-13.1,13.1.2,[INT-P-001]
SDG-120,Proportion of local governments that adopt and implement local disaster risk reduction strategies in line with national disaster risk reduction strategies,UN Sustainable Development Goals (SDGs),Enabling,"Governance, Society & Data",Policy / governance metric,,Global,,"UN General Assembly Resolution A/RES/71/313, Annex – Global Indicator Framework for the SDGs (2017). Indicator 13.1.3. https://unstats.un.org/sdgs/indicators/indicators-list/",UN Statistics Division – SDG Global Database (https://unstats.un.org/sdgs/dataportal),0,0 – None,"Identical to [SDG-010]. no climate or weather data enter the calculation and weather does not move the value. Climate relevance of the subject is carried by Policy_Sector, not by this score (rule A).",SDG-13,SDG-13.1,13.1.3,[INT-P-001]
SDG-121,"Number of countries with nationally determined contributions, long-term strategies, national adaptation plans, strategies as reported in adaptation communications and national communications",UN Sustainable Development Goals (SDGs),Enabling,Climate,Policy / governance metric,,Global,,"UN General Assembly Resolution A/RES/71/313, Annex – Global Indicator Framework for the SDGs (2017). Indicator 13.2.1. https://unstats.un.org/sdgs/indicators/indicators-list/",UN Statistics Division – SDG Global Database (https://unstats.un.org/sdgs/dataportal),0,0 – None,"Count of countries with NDCs, long-term strategies and adaptation plans. no climate or weather data enter the calculation and weather does not move the value. Climate relevance of the subject is carried by Policy_Sector, not by this score (rule A).",SDG-13,SDG-13.2,13.2.1,[INT-P-001]
SDG-122,Total greenhouse gas emissions per year,UN Sustainable Development Goals (SDGs),Pressure,Climate,Emissions,,Global,,"UN General Assembly Resolution A/RES/71/313, Annex – Global Indicator Framework for the SDGs (2017). Indicator 13.2.2. https://unstats.un.org/sdgs/indicators/indicators-list/",UN Statistics Division – SDG Global Database (https://unstats.un.org/sdgs/dataportal),1,1 – Low,"Total greenhouse gas emissions per year, from national inventories compiled on activity data and emission factors. Weather moves energy demand and hence emissions, but weather data are not an input to the inventory. Scored consistently with [IND-C-001], [IND-J-034] and [IND-B-165], all of which hold 1.",SDG-13,SDG-13.2,13.2.2,[INT-P-001]
SDG-123,Extent to which (i) global citizenship education and (ii) education for sustainable development are mainstreamed in (a) national education policies; (b) curricula; (c) teacher education; and (d) student assessment,UN Sustainable Development Goals (SDGs),Enabling,"Governance, Society & Data",Policy / governance metric,,Global,,"UN General Assembly Resolution A/RES/71/313, Annex – Global Indicator Framework for the SDGs (2017). Indicator 13.3.1. https://unstats.un.org/sdgs/indicators/indicators-list/",UN Statistics Division – SDG Global Database (https://unstats.un.org/sdgs/dataportal),0,0 – None,"Identical to [SDG-114]. no climate or weather data enter the calculation and weather does not move the value. Climate relevance of the subject is carried by Policy_Sector, not by this score (rule A).",SDG-13,SDG-13.3,13.3.1,[INT-P-001]
SDG-124,Amounts provided and mobilized in United States dollars per year in relation to the continued existing collective mobilization goal of the $100 billion commitment through to 2025,UN Sustainable Development Goals (SDGs),Enabling,Climate | Finance,Expenditure,,Global,,"UN General Assembly Resolution A/RES/71/313, Annex – Global Indicator Framework for the SDGs (2017). Indicator 13.a.1. https://unstats.un.org/sdgs/indicators/indicators-list/",UN Statistics Division – SDG Global Database (https://unstats.un.org/sdgs/dataportal),0,0 – None,"Climate finance provided and mobilised, from financial reporting. no climate or weather data enter the calculation and weather does not move the value. Climate relevance of the subject is carried by Policy_Sector, not by this score (rule A).",SDG-13,SDG-13.a,13.a.1,[INT-P-001]
SDG-125,"Number of least developed countries and small island developing States with nationally determined contributions, long-term strategies, national adaptation plans, strategies as reported in adaptation communications and national communications",UN Sustainable Development Goals (SDGs),Enabling,Climate,Policy / governance metric,,Global,,"UN General Assembly Resolution A/RES/71/313, Annex – Global Indicator Framework for the SDGs (2017). Indicator 13.b.1. https://unstats.un.org/sdgs/indicators/indicators-list/",UN Statistics Division – SDG Global Database (https://unstats.un.org/sdgs/dataportal),0,0 – None,"As [SDG-121], restricted to LDCs and SIDS. no climate or weather data enter the calculation and weather does not move the value. Climate relevance of the subject is carried by Policy_Sector, not by this score (rule A).",SDG-13,SDG-13.b,13.b.1,[INT-P-001]
SDG-126,(a) Index of coastal eutrophication; and (b) plastic debris densityi,UN Sustainable Development Goals (SDGs),Pressure,Marine & Fisheries | Water | Pollution & Waste,Pressure / threat index,,Global,,"UN General Assembly Resolution A/RES/71/313, Annex – Global Indicator Framework for the SDGs (2017). Indicator 14.1.1. https://unstats.un.org/sdgs/indicators/indicators-list/",UN Statistics Division – SDG Global Database (https://unstats.un.org/sdgs/dataportal),2,2 – Medium,"Coastal eutrophication index and plastic debris density. The eutrophication component is derived from chlorophyll-a anomalies, which respond to sea surface temperature, stratification and river discharge, so inter-annual conditions move the value.",SDG-14,SDG-14.1,14.1.1,[INT-P-001]
SDG-127,Number of countries using ecosystem-based approaches to managing marine areas,UN Sustainable Development Goals (SDGs),Enabling,Nature & Biodiversity | Marine & Fisheries,Policy / governance metric,,Global,,"UN General Assembly Resolution A/RES/71/313, Annex – Global Indicator Framework for the SDGs (2017). Indicator 14.2.1. https://unstats.un.org/sdgs/indicators/indicators-list/",UN Statistics Division – SDG Global Database (https://unstats.un.org/sdgs/dataportal),0,0 – None,Count of countries using ecosystem-based approaches to marine management. Administrative count.,SDG-14,SDG-14.2,14.2.1,[INT-P-001]
SDG-128,Average marine acidity (pH) measured at agreed suite of representative sampling stations,UN Sustainable Development Goals (SDGs),Pressure,Marine & Fisheries,Pressure / threat index,,Global,,"UN General Assembly Resolution A/RES/71/313, Annex – Global Indicator Framework for the SDGs (2017). Indicator 14.3.1. https://unstats.un.org/sdgs/indicators/indicators-list/",UN Statistics Division – SDG Global Database (https://unstats.un.org/sdgs/dataportal),3,3 – High,"A: average marine acidity. Ocean pH is a physical climate-system variable, set directly by dissolved CO2 and modified by temperature; the measured quantity is itself climatic. Consistent with [GBF-168].",SDG-14,SDG-14.3,14.3.1,[INT-P-001]
SDG-129,Proportion of fish stocks within biologically sustainable levels,UN Sustainable Development Goals (SDGs),State – Species,Marine & Fisheries,Species index / trend,,Global,,"UN General Assembly Resolution A/RES/71/313, Annex – Global Indicator Framework for the SDGs (2017). Indicator 14.4.1. https://unstats.un.org/sdgs/indicators/indicators-list/",UN Statistics Division – SDG Global Database (https://unstats.un.org/sdgs/dataportal),2,2 – Medium,"A: proportion of fish stocks within biologically sustainable levels. Stock assessments increasingly carry environmental and temperature covariates, and distribution shifts are temperature-driven. Consistent with [GBF-014].",SDG-14,SDG-14.4,14.4.1,[INT-P-001]
SDG-130,Coverage of protected areas in relation to marine areas,UN Sustainable Development Goals (SDGs),Enabling,Nature & Biodiversity | Marine & Fisheries,Policy / governance metric,,Global,,"UN General Assembly Resolution A/RES/71/313, Annex – Global Indicator Framework for the SDGs (2017). Indicator 14.5.1. https://unstats.un.org/sdgs/indicators/indicators-list/",UN Statistics Division – SDG Global Database (https://unstats.un.org/sdgs/dataportal),0,0 – None,"Coverage of protected areas in relation to marine areas is a GIS area calculation. The measured quantity takes no climate input, however climate-relevant the sites themselves are.",SDG-14,SDG-14.5,14.5.1,[INT-P-001]
SDG-131,"Degree of implementation of international instruments aiming to combat illegal, unreported and unregulated fishing",UN Sustainable Development Goals (SDGs),Enabling,Marine & Fisheries,Policy / governance metric,,Global,,"UN General Assembly Resolution A/RES/71/313, Annex – Global Indicator Framework for the SDGs (2017). Indicator 14.6.1. https://unstats.un.org/sdgs/indicators/indicators-list/",UN Statistics Division – SDG Global Database (https://unstats.un.org/sdgs/dataportal),0,0 – None,"Degree of implementation of instruments against illegal, unreported and unregulated fishing. Administrative assessment.",SDG-14,SDG-14.6,14.6.1,[INT-P-001]
SDG-132,"Sustainable fisheries as a proportion of GDP in small island developing States, least developed countries and all countries",UN Sustainable Development Goals (SDGs),Benefit,Marine & Fisheries | Finance,Ecosystem service flow,,Global,,"UN General Assembly Resolution A/RES/71/313, Annex – Global Indicator Framework for the SDGs (2017). Indicator 14.7.1. https://unstats.un.org/sdgs/indicators/indicators-list/",UN Statistics Division – SDG Global Database (https://unstats.un.org/sdgs/dataportal),2,2 – Medium,"Sustainable fisheries as a proportion of GDP. Landings and stock productivity vary with sea temperature and inter-annual ocean conditions, so the value moves with climate even though no climate data enter the accounting.",SDG-14,SDG-14.7,14.7.1,[INT-P-001]
SDG-133,Proportion of total research budget allocated to research in the field of marine technology,UN Sustainable Development Goals (SDGs),Enabling,Marine & Fisheries | Finance,Expenditure,,Global,,"UN General Assembly Resolution A/RES/71/313, Annex – Global Indicator Framework for the SDGs (2017). Indicator 14.a.1. https://unstats.un.org/sdgs/indicators/indicators-list/",UN Statistics Division – SDG Global Database (https://unstats.un.org/sdgs/dataportal),0,0 – None,Share of research budget allocated to marine technology. Financial accounting only.,SDG-14,SDG-14.a,14.a.1,[INT-P-001]
SDG-134,Degree of application of a legal/regulatory/ policy/institutional framework which recognizes and protects access rights for small-scale fisheries,UN Sustainable Development Goals (SDGs),Enabling,"Marine & Fisheries | Governance, Society & Data",Policy / governance metric,,Global,,"UN General Assembly Resolution A/RES/71/313, Annex – Global Indicator Framework for the SDGs (2017). Indicator 14.b.1. https://unstats.un.org/sdgs/indicators/indicators-list/",UN Statistics Division – SDG Global Database (https://unstats.un.org/sdgs/dataportal),0,0 – None,Degree of application of a framework recognising small-scale fisheries access rights. Administrative assessment.,SDG-14,SDG-14.b,14.b.1,[INT-P-001]
SDG-135,"Number of countries making progress in ratifying, accepting and implementing through legal, policy and institutional frameworks, ocean-related instruments that implement international law, as reflected in the United Nations Convention on the Law of the Sea, for the conservation and sustainable use of the oceans and their resources",UN Sustainable Development Goals (SDGs),Enabling,"Nature & Biodiversity | Marine & Fisheries | Governance, Society & Data",Policy / governance metric,,Global,,"UN General Assembly Resolution A/RES/71/313, Annex – Global Indicator Framework for the SDGs (2017). Indicator 14.c.1. https://unstats.un.org/sdgs/indicators/indicators-list/",UN Statistics Division – SDG Global Database (https://unstats.un.org/sdgs/dataportal),0,0 – None,Count of countries implementing ocean-related instruments under UNCLOS. Administrative count.,SDG-14,SDG-14.c,14.c.1,[INT-P-001]
SDG-136,Forest area as a proportion of total land area,UN Sustainable Development Goals (SDGs),State – Habitats,Land Use & Agriculture,Habitat extent / condition,,Global,,"UN General Assembly Resolution A/RES/71/313, Annex – Global Indicator Framework for the SDGs (2017). Indicator 15.1.1. https://unstats.un.org/sdgs/indicators/indicators-list/",UN Statistics Division – SDG Global Database (https://unstats.un.org/sdgs/dataportal),1,1 – Low,"A: forest area as a proportion of land area, from national forest inventories and land cover mapping. Climate drives forest change over the long term but does not enter the calculation. Consistent with [GBF-095].",SDG-15,SDG-15.1,15.1.1,[INT-P-001]
SDG-137,"Proportion of important sites for terrestrial and freshwater biodiversity that are covered by protected areas, by ecosystem type",UN Sustainable Development Goals (SDGs),Enabling,Nature & Biodiversity | Water | Trade & Industry,Policy / governance metric,,Global,,"UN General Assembly Resolution A/RES/71/313, Annex – Global Indicator Framework for the SDGs (2017). Indicator 15.1.2. https://unstats.un.org/sdgs/indicators/indicators-list/",UN Statistics Division – SDG Global Database (https://unstats.un.org/sdgs/dataportal),0,0 – None,A: a GIS overlay of Key Biodiversity Areas with protected area boundaries. No climate input to the measured quantity. Consistent with [BIP-049].,SDG-15,SDG-15.1,15.1.2,[INT-P-001]
SDG-138,Progress towards sustainable forest management,UN Sustainable Development Goals (SDGs),Enabling,Land Use & Agriculture,Policy / governance metric,,Global,,"UN General Assembly Resolution A/RES/71/313, Annex – Global Indicator Framework for the SDGs (2017). Indicator 15.2.1. https://unstats.un.org/sdgs/indicators/indicators-list/",UN Statistics Division – SDG Global Database (https://unstats.un.org/sdgs/dataportal),1,1 – Low,"A: a five-sub-indicator composite of forest management progress, assessed from inventory and certification data. Consistent with [GBF-021].",SDG-15,SDG-15.2,15.2.1,[INT-P-001]
SDG-139,Proportion of land that is degraded over total land area,UN Sustainable Development Goals (SDGs),State – Habitats,Land Use & Agriculture,Habitat extent / condition,,Global,,"UN General Assembly Resolution A/RES/71/313, Annex – Global Indicator Framework for the SDGs (2017). Indicator 15.3.1. https://unstats.un.org/sdgs/indicators/indicators-list/",UN Statistics Division – SDG Global Database (https://unstats.un.org/sdgs/dataportal),2,2 – Medium,"A: proportion of land degraded, from land cover change, land productivity dynamics and soil organic carbon. The productivity component is an NDVI time series in which rainfall variability is a recognised confounder and climate adjustment is an option in the Good Practice Guidance rather than the default. Consistent with [GBF-057].",SDG-15,SDG-15.3,15.3.1,[INT-P-001]
SDG-140,Coverage by protected areas of important sites for mountain biodiversity,UN Sustainable Development Goals (SDGs),Enabling,Nature & Biodiversity | Trade & Industry,Policy / governance metric,,Global,,"UN General Assembly Resolution A/RES/71/313, Annex – Global Indicator Framework for the SDGs (2017). Indicator 15.4.1. https://unstats.un.org/sdgs/indicators/indicators-list/",UN Statistics Division – SDG Global Database (https://unstats.un.org/sdgs/dataportal),0,0 – None,A: a GIS overlay of protected areas with important mountain biodiversity sites. Consistent with [BIP-071].,SDG-15,SDG-15.4,15.4.1,[INT-P-001]
SDG-141,Mountain Green Cover Index,UN Sustainable Development Goals (SDGs),State – Habitats,Nature & Biodiversity | Land Use & Agriculture,Habitat extent / condition,,Global,,"UN General Assembly Resolution A/RES/71/313, Annex – Global Indicator Framework for the SDGs (2017). Indicator 15.4.2. https://unstats.un.org/sdgs/indicators/indicators-list/",UN Statistics Division – SDG Global Database (https://unstats.un.org/sdgs/dataportal),2,2 – Medium,"A: the Mountain Green Cover Index is derived from satellite vegetation cover in mountain areas, where snow line, growing-season length and inter-annual weather move the measured cover. Consistent with [GBF-097].",SDG-15,SDG-15.4,15.4.2,[INT-P-001]
SDG-142,Red List Index,UN Sustainable Development Goals (SDGs),State – Species,Nature & Biodiversity,Species index / trend,,Global,,"UN General Assembly Resolution A/RES/71/313, Annex – Global Indicator Framework for the SDGs (2017). Indicator 15.5.1. https://unstats.un.org/sdgs/indicators/indicators-list/",UN Statistics Division – SDG Global Database (https://unstats.un.org/sdgs/dataportal),1,1 – Low,"Aggregates IUCN Red List category changes. Climate change is a recognised threat driver, but assessments are expert status classifications: no climate data enter the calculation and weather does not move the annual value (Legend 1, rule B).",SDG-15,SDG-15.5,15.5.1,[INT-P-001]
SDG-143,"Number of countries that have adopted legislative, administrative and policy frameworks to ensure fair and equitable sharing of benefits",UN Sustainable Development Goals (SDGs),Enabling,"Nature & Biodiversity | Governance, Society & Data",Policy / governance metric,,Global,,"UN General Assembly Resolution A/RES/71/313, Annex – Global Indicator Framework for the SDGs (2017). Indicator 15.6.1. https://unstats.un.org/sdgs/indicators/indicators-list/",UN Statistics Division – SDG Global Database (https://unstats.un.org/sdgs/dataportal),0,0 – None,Count of countries with access and benefit-sharing frameworks. Administrative count.,SDG-15,SDG-15.6,15.6.1,[INT-P-001]
SDG-144,Proportion of traded wildlife that was poached or illicitly trafficked,UN Sustainable Development Goals (SDGs),Pressure,Nature & Biodiversity | Trade & Industry,Pressure / threat index,,Global,,"UN General Assembly Resolution A/RES/71/313, Annex – Global Indicator Framework for the SDGs (2017). Indicator 15.7.1. https://unstats.un.org/sdgs/indicators/indicators-list/",UN Statistics Division – SDG Global Database (https://unstats.un.org/sdgs/dataportal),0,0 – None,"Proportion of traded wildlife poached or illicitly trafficked, from seizure and trade records. No climate input.",SDG-15,SDG-15.7,15.7.1,[INT-P-001]
SDG-145,Proportion of countries adopting relevant national legislation and adequately resourcing the prevention or control of invasive alien species,UN Sustainable Development Goals (SDGs),Enabling,Nature & Biodiversity | Biosecurity,Policy / governance metric,,Global,,"UN General Assembly Resolution A/RES/71/313, Annex – Global Indicator Framework for the SDGs (2017). Indicator 15.8.1. https://unstats.un.org/sdgs/indicators/indicators-list/",UN Statistics Division – SDG Global Database (https://unstats.un.org/sdgs/dataportal),0,0 – None,Count of countries with invasive alien species legislation and resourcing. Administrative count; the establishment of invasive species is climate-sensitive but that is not what this indicator measures.,SDG-15,SDG-15.8,15.8.1,[INT-P-001]
SDG-146,"(a) Number of countries that have established national targets in accordance with or similar to Aichi Biodiversity Target 2 of the Strategic Plan for Biodiversity 2011–2020 in their national biodiversity strategy and action plans and the progress reported towards these targets; and (b) integration of biodiversity into national accounting and reporting systems, defined as implementation of the System of Environmental-Economic Accounting",UN Sustainable Development Goals (SDGs),Enabling,Nature & Biodiversity | Finance,Policy / governance metric,,Global,,"UN General Assembly Resolution A/RES/71/313, Annex – Global Indicator Framework for the SDGs (2017). Indicator 15.9.1. https://unstats.un.org/sdgs/indicators/indicators-list/",UN Statistics Division – SDG Global Database (https://unstats.un.org/sdgs/dataportal),0,0 – None,National biodiversity targets set and biodiversity integrated into national accounting. Administrative count.,SDG-15,SDG-15.9,15.9.1,[INT-P-001]
SDG-147,(a) Official development assistance on conservation and sustainable use of biodiversity; and (b) revenue generated and finance mobilized from biodiversity-relevant economic instruments,UN Sustainable Development Goals (SDGs),Enabling,Nature & Biodiversity | Finance,Expenditure,,Global,,"UN General Assembly Resolution A/RES/71/313, Annex – Global Indicator Framework for the SDGs (2017). Indicator 15.a.1. https://unstats.un.org/sdgs/indicators/indicators-list/",UN Statistics Division – SDG Global Database (https://unstats.un.org/sdgs/dataportal),0,0 – None,Biodiversity-related official development assistance and finance mobilised. Financial accounting only.,SDG-15,SDG-15.a,15.a.1,[INT-P-001]
SDG-148,(a) Official development assistance on conservation and sustainable use of biodiversity; and (b) revenue generated and finance mobilized from biodiversity-relevant economic instruments,UN Sustainable Development Goals (SDGs),Enabling,Nature & Biodiversity | Finance,Expenditure,,Global,,"UN General Assembly Resolution A/RES/71/313, Annex – Global Indicator Framework for the SDGs (2017). Indicator 15.b.1. https://unstats.un.org/sdgs/indicators/indicators-list/",UN Statistics Division – SDG Global Database (https://unstats.un.org/sdgs/dataportal),0,0 – None,Identical in construction to indicator 15.a.1 ([SDG-147]): biodiversity finance accounting.,SDG-15,SDG-15.b,15.b.1,[INT-P-001]
SDG-149,Proportion of traded wildlife that was poached or illicitly trafficked,UN Sustainable Development Goals (SDGs),Pressure,Nature & Biodiversity | Trade & Industry,Pressure / threat index,,Global,,"UN General Assembly Resolution A/RES/71/313, Annex – Global Indicator Framework for the SDGs (2017). Indicator 15.c.1. https://unstats.un.org/sdgs/indicators/indicators-list/",UN Statistics Division – SDG Global Database (https://unstats.un.org/sdgs/dataportal),0,0 – None,Identical to indicator 15.7.1 ([SDG-144]): poached and illicitly trafficked wildlife from seizure records.,SDG-15,SDG-15.c,15.c.1,[INT-P-001]
SDG-150,"Total government revenue as a proportion of GDP, by source",UN Sustainable Development Goals (SDGs),Enabling,"Finance | Governance, Society & Data",Socio-economic statistic,,Global,,"UN General Assembly Resolution A/RES/71/313, Annex – Global Indicator Framework for the SDGs (2017). Indicator 17.1.1. https://unstats.un.org/sdgs/indicators/indicators-list/",UN Statistics Division – SDG Global Database (https://unstats.un.org/sdgs/dataportal),0,0 – None,Government revenue as a proportion of GDP. Fiscal statistics only.,SDG-17,SDG-17.1,17.1.1,[INT-P-001]
SDG-151,Proportion of domestic budget funded by domestic taxes,UN Sustainable Development Goals (SDGs),Enabling,Finance,Socio-economic statistic,,Global,,"UN General Assembly Resolution A/RES/71/313, Annex – Global Indicator Framework for the SDGs (2017). Indicator 17.1.2. https://unstats.un.org/sdgs/indicators/indicators-list/",UN Statistics Division – SDG Global Database (https://unstats.un.org/sdgs/dataportal),0,0 – None,Domestic budget funded by domestic taxes. Fiscal statistics only.,SDG-17,SDG-17.1,17.1.2,[INT-P-001]
SDG-152,"Net official development assistance, total and to least developed countries, as a proportion of the Organization for Economic Cooperation and Development (OECD) Development Assistance Committee donors’ gross national income (GNI)",UN Sustainable Development Goals (SDGs),Enabling,Finance,Expenditure,,Global,,"UN General Assembly Resolution A/RES/71/313, Annex – Global Indicator Framework for the SDGs (2017). Indicator 17.2.1. https://unstats.un.org/sdgs/indicators/indicators-list/",UN Statistics Division – SDG Global Database (https://unstats.un.org/sdgs/dataportal),0,0 – None,Net official development assistance as a proportion of donor GNI. Financial accounting only.,SDG-17,SDG-17.2,17.2.1,[INT-P-001]
SDG-153,"Foreign direct investment, official development assistance and South-South cooperation as a proportion of gross national income",UN Sustainable Development Goals (SDGs),Enabling,Finance,Expenditure,,Global,,"UN General Assembly Resolution A/RES/71/313, Annex – Global Indicator Framework for the SDGs (2017). Indicator 17.3.1. https://unstats.un.org/sdgs/indicators/indicators-list/",UN Statistics Division – SDG Global Database (https://unstats.un.org/sdgs/dataportal),0,0 – None,"Foreign direct investment, official development assistance and South-South cooperation as a share of GNI. Financial accounting only.",SDG-17,SDG-17.3,17.3.1,[INT-P-001]
SDG-154,Volume of remittances (in United States dollars) as a proportion of total GDP,UN Sustainable Development Goals (SDGs),Enabling,Finance,Socio-economic statistic,,Global,,"UN General Assembly Resolution A/RES/71/313, Annex – Global Indicator Framework for the SDGs (2017). Indicator 17.3.2. https://unstats.un.org/sdgs/indicators/indicators-list/",UN Statistics Division – SDG Global Database (https://unstats.un.org/sdgs/dataportal),0,0 – None,Remittance volume as a proportion of GDP. Financial statistics only.,SDG-17,SDG-17.3,17.3.2,[INT-P-001]
SDG-155,Debt service as a proportion of exports of goods and services,UN Sustainable Development Goals (SDGs),Enabling,Trade & Industry | Finance,Socio-economic statistic,,Global,,"UN General Assembly Resolution A/RES/71/313, Annex – Global Indicator Framework for the SDGs (2017). Indicator 17.4.1. https://unstats.un.org/sdgs/indicators/indicators-list/",UN Statistics Division – SDG Global Database (https://unstats.un.org/sdgs/dataportal),0,0 – None,Debt service as a proportion of exports. Financial statistics only.,SDG-17,SDG-17.4,17.4.1,[INT-P-001]
SDG-156,"Number of countries that adopt and implement investment promotion regimes for developing countries, including the least developed countries",UN Sustainable Development Goals (SDGs),Enabling,Finance,Policy / governance metric,,Global,,"UN General Assembly Resolution A/RES/71/313, Annex – Global Indicator Framework for the SDGs (2017). Indicator 17.5.1. https://unstats.un.org/sdgs/indicators/indicators-list/",UN Statistics Division – SDG Global Database (https://unstats.un.org/sdgs/dataportal),0,0 – None,Count of countries with investment promotion regimes. Administrative count.,SDG-17,SDG-17.5,17.5.1,[INT-P-001]
SDG-157,"Fixed Internet broadband subscriptions per 100 inhabitants, by speed5",UN Sustainable Development Goals (SDGs),Enabling,"Governance, Society & Data",Socio-economic statistic,,Global,,"UN General Assembly Resolution A/RES/71/313, Annex – Global Indicator Framework for the SDGs (2017). Indicator 17.6.1. https://unstats.un.org/sdgs/indicators/indicators-list/",UN Statistics Division – SDG Global Database (https://unstats.un.org/sdgs/dataportal),0,0 – None,Fixed broadband subscriptions per 100 inhabitants. Infrastructure statistics only.,SDG-17,SDG-17.6,17.6.1,[INT-P-001]
SDG-158,"Total amount of funding for developing countries to promote the development, transfer, dissemination and diffusion of environmentally sound technologies",UN Sustainable Development Goals (SDGs),Enabling,Finance,Expenditure,,Global,,"UN General Assembly Resolution A/RES/71/313, Annex – Global Indicator Framework for the SDGs (2017). Indicator 17.7.1. https://unstats.un.org/sdgs/indicators/indicators-list/",UN Statistics Division – SDG Global Database (https://unstats.un.org/sdgs/dataportal),0,0 – None,Funding for the transfer of environmentally sound technologies. Financial accounting only.,SDG-17,SDG-17.7,17.7.1,[INT-P-001]
SDG-159,Proportion of individuals using the Internet,UN Sustainable Development Goals (SDGs),Enabling,"Governance, Society & Data",Socio-economic statistic,,Global,,"UN General Assembly Resolution A/RES/71/313, Annex – Global Indicator Framework for the SDGs (2017). Indicator 17.8.1. https://unstats.un.org/sdgs/indicators/indicators-list/",UN Statistics Division – SDG Global Database (https://unstats.un.org/sdgs/dataportal),0,0 – None,Proportion of individuals using the internet. Survey and operator data only.,SDG-17,SDG-17.8,17.8.1,[INT-P-001]
SDG-160,"Dollar value of financial and technical assistance (including through North-South, South‑South and triangular cooperation) committed to developing countries",UN Sustainable Development Goals (SDGs),Enabling,Finance,Expenditure,,Global,,"UN General Assembly Resolution A/RES/71/313, Annex – Global Indicator Framework for the SDGs (2017). Indicator 17.9.1. https://unstats.un.org/sdgs/indicators/indicators-list/",UN Statistics Division – SDG Global Database (https://unstats.un.org/sdgs/dataportal),0,0 – None,Financial and technical assistance committed to developing countries. Financial accounting only.,SDG-17,SDG-17.9,17.9.1,[INT-P-001]
SDG-161,Worldwide weighted tariff-average,UN Sustainable Development Goals (SDGs),Enabling,Trade & Industry,Socio-economic statistic,,Global,,"UN General Assembly Resolution A/RES/71/313, Annex – Global Indicator Framework for the SDGs (2017). Indicator 17.10.1. https://unstats.un.org/sdgs/indicators/indicators-list/",UN Statistics Division – SDG Global Database (https://unstats.un.org/sdgs/dataportal),0,0 – None,Worldwide weighted tariff average. Trade statistics only.,SDG-17,SDG-17.10,17.10.1,[INT-P-001]
SDG-162,Developing countries’ and least developed countries’ share of global exports,UN Sustainable Development Goals (SDGs),Enabling,Trade & Industry,Socio-economic statistic,,Global,,"UN General Assembly Resolution A/RES/71/313, Annex – Global Indicator Framework for the SDGs (2017). Indicator 17.11.1. https://unstats.un.org/sdgs/indicators/indicators-list/",UN Statistics Division – SDG Global Database (https://unstats.un.org/sdgs/dataportal),0,0 – None,Developing and least developed country share of global exports. Trade statistics only.,SDG-17,SDG-17.11,17.11.1,[INT-P-001]
SDG-163,"Weighted average tariffs faced by developing countries, least developed countries and small island developing States",UN Sustainable Development Goals (SDGs),Enabling,Trade & Industry,Socio-economic statistic,,Global,,"UN General Assembly Resolution A/RES/71/313, Annex – Global Indicator Framework for the SDGs (2017). Indicator 17.12.1. https://unstats.un.org/sdgs/indicators/indicators-list/",UN Statistics Division – SDG Global Database (https://unstats.un.org/sdgs/dataportal),0,0 – None,Weighted average tariffs faced by developing countries. Trade statistics only.,SDG-17,SDG-17.12,17.12.1,[INT-P-001]
SDG-164,Macroeconomic Dashboard,UN Sustainable Development Goals (SDGs),Enabling,Finance,Socio-economic statistic,,Global,,"UN General Assembly Resolution A/RES/71/313, Annex – Global Indicator Framework for the SDGs (2017). Indicator 17.13.1. https://unstats.un.org/sdgs/indicators/indicators-list/",UN Statistics Division – SDG Global Database (https://unstats.un.org/sdgs/dataportal),0,0 – None,Macroeconomic dashboard. Macroeconomic statistics only.,SDG-17,SDG-17.13,17.13.1,[INT-P-001]
SDG-165,Number of countries with mechanisms in place to enhance policy coherence of sustainable development,UN Sustainable Development Goals (SDGs),Enabling,"Governance, Society & Data",Policy / governance metric,,Global,,"UN General Assembly Resolution A/RES/71/313, Annex – Global Indicator Framework for the SDGs (2017). Indicator 17.14.1. https://unstats.un.org/sdgs/indicators/indicators-list/",UN Statistics Division – SDG Global Database (https://unstats.un.org/sdgs/dataportal),0,0 – None,Count of countries with policy coherence mechanisms. Administrative count.,SDG-17,SDG-17.14,17.14.1,[INT-P-001]
SDG-166,Extent of use of country-owned results frameworks and planning tools by providers of development cooperation,UN Sustainable Development Goals (SDGs),Enabling,"Governance, Society & Data",Policy / governance metric,,Global,,"UN General Assembly Resolution A/RES/71/313, Annex – Global Indicator Framework for the SDGs (2017). Indicator 17.15.1. https://unstats.un.org/sdgs/indicators/indicators-list/",UN Statistics Division – SDG Global Database (https://unstats.un.org/sdgs/dataportal),0,0 – None,Use of country-owned results frameworks by development cooperation providers. Administrative assessment.,SDG-17,SDG-17.15,17.15.1,[INT-P-001]
SDG-167,Number of countries reporting progress in multi-stakeholder development effectiveness monitoring frameworks that support the achievement of the sustainable development goals,UN Sustainable Development Goals (SDGs),Enabling,"Governance, Society & Data",Policy / governance metric,,Global,,"UN General Assembly Resolution A/RES/71/313, Annex – Global Indicator Framework for the SDGs (2017). Indicator 17.16.1. https://unstats.un.org/sdgs/indicators/indicators-list/",UN Statistics Division – SDG Global Database (https://unstats.un.org/sdgs/dataportal),0,0 – None,Countries reporting progress in development effectiveness monitoring. Administrative count.,SDG-17,SDG-17.16,17.16.1,[INT-P-001]
SDG-168,Amount in United States dollars committed to public-private partnerships for infrastructure,UN Sustainable Development Goals (SDGs),Enabling,Finance | Urban & Buildings,Expenditure,,Global,,"UN General Assembly Resolution A/RES/71/313, Annex – Global Indicator Framework for the SDGs (2017). Indicator 17.17.1. https://unstats.un.org/sdgs/indicators/indicators-list/",UN Statistics Division – SDG Global Database (https://unstats.un.org/sdgs/dataportal),0,0 – None,Value committed to public-private infrastructure partnerships. Financial accounting only.,SDG-17,SDG-17.17,17.17.1,[INT-P-001]
SDG-169,Statistical capacity indicator for Sustainable Development Goal monitoring,UN Sustainable Development Goals (SDGs),Enabling,"Governance, Society & Data",Policy / governance metric,,Global,,"UN General Assembly Resolution A/RES/71/313, Annex – Global Indicator Framework for the SDGs (2017). Indicator 17.18.1. https://unstats.un.org/sdgs/indicators/indicators-list/",UN Statistics Division – SDG Global Database (https://unstats.un.org/sdgs/dataportal),0,0 – None,Statistical capacity indicator. Administrative assessment.,SDG-17,SDG-17.18,17.18.1,[INT-P-001]
SDG-170,Number of countries that have national statistical legislation that complies with the Fundamental Principles of Official Statistics,UN Sustainable Development Goals (SDGs),Enabling,"Governance, Society & Data",Policy / governance metric,,Global,,"UN General Assembly Resolution A/RES/71/313, Annex – Global Indicator Framework for the SDGs (2017). Indicator 17.18.2. https://unstats.un.org/sdgs/indicators/indicators-list/",UN Statistics Division – SDG Global Database (https://unstats.un.org/sdgs/dataportal),0,0 – None,Countries with compliant national statistical legislation. Administrative count.,SDG-17,SDG-17.18,17.18.2,[INT-P-001]
SDG-171,"Number of countries with a national statistical plan that is fully funded and under implementation, by source of funding",UN Sustainable Development Goals (SDGs),Enabling,Finance,Policy / governance metric,,Global,,"UN General Assembly Resolution A/RES/71/313, Annex – Global Indicator Framework for the SDGs (2017). Indicator 17.18.3. https://unstats.un.org/sdgs/indicators/indicators-list/",UN Statistics Division – SDG Global Database (https://unstats.un.org/sdgs/dataportal),0,0 – None,Countries with a funded national statistical plan. Administrative count.,SDG-17,SDG-17.18,17.18.3,[INT-P-001]
SDG-172,Dollar value of all resources made available to strengthen statistical capacity in developing countries,UN Sustainable Development Goals (SDGs),Enabling,"Governance, Society & Data | Finance",Expenditure,,Global,,"UN General Assembly Resolution A/RES/71/313, Annex – Global Indicator Framework for the SDGs (2017). Indicator 17.19.1. https://unstats.un.org/sdgs/indicators/indicators-list/",UN Statistics Division – SDG Global Database (https://unstats.un.org/sdgs/dataportal),0,0 – None,Resources for statistical capacity in developing countries. Financial accounting only.,SDG-17,SDG-17.19,17.19.1,[INT-P-001]
SDG-173,Proportion of countries that (a) have conducted at least one population and housing census in the last 10 years; and (b) have achieved 100 per cent birth registration and 80 per cent death registration,UN Sustainable Development Goals (SDGs),Enabling,"Urban & Buildings | Governance, Society & Data",Policy / governance metric,,Global,,"UN General Assembly Resolution A/RES/71/313, Annex – Global Indicator Framework for the SDGs (2017). Indicator 17.19.2. https://unstats.un.org/sdgs/indicators/indicators-list/",UN Statistics Division – SDG Global Database (https://unstats.un.org/sdgs/dataportal),0,0 – None,Census and civil registration completeness. Administrative count.,SDG-17,SDG-17.19,17.19.2,[INT-P-001]
